user_id,fecha,edad,perfil,salario,vivienda,alimentacion,transporte,ocio,salud,educacion,otros,gasto_total,ahorro,tasa_ahorro_pct,perfil_ahorro,ipc_mensual,perfil_encoded,transacciones_mes,profile_source,language_hint
29468,2023-05,35,senior,5054.5,0.0,0.0,0.0,0.0,0.0,0.0,327.9,327.9,4726.6,93.51,buen_ahorrador,5.9,2,15,u82144157,generic
28875,2023-07,31,medio,1989.1,0.0,27.9,0.0,142.57,0.0,0.0,48.87,219.34,1769.76,88.97,buen_ahorrador,1.9,1,11,u98235448,generic
25120,2022-05,35,senior,10787.8,0.0,0.0,0.0,0.0,0.0,0.0,448.7,448.7,10339.1,95.84,buen_ahorrador,6.1,2,15,u82144157,generic
35001,2025-12,27,medio,2057.8,0.0,80.8,0.0,80.04,0.0,0.0,58.92,219.76,1838.04,89.32,buen_ahorrador,2.8,1,11,u98235448,generic
773,2023-05,40,senior,3366.6,0.0,0.0,0.0,0.0,0.0,0.0,335.2,335.2,3031.4,90.04,buen_ahorrador,5.9,2,12,u82144157,generic
26005,2025-05,34,senior,4468.0,0.0,0.0,0.0,0.0,0.0,0.0,377.2,377.2,4090.8,91.56,buen_ahorrador,2.8,2,13,u82144157,generic
23711,2024-01,29,senior,4714.0,0.0,0.0,0.0,0.0,0.0,0.0,426.1,426.1,4287.9,90.96,buen_ahorrador,3.4,2,14,u82144157,generic
8615,2026-03,40,medio,2105.5,0.0,189.2,0.0,105.5,0.0,0.0,74.5,369.2,1736.3,82.46,buen_ahorrador,2.8,1,16,u98235448,generic
4122,2023-01,36,senior,3144.1,0.0,0.0,0.0,0.0,0.0,0.0,409.7,409.7,2734.4,86.97,buen_ahorrador,5.9,2,12,u82144157,generic
414,2024-10,40,medio,1942.5,0.0,9.7,0.0,164.26,0.0,0.0,81.8,255.76,1686.74,86.83,buen_ahorrador,1.5,1,14,u98235448,generic
6143,2025-10,37,medio,1996.5,0.0,48.34,0.0,49.5,0.0,0.0,40.6,138.44,1858.06,93.07,buen_ahorrador,2.8,1,11,u98235448,generic
20054,2024-10,38,medio,2088.0,0.0,118.0,0.0,56.32,0.0,0.0,162.74,337.06,1750.94,83.86,buen_ahorrador,1.5,1,13,u98235448,generic
13732,2022-07,29,senior,3402.0,0.0,0.0,0.0,0.0,0.0,0.0,399.2,399.2,3002.8,88.27,buen_ahorrador,10.2,2,11,u82144157,generic
18976,2026-02,31,senior,5200.39,0.0,307.39,0.0,0.0,0.0,0.0,193.77,501.16,4699.23,90.36,buen_ahorrador,2.8,2,13,expenseCheck_u26350274,es
22853,2026-04,30,medio,1959.6,0.0,52.8,0.0,144.9,0.0,0.0,83.4,281.1,1678.5,85.66,buen_ahorrador,2.8,1,13,u98235448,generic
4134,2022-02,34,senior,3533.8,0.0,0.0,0.0,0.0,0.0,0.0,572.7,572.7,2961.1,83.79,buen_ahorrador,6.1,2,16,u82144157,generic
5721,2025-06,39,medio,2103.8,0.0,24.1,0.0,203.9,0.0,0.0,28.29,256.29,1847.51,87.82,buen_ahorrador,2.8,1,14,u98235448,generic
9977,2024-09,40,senior,5115.5,0.0,0.0,0.0,0.0,0.0,0.0,409.2,409.2,4706.3,92.0,buen_ahorrador,1.5,2,13,u82144157,generic
14373,2024-04,29,medio,1884.4,0.0,68.9,0.0,75.3,0.0,0.0,87.97,232.17,1652.23,87.68,buen_ahorrador,3.4,1,14,u98235448,generic
37843,2026-04,37,senior,6550.45,0.0,534.89,0.0,0.0,0.0,0.0,121.83,656.72,5893.73,89.97,buen_ahorrador,2.8,2,14,expenseCheck_u26350274,es
28838,2023-08,31,medio,2025.0,0.0,9.08,0.0,141.3,0.0,0.0,132.6,282.98,1742.02,86.03,buen_ahorrador,1.9,1,14,u98235448,generic
11184,2021-12,29,senior,5753.8,0.0,0.0,0.0,0.0,0.0,0.0,414.1,414.1,5339.7,92.8,buen_ahorrador,6.7,2,13,u82144157,generic
29473,2024-06,31,senior,3174.3,0.0,0.0,0.0,0.0,0.0,0.0,490.9,490.9,2683.4,84.54,buen_ahorrador,3.4,2,15,u82144157,generic
144,2022-04,27,senior,3351.2,0.0,0.0,0.0,0.0,0.0,0.0,336.6,336.6,3014.6,89.96,buen_ahorrador,6.1,2,11,u82144157,generic
4548,2023-06,36,senior,3513.6,0.0,0.0,0.0,0.0,0.0,0.0,333.6,333.6,3180.0,90.51,buen_ahorrador,1.9,2,12,u82144157,generic
7497,2025-11,28,senior,5822.1,0.0,1669.98,0.0,0.0,0.0,0.0,262.41,1932.39,3889.71,66.81,buen_ahorrador,2.8,2,14,expenseCheck_u26350274,es
5666,2023-08,27,senior,3366.0,0.0,0.0,0.0,0.0,0.0,0.0,386.2,386.2,2979.8,88.53,buen_ahorrador,1.9,2,12,u82144157,generic
30254,2025-06,27,senior,3415.6,0.0,0.0,0.0,0.0,0.0,0.0,498.2,498.2,2917.4,85.41,buen_ahorrador,2.8,2,16,u82144157,generic
12539,2023-10,35,senior,3316.4,0.0,0.0,0.0,0.0,0.0,0.0,429.5,429.5,2886.9,87.05,buen_ahorrador,1.9,2,15,u82144157,generic
4219,2022-11,40,senior,3342.8,0.0,0.0,0.0,0.0,0.0,0.0,286.6,286.6,3056.2,91.43,buen_ahorrador,10.2,2,11,u82144157,generic
4058,2024-05,32,senior,3209.7,0.0,0.0,0.0,0.0,0.0,0.0,420.6,420.6,2789.1,86.9,buen_ahorrador,3.4,2,14,u82144157,generic
9164,2026-03,38,junior,1548.22,0.0,0.0,0.0,0.0,0.0,0.0,363.44,363.44,1184.78,76.53,buen_ahorrador,2.8,0,12,u86382190,generic
4081,2022-01,35,senior,3528.8,0.0,0.0,0.0,0.0,0.0,0.0,340.4,340.4,3188.4,90.35,buen_ahorrador,6.1,2,11,u82144157,generic
6591,2025-06,34,senior,3201.4,0.0,0.0,0.0,0.0,0.0,0.0,431.6,431.6,2769.8,86.52,buen_ahorrador,2.8,2,13,u82144157,generic
19845,2026-07,29,medio,1954.55,8.52,1106.39,115.95,27.46,0.0,0.0,357.19,1615.51,339.04,17.35,buen_ahorrador,2.8,1,39,u74445512,de
16537,2024-11,35,medio,2160.0,0.0,91.53,0.0,243.87,0.0,0.0,36.47,371.87,1788.13,82.78,buen_ahorrador,1.5,1,15,u98235448,generic
29990,2023-07,39,medio,1974.51,0.0,54.4,0.0,72.2,0.0,0.0,133.3,259.9,1714.61,86.84,buen_ahorrador,1.9,1,14,u98235448,generic
30345,2023-04,36,senior,6294.0,0.0,0.0,0.0,0.0,0.0,0.0,421.9,421.9,5872.1,93.3,buen_ahorrador,5.9,2,14,u82144157,generic
425,2024-03,31,medio,2020.9,0.0,15.1,0.0,139.8,0.0,0.0,45.24,200.14,1820.76,90.1,buen_ahorrador,3.4,1,12,u98235448,generic
747,2025-01,38,senior,4667.8,0.0,0.0,0.0,0.0,0.0,0.0,365.5,365.5,4302.3,92.17,buen_ahorrador,2.8,2,12,u82144157,generic
29576,2025-09,39,senior,12031.66,0.0,537.22,0.0,0.0,0.0,0.0,272.11,809.33,11222.33,93.27,buen_ahorrador,2.8,2,15,expenseCheck_u26350274,es
27015,2025-01,30,medio,2024.9,0.0,30.8,0.0,148.21,0.0,0.0,120.8,299.81,1725.09,85.19,buen_ahorrador,2.8,1,13,u98235448,generic
27909,2024-11,39,medio,1980.2,0.0,119.3,0.0,46.35,0.0,0.0,112.78,278.43,1701.77,85.94,buen_ahorrador,1.5,1,11,u98235448,generic
280,2023-10,29,senior,3453.0,0.0,0.0,0.0,0.0,0.0,0.0,538.2,538.2,2914.8,84.41,buen_ahorrador,1.9,2,16,u82144157,generic
5960,2024-09,38,medio,1810.0,0.0,26.29,0.0,118.1,0.0,0.0,168.3,312.69,1497.31,82.72,buen_ahorrador,1.5,1,13,u98235448,generic
26695,2026-05,27,medio,1983.1,0.0,71.4,0.0,156.9,0.0,0.0,47.7,276.0,1707.1,86.08,buen_ahorrador,2.8,1,11,u98235448,generic
1545,2023-11,26,medio,1922.7,0.0,157.6,0.0,159.9,0.0,0.0,60.2,377.7,1545.0,80.36,buen_ahorrador,1.9,1,12,u98235448,generic
15378,2022-11,35,senior,3610.4,0.0,0.0,0.0,0.0,0.0,0.0,432.8,432.8,3177.6,88.01,buen_ahorrador,10.2,2,12,u82144157,generic
5111,2025-10,40,senior,8726.44,0.0,358.93,0.0,0.0,0.0,0.0,212.08,571.01,8155.43,93.46,buen_ahorrador,2.8,2,11,expenseCheck_u24629591,generic
13064,2022-06,40,senior,3561.5,0.0,0.0,0.0,0.0,0.0,0.0,336.1,336.1,3225.4,90.56,buen_ahorrador,10.2,2,12,u82144157,generic
10436,2024-03,36,senior,3496.4,0.0,0.0,0.0,0.0,0.0,0.0,262.6,262.6,3233.8,92.49,buen_ahorrador,3.4,2,10,u82144157,generic
31,2025-09,26,senior,6318.4,0.0,0.0,0.0,0.0,0.0,0.0,465.6,465.6,5852.8,92.63,buen_ahorrador,2.8,2,14,u82144157,generic
11628,2026-06,26,medio,2062.6,0.0,51.7,0.0,248.8,0.0,0.0,97.7,398.2,1664.4,80.69,buen_ahorrador,2.8,1,15,u98235448,generic
4043,2024-02,26,medio,1912.9,0.0,34.2,0.0,47.32,0.0,0.0,97.7,179.22,1733.68,90.63,buen_ahorrador,3.4,1,12,u98235448,generic
7492,2025-07,40,senior,8426.75,0.0,186.03,0.0,0.0,0.0,0.0,278.11,464.14,7962.61,94.49,buen_ahorrador,2.8,2,11,expenseCheck_u24629591,generic
4801,2025-09,38,senior,5724.75,0.0,394.02,0.0,0.0,0.0,0.0,659.92,1053.94,4670.81,81.59,buen_ahorrador,2.8,2,15,expenseCheck_u26350274,es
650,2023-03,30,senior,7721.5,0.0,0.0,0.0,0.0,0.0,0.0,250.7,250.7,7470.8,96.75,buen_ahorrador,5.9,2,12,u82144157,generic
23471,2025-08,28,medio,1964.0,0.0,68.71,0.0,153.61,0.0,0.0,209.59,431.91,1532.09,78.01,buen_ahorrador,2.8,1,15,u98235448,generic
27008,2025-01,29,senior,8813.1,0.0,0.0,0.0,0.0,0.0,0.0,341.3,341.3,8471.8,96.13,buen_ahorrador,2.8,2,14,u82144157,generic
4671,2024-09,32,senior,3594.1,0.0,0.0,0.0,0.0,0.0,0.0,325.2,325.2,3268.9,90.95,buen_ahorrador,1.5,2,11,u82144157,generic
10685,2026-04,38,senior,8806.6,0.0,180.73,0.0,0.0,0.0,0.0,247.94,428.67,8377.93,95.13,buen_ahorrador,2.8,2,10,expenseCheck_u24629591,generic
4602,2024-08,34,medio,1941.11,0.0,37.4,0.0,85.9,0.0,0.0,109.71,233.01,1708.1,88.0,buen_ahorrador,3.4,1,15,u98235448,generic
4313,2026-05,31,senior,8951.02,126.58,456.92,0.0,0.0,0.0,0.0,0.0,583.5,8367.52,93.48,buen_ahorrador,2.8,2,8,expenseCheck_u24629591,generic
18722,2026-04,30,senior,8870.84,0.0,64.24,0.0,0.0,0.0,0.0,520.25,584.49,8286.35,93.41,buen_ahorrador,2.8,2,10,expenseCheck_u24629591,generic
18784,2023-08,33,medio,1937.8,0.0,56.6,0.0,114.36,0.0,0.0,80.4,251.36,1686.44,87.03,buen_ahorrador,1.9,1,15,u98235448,generic
28181,2025-05,39,medio,2062.0,0.0,14.7,0.0,183.23,0.0,0.0,33.44,231.37,1830.63,88.78,buen_ahorrador,2.8,1,12,u98235448,generic
35662,2022-11,28,senior,3503.7,0.0,0.0,0.0,0.0,0.0,0.0,314.4,314.4,3189.3,91.03,buen_ahorrador,10.2,2,12,u82144157,generic
29578,2024-11,40,medio,2096.1,0.0,51.7,0.0,80.2,0.0,0.0,120.5,252.4,1843.7,87.96,buen_ahorrador,1.5,1,11,u98235448,generic
374,2022-10,32,senior,4200.0,0.0,0.0,0.0,0.0,0.0,0.0,373.3,373.3,3826.7,91.11,buen_ahorrador,10.2,2,12,u82144157,generic
36392,2025-09,33,senior,5462.45,0.0,360.12,0.0,0.0,0.0,0.0,237.88,598.0,4864.45,89.05,buen_ahorrador,2.8,2,12,expenseCheck_u26350274,es
4123,2026-04,27,junior,1445.19,0.0,0.0,0.0,0.0,0.0,0.0,338.71,338.71,1106.48,76.56,buen_ahorrador,2.8,0,11,u86382190,generic
4544,2026-06,40,medio,2216.99,3.0,90.76,9.94,52.29,0.0,0.0,423.79,579.78,1637.21,73.85,buen_ahorrador,2.8,1,31,u74445512,de
20055,2026-04,31,senior,8834.91,117.21,290.2,0.0,0.0,0.0,0.0,0.0,407.41,8427.5,95.39,buen_ahorrador,2.8,2,9,expenseCheck_u24629591,generic
500,2025-04,25,medio,1919.0,0.0,22.6,0.0,124.92,0.0,0.0,116.32,263.84,1655.16,86.25,buen_ahorrador,2.8,1,13,u98235448,generic
29348,2026-02,33,medio,1986.1,0.0,79.6,0.0,77.1,0.0,0.0,137.66,294.36,1691.74,85.18,buen_ahorrador,2.8,1,15,u98235448,generic
31201,2023-09,32,medio,2122.7,0.0,101.1,0.0,113.5,0.0,0.0,0.0,214.6,1908.1,89.89,buen_ahorrador,1.9,1,12,u98235448,generic
4899,2024-09,40,medio,1970.55,0.0,42.97,0.0,157.4,0.0,0.0,81.7,282.07,1688.48,85.69,buen_ahorrador,1.5,1,12,u98235448,generic
29473,2022-08,31,senior,3557.9,0.0,0.0,0.0,0.0,0.0,0.0,417.2,417.2,3140.7,88.27,buen_ahorrador,10.2,2,15,u82144157,generic
6229,2026-01,38,medio,2071.9,0.0,121.6,0.0,32.9,0.0,0.0,70.81,225.31,1846.59,89.13,buen_ahorrador,2.8,1,12,u98235448,generic
12471,2025-03,33,medio,1914.12,0.0,113.6,0.0,94.78,0.0,0.0,56.82,265.2,1648.92,86.15,buen_ahorrador,2.8,1,13,u98235448,generic
1739,2023-02,32,senior,3356.3,0.0,0.0,0.0,0.0,0.0,0.0,307.3,307.3,3049.0,90.84,buen_ahorrador,5.9,2,11,u82144157,generic
48,2024-07,28,senior,3517.4,0.0,0.0,0.0,0.0,0.0,0.0,419.2,419.2,3098.2,88.08,buen_ahorrador,3.4,2,13,u82144157,generic
10547,2026-07,37,junior,521.18,0.0,0.0,0.0,0.0,0.0,0.0,455.0,455.0,66.18,12.7,ahorro_moderado,2.8,0,14,u60341395,generic
11100,2026-03,25,senior,9164.59,109.85,309.6,0.0,0.0,0.0,0.0,427.52,846.97,8317.62,90.76,buen_ahorrador,2.8,2,8,expenseCheck_u24629591,generic
15202,2024-09,33,medio,1946.6,0.0,37.3,0.0,115.57,0.0,0.0,79.1,231.97,1714.63,88.08,buen_ahorrador,1.5,1,12,u98235448,generic
13990,2024-12,35,medio,2119.6,0.0,47.4,0.0,53.6,0.0,0.0,88.8,189.8,1929.8,91.05,buen_ahorrador,2.8,1,10,u98235448,generic
4771,2023-04,30,medio,1946.7,0.0,38.9,0.0,146.8,0.0,0.0,108.61,294.31,1652.39,84.88,buen_ahorrador,5.9,1,15,u98235448,generic
13765,2023-02,27,senior,5741.8,0.0,0.0,0.0,0.0,0.0,0.0,376.6,376.6,5365.2,93.44,buen_ahorrador,5.9,2,15,u82144157,generic
11486,2025-07,38,senior,9013.41,308.31,235.27,0.0,0.0,0.0,0.0,272.82,816.4,8197.01,90.94,buen_ahorrador,2.8,2,11,expenseCheck_u24629591,generic
14524,2025-11,38,medio,2042.9,0.0,18.4,0.0,105.8,0.0,0.0,53.2,177.4,1865.5,91.32,buen_ahorrador,2.8,1,10,u98235448,generic
4615,2024-12,34,senior,3421.3,0.0,0.0,0.0,0.0,0.0,0.0,418.7,418.7,3002.6,87.76,buen_ahorrador,2.8,2,11,u82144157,generic
29267,2025-09,28,senior,8671.32,0.0,460.5,0.0,0.0,0.0,0.0,286.05,746.55,7924.77,91.39,buen_ahorrador,2.8,2,8,expenseCheck_u24629591,generic
4632,2024-05,31,senior,5046.3,0.0,0.0,0.0,0.0,0.0,0.0,393.2,393.2,4653.1,92.21,buen_ahorrador,3.4,2,12,u82144157,generic
345,2021-10,34,senior,6886.9,0.0,0.0,0.0,0.0,0.0,0.0,272.1,272.1,6614.8,96.05,buen_ahorrador,6.7,2,12,u82144157,generic
26066,2026-07,28,junior,1547.5,0.0,0.0,0.0,0.0,0.0,0.0,2440.29,2440.29,-892.79,-57.69,ahorro_insuficiente,2.8,0,15,u83188312,generic
27744,2024-05,31,senior,3704.3,0.0,0.0,0.0,0.0,0.0,0.0,388.4,388.4,3315.9,89.51,buen_ahorrador,3.4,2,15,u82144157,generic
37834,2021-09,37,senior,3395.1,0.0,0.0,0.0,0.0,0.0,0.0,345.5,345.5,3049.6,89.82,buen_ahorrador,6.7,2,12,u82144157,generic
4662,2026-06,32,junior,379.4,0.0,0.0,0.0,0.0,0.0,0.0,290.04,290.04,89.36,23.55,buen_ahorrador,2.8,0,10,u60341395,generic
4122,2025-08,36,senior,3370.3,0.0,0.0,0.0,0.0,0.0,0.0,402.1,402.1,2968.2,88.07,buen_ahorrador,2.8,2,13,u82144157,generic
162,2025-07,29,senior,8889.35,0.0,0.0,0.0,0.0,0.0,0.0,699.21,699.21,8190.14,92.13,buen_ahorrador,2.8,2,8,expenseCheck_u24629591,generic
7066,2025-10,38,senior,3125.2,0.0,0.0,0.0,0.0,0.0,0.0,470.3,470.3,2654.9,84.95,buen_ahorrador,2.8,2,13,u82144157,generic
8563,2022-07,37,senior,4797.0,0.0,0.0,0.0,0.0,0.0,0.0,402.7,402.7,4394.3,91.61,buen_ahorrador,10.2,2,12,u82144157,generic
4119,2025-02,26,senior,4933.4,0.0,0.0,0.0,0.0,0.0,0.0,419.2,419.2,4514.2,91.5,buen_ahorrador,2.8,2,15,u82144157,generic
566,2026-06,38,medio,2151.7,25.86,491.82,597.11,0.0,0.0,0.0,383.4,1498.19,653.51,30.37,buen_ahorrador,2.8,1,31,u74445512,de
4748,2026-06,38,junior,1614.2,0.0,0.0,0.0,0.0,0.0,0.0,396.28,396.28,1217.92,75.45,buen_ahorrador,2.8,0,14,u83188312,generic
11330,2022-08,29,senior,3397.8,0.0,0.0,0.0,0.0,0.0,0.0,401.4,401.4,2996.4,88.19,buen_ahorrador,10.2,2,12,u82144157,generic
162,2025-12,29,senior,8845.92,0.0,222.83,0.0,0.0,0.0,0.0,119.01,341.84,8504.08,96.14,buen_ahorrador,2.8,2,7,expenseCheck_u24629591,generic
4498,2024-02,30,medio,1981.9,0.0,40.4,0.0,178.14,0.0,0.0,46.65,265.19,1716.71,86.62,buen_ahorrador,3.4,1,13,u98235448,generic
29292,2026-01,37,senior,8564.57,0.0,186.93,0.0,0.0,0.0,0.0,88.03,274.96,8289.61,96.79,buen_ahorrador,2.8,2,11,expenseCheck_u26350274,es
24663,2024-12,33,medio,2034.7,0.0,69.8,0.0,187.2,0.0,0.0,122.69,379.69,1655.01,81.34,buen_ahorrador,2.8,1,15,u98235448,generic
6020,2026-02,32,medio,2088.46,0.0,95.3,0.0,237.41,0.0,0.0,55.53,388.24,1700.22,81.41,buen_ahorrador,2.8,1,16,u98235448,generic
23656,2023-10,39,medio,1980.1,0.0,61.7,0.0,158.4,0.0,0.0,39.0,259.1,1721.0,86.91,buen_ahorrador,1.9,1,12,u98235448,generic
29556,2024-03,30,senior,3393.6,0.0,0.0,0.0,0.0,0.0,0.0,389.5,389.5,3004.1,88.52,buen_ahorrador,3.4,2,12,u82144157,generic
20743,2024-07,31,medio,1988.1,0.0,143.47,0.0,43.2,0.0,0.0,39.5,226.17,1761.93,88.62,buen_ahorrador,3.4,1,11,u98235448,generic
29387,2026-06,40,medio,2052.6,0.0,47.1,0.0,183.02,0.0,0.0,21.0,251.12,1801.48,87.77,buen_ahorrador,2.8,1,12,u98235448,generic
26187,2025-10,29,senior,8710.96,357.9,127.4,0.0,0.0,0.0,0.0,78.56,563.86,8147.1,93.53,buen_ahorrador,2.8,2,9,expenseCheck_u24629591,generic
25105,2023-07,36,senior,3409.5,0.0,0.0,0.0,0.0,0.0,0.0,487.8,487.8,2921.7,85.69,buen_ahorrador,1.9,2,12,u82144157,generic
171,2024-06,26,medio,2072.0,0.0,32.3,0.0,134.83,0.0,0.0,77.6,244.73,1827.27,88.19,buen_ahorrador,3.4,1,10,u98235448,generic
9255,2024-04,34,medio,2097.7,0.0,121.1,0.0,136.7,0.0,0.0,9.0,266.8,1830.9,87.28,buen_ahorrador,3.4,1,16,u98235448,generic
888,2025-11,32,senior,3298.8,0.0,0.0,0.0,0.0,0.0,0.0,477.0,477.0,2821.8,85.54,buen_ahorrador,2.8,2,13,u82144157,generic
20818,2021-09,31,senior,3417.4,0.0,0.0,0.0,0.0,0.0,0.0,348.6,348.6,3068.8,89.8,buen_ahorrador,6.7,2,10,u82144157,generic
603,2024-08,26,senior,3290.0,0.0,0.0,0.0,0.0,0.0,0.0,403.6,403.6,2886.4,87.73,buen_ahorrador,3.4,2,13,u82144157,generic
29555,2023-09,31,senior,3566.1,0.0,0.0,0.0,0.0,0.0,0.0,281.3,281.3,3284.8,92.11,buen_ahorrador,1.9,2,11,u82144157,generic
13913,2024-05,36,medio,1979.9,0.0,108.2,0.0,128.03,0.0,0.0,115.9,352.13,1627.77,82.21,buen_ahorrador,3.4,1,15,u98235448,generic
25692,2024-06,33,senior,3397.2,0.0,0.0,0.0,0.0,0.0,0.0,380.8,380.8,3016.4,88.79,buen_ahorrador,3.4,2,12,u82144157,generic
12445,2022-09,31,senior,6824.6,0.0,0.0,0.0,0.0,0.0,0.0,341.5,341.5,6483.1,95.0,buen_ahorrador,10.2,2,16,u82144157,generic
29292,2025-10,37,senior,6513.81,0.0,112.99,0.0,0.0,0.0,0.0,345.8,458.79,6055.02,92.96,buen_ahorrador,2.8,2,13,expenseCheck_u26350274,es
4731,2023-03,34,senior,5520.3,0.0,0.0,0.0,0.0,0.0,0.0,354.7,354.7,5165.6,93.57,buen_ahorrador,5.9,2,13,u82144157,generic
8140,2025-12,27,senior,5437.55,0.0,414.13,0.0,0.0,0.0,0.0,222.54,636.67,4800.88,88.29,buen_ahorrador,2.8,2,11,expenseCheck_u26350274,es
23445,2026-01,38,senior,5443.84,0.0,672.72,0.0,0.0,0.0,0.0,280.62,953.34,4490.5,82.49,buen_ahorrador,2.8,2,16,expenseCheck_u26350274,es
29254,2024-03,31,medio,1981.2,0.0,69.7,0.0,97.7,0.0,0.0,103.8,271.2,1710.0,86.31,buen_ahorrador,3.4,1,11,u98235448,generic
4648,2025-04,35,senior,3313.6,0.0,0.0,0.0,0.0,0.0,0.0,382.4,382.4,2931.2,88.46,buen_ahorrador,2.8,2,12,u82144157,generic
4140,2024-12,38,medio,2091.91,0.0,85.6,0.0,29.0,0.0,0.0,79.8,194.4,1897.51,90.71,buen_ahorrador,2.8,1,11,u98235448,generic
29628,2024-10,37,senior,3359.7,0.0,0.0,0.0,0.0,0.0,0.0,306.3,306.3,3053.4,90.88,buen_ahorrador,1.5,2,12,u82144157,generic
15113,2026-07,38,junior,1666.5,0.0,0.0,0.0,0.0,0.0,0.0,563.3,563.3,1103.2,66.2,buen_ahorrador,2.8,0,11,u83188312,generic
20717,2024-05,35,medio,2133.0,0.0,32.1,0.0,42.4,0.0,0.0,82.43,156.93,1976.07,92.64,buen_ahorrador,3.4,1,11,u98235448,generic
4042,2024-03,29,senior,3541.4,0.0,0.0,0.0,0.0,0.0,0.0,509.3,509.3,3032.1,85.62,buen_ahorrador,3.4,2,16,u82144157,generic
8672,2025-07,33,senior,3389.7,0.0,0.0,0.0,0.0,0.0,0.0,315.2,315.2,3074.5,90.7,buen_ahorrador,2.8,2,12,u82144157,generic
4197,2022-03,25,senior,4632.3,0.0,0.0,0.0,0.0,0.0,0.0,300.4,300.4,4331.9,93.52,buen_ahorrador,6.1,2,12,u82144157,generic
19442,2025-09,35,senior,5306.11,0.0,363.55,0.0,0.0,0.0,0.0,99.04,462.59,4843.52,91.28,buen_ahorrador,2.8,2,11,expenseCheck_u26350274,es
21152,2025-09,26,senior,9161.4,0.0,434.4,0.0,0.0,0.0,0.0,106.99,541.39,8620.01,94.09,buen_ahorrador,2.8,2,10,expenseCheck_u24629591,generic
4240,2022-01,32,senior,4646.3,0.0,0.0,0.0,0.0,0.0,0.0,501.1,501.1,4145.2,89.22,buen_ahorrador,6.1,2,15,u82144157,generic
27764,2026-02,30,senior,8787.96,0.0,317.98,0.0,0.0,0.0,0.0,36.1,354.08,8433.88,95.97,buen_ahorrador,2.8,2,8,expenseCheck_u24629591,generic
26967,2026-01,31,junior,1560.66,0.0,0.0,0.0,0.0,0.0,0.0,380.84,380.84,1179.82,75.6,buen_ahorrador,2.8,0,14,u86382190,generic
29572,2024-01,26,medio,1914.7,0.0,34.2,0.0,128.64,0.0,0.0,112.1,274.94,1639.76,85.64,buen_ahorrador,3.4,1,15,u98235448,generic
91,2025-08,39,senior,8606.02,226.99,239.29,0.0,0.0,0.0,0.0,321.74,788.02,7818.0,90.84,buen_ahorrador,2.8,2,9,expenseCheck_u24629591,generic
37830,2025-02,29,medio,2008.4,0.0,66.8,0.0,163.6,0.0,0.0,53.61,284.01,1724.39,85.86,buen_ahorrador,2.8,1,14,u98235448,generic
4892,2025-12,36,senior,9012.16,0.0,226.32,0.0,0.0,0.0,0.0,36.91,263.23,8748.93,97.08,buen_ahorrador,2.8,2,7,expenseCheck_u24629591,generic
1716,2026-06,35,senior,5653.01,0.0,300.66,0.0,0.0,0.0,0.0,187.9,488.56,5164.45,91.36,buen_ahorrador,2.8,2,15,expenseCheck_u26350274,es
13190,2026-07,26,medio,1815.24,0.0,147.2,177.63,0.0,0.0,0.0,801.82,1126.65,688.59,37.93,buen_ahorrador,2.8,1,33,u74445512,de
31691,2025-03,36,medio,1963.7,0.0,53.59,0.0,105.7,0.0,0.0,49.28,208.57,1755.13,89.38,buen_ahorrador,2.8,1,14,u98235448,generic
12131,2023-07,39,medio,1966.3,0.0,41.1,0.0,136.15,0.0,0.0,70.2,247.45,1718.85,87.42,buen_ahorrador,1.9,1,12,u98235448,generic
13475,2022-01,27,senior,3625.1,0.0,0.0,0.0,0.0,0.0,0.0,318.4,318.4,3306.7,91.22,buen_ahorrador,6.1,2,12,u82144157,generic
11888,2025-10,28,senior,3688.7,0.0,0.0,0.0,0.0,0.0,0.0,394.3,394.3,3294.4,89.31,buen_ahorrador,2.8,2,13,u82144157,generic
8410,2026-06,34,junior,1626.07,0.0,0.0,0.0,0.0,0.0,0.0,415.96,415.96,1210.11,74.42,buen_ahorrador,2.8,0,13,u86382190,generic
13927,2026-06,39,junior,1693.9,0.0,0.0,0.0,0.0,0.0,0.0,561.04,561.04,1132.86,66.88,buen_ahorrador,2.8,0,10,u83188312,generic
6890,2025-02,26,medio,1819.88,0.0,65.6,0.0,162.9,0.0,0.0,0.0,228.5,1591.38,87.44,buen_ahorrador,2.8,1,13,u98235448,generic
29409,2024-06,34,senior,4993.3,0.0,0.0,0.0,0.0,0.0,0.0,223.4,223.4,4769.9,95.53,buen_ahorrador,3.4,2,10,u82144157,generic
19534,2026-01,40,junior,1683.82,0.0,0.0,0.0,0.0,0.0,0.0,407.55,407.55,1276.27,75.8,buen_ahorrador,2.8,0,15,u86382190,generic
20792,2024-01,27,medio,1971.6,0.0,6.04,0.0,127.0,0.0,0.0,189.14,322.18,1649.42,83.66,buen_ahorrador,3.4,1,14,u98235448,generic
14022,2026-06,29,medio,2368.98,0.0,1167.72,57.52,24.36,0.0,0.0,376.78,1626.38,742.6,31.35,buen_ahorrador,2.8,1,34,u74445512,de
67,2025-12,34,medio,1963.6,0.0,35.11,0.0,146.69,0.0,0.0,156.28,338.08,1625.52,82.78,buen_ahorrador,2.8,1,13,u98235448,generic
607,2025-01,40,medio,1952.36,0.0,138.08,0.0,240.8,0.0,0.0,0.0,378.88,1573.48,80.59,buen_ahorrador,2.8,1,11,u98235448,generic
4043,2024-12,26,medio,2145.2,0.0,109.81,0.0,81.86,0.0,0.0,73.5,265.17,1880.03,87.64,buen_ahorrador,2.8,1,13,u98235448,generic
7489,2023-12,27,medio,2181.9,0.0,98.9,0.0,129.21,0.0,0.0,111.72,339.83,1842.07,84.43,buen_ahorrador,3.3,1,14,u98235448,generic
17899,2022-12,26,senior,3678.1,0.0,0.0,0.0,0.0,0.0,0.0,331.7,331.7,3346.4,90.98,buen_ahorrador,5.7,2,11,u82144157,generic
399,2024-06,25,senior,3446.7,0.0,0.0,0.0,0.0,0.0,0.0,379.9,379.9,3066.8,88.98,buen_ahorrador,3.4,2,12,u82144157,generic
29570,2026-07,27,senior,5497.11,0.0,427.38,0.0,0.0,0.0,0.0,141.91,569.29,4927.82,89.64,buen_ahorrador,2.8,2,12,expenseCheck_u26350274,es
5778,2024-04,37,senior,5579.8,0.0,0.0,0.0,0.0,0.0,0.0,230.9,230.9,5348.9,95.86,buen_ahorrador,3.4,2,10,u82144157,generic
29460,2025-07,36,medio,1953.2,0.0,7.08,0.0,47.6,0.0,0.0,41.4,96.08,1857.12,95.08,buen_ahorrador,2.8,1,12,u98235448,generic
22337,2023-04,25,senior,3332.8,0.0,0.0,0.0,0.0,0.0,0.0,364.2,364.2,2968.6,89.07,buen_ahorrador,5.9,2,10,u82144157,generic
12959,2022-04,28,senior,3573.6,0.0,0.0,0.0,0.0,0.0,0.0,420.5,420.5,3153.1,88.23,buen_ahorrador,6.1,2,12,u82144157,generic
32940,2026-04,33,medio,1967.3,0.0,11.1,0.0,108.4,0.0,0.0,130.56,250.06,1717.24,87.29,buen_ahorrador,2.8,1,14,u98235448,generic
10076,2022-11,31,senior,4963.1,0.0,0.0,0.0,0.0,0.0,0.0,357.5,357.5,4605.6,92.8,buen_ahorrador,10.2,2,12,u82144157,generic
29491,2024-03,28,senior,3618.7,0.0,0.0,0.0,0.0,0.0,0.0,372.4,372.4,3246.3,89.71,buen_ahorrador,3.4,2,11,u82144157,generic
19199,2026-01,30,senior,5071.71,0.0,198.57,0.0,57.7,0.0,0.0,149.91,406.18,4665.53,91.99,buen_ahorrador,2.8,2,11,expenseCheck_u26350274,es
29513,2023-02,40,senior,3325.8,0.0,0.0,0.0,0.0,0.0,0.0,503.8,503.8,2822.0,84.85,buen_ahorrador,5.9,2,14,u82144157,generic
782,2026-06,26,junior,1582.3,0.0,0.0,0.0,0.0,0.0,0.0,974.96,974.96,607.34,38.38,buen_ahorrador,2.8,0,11,u83188312,generic
30374,2026-03,28,junior,1604.9,0.0,0.0,0.0,0.0,0.0,0.0,365.23,365.23,1239.67,77.24,buen_ahorrador,2.8,0,14,u86382190,generic
29365,2025-02,26,medio,1964.3,0.0,122.1,0.0,52.0,0.0,0.0,58.3,232.4,1731.9,88.17,buen_ahorrador,2.8,1,13,u98235448,generic
37835,2024-09,31,senior,3416.7,0.0,0.0,0.0,0.0,0.0,0.0,270.1,270.1,3146.6,92.09,buen_ahorrador,1.5,2,12,u82144157,generic
6016,2024-03,27,senior,3411.4,0.0,0.0,0.0,0.0,0.0,0.0,445.4,445.4,2966.0,86.94,buen_ahorrador,3.4,2,14,u82144157,generic
4297,2023-11,29,senior,3186.0,0.0,0.0,0.0,0.0,0.0,0.0,498.8,498.8,2687.2,84.34,buen_ahorrador,1.9,2,15,u82144157,generic
29363,2022-05,40,senior,3413.4,0.0,0.0,0.0,0.0,0.0,0.0,346.1,346.1,3067.3,89.86,buen_ahorrador,6.1,2,12,u82144157,generic
4297,2023-02,29,senior,5700.5,0.0,0.0,0.0,0.0,0.0,0.0,325.1,325.1,5375.4,94.3,buen_ahorrador,5.9,2,13,u82144157,generic
18827,2026-06,38,senior,6455.63,0.0,548.08,0.0,0.0,0.0,0.0,21.22,569.3,5886.33,91.18,buen_ahorrador,2.8,2,13,expenseCheck_u26350274,es
4668,2025-04,34,medio,1870.1,0.0,78.64,0.0,95.1,0.0,0.0,50.4,224.14,1645.96,88.01,buen_ahorrador,2.8,1,12,u98235448,generic
5723,2026-04,39,senior,9067.33,0.0,40.81,0.0,0.0,0.0,0.0,423.84,464.65,8602.68,94.88,buen_ahorrador,2.8,2,9,expenseCheck_u24629591,generic
22375,2023-08,37,senior,3429.6,0.0,0.0,0.0,0.0,0.0,0.0,551.3,551.3,2878.3,83.93,buen_ahorrador,1.9,2,15,u82144157,generic
39141,2025-01,34,senior,4445.7,0.0,0.0,0.0,0.0,0.0,0.0,274.3,274.3,4171.4,93.83,buen_ahorrador,2.8,2,12,u82144157,generic
29363,2022-10,40,senior,3167.8,0.0,0.0,0.0,0.0,0.0,0.0,364.8,364.8,2803.0,88.48,buen_ahorrador,10.2,2,13,u82144157,generic
12600,2025-11,38,senior,5116.93,0.0,729.09,0.0,0.0,0.0,0.0,443.7,1172.79,3944.14,77.08,buen_ahorrador,2.8,2,15,expenseCheck_u26350274,es
17967,2026-02,40,senior,8726.54,0.0,125.31,0.0,0.0,0.0,0.0,123.33,248.64,8477.9,97.15,buen_ahorrador,2.8,2,8,expenseCheck_u24629591,generic
12399,2023-02,29,senior,6444.5,0.0,0.0,0.0,0.0,0.0,0.0,323.0,323.0,6121.5,94.99,buen_ahorrador,5.9,2,15,u82144157,generic
35662,2024-07,28,senior,4783.2,0.0,0.0,0.0,0.0,0.0,0.0,447.6,447.6,4335.6,90.64,buen_ahorrador,3.4,2,14,u82144157,generic
9452,2022-09,32,senior,3457.4,0.0,0.0,0.0,0.0,0.0,0.0,368.1,368.1,3089.3,89.35,buen_ahorrador,10.2,2,12,u82144157,generic
7837,2024-12,36,medio,2054.8,0.0,79.6,0.0,35.74,0.0,0.0,108.3,223.64,1831.16,89.12,buen_ahorrador,2.8,1,13,u98235448,generic
35117,2025-05,35,medio,2071.1,0.0,90.5,0.0,89.5,0.0,0.0,71.25,251.25,1819.85,87.87,buen_ahorrador,2.8,1,13,u98235448,generic
19184,2025-12,35,medio,2033.0,0.0,225.7,0.0,37.5,0.0,0.0,80.3,343.5,1689.5,83.1,buen_ahorrador,2.8,1,15,u98235448,generic
1732,2026-06,38,junior,1713.1,0.0,0.0,0.0,0.0,0.0,0.0,461.75,461.75,1251.35,73.05,buen_ahorrador,2.8,0,12,u83188312,generic
16551,2025-08,38,medio,2022.5,0.0,164.32,0.0,28.8,0.0,0.0,142.1,335.22,1687.28,83.43,buen_ahorrador,2.8,1,16,u98235448,generic
6832,2023-07,38,medio,2037.0,0.0,35.7,0.0,142.28,0.0,0.0,121.2,299.18,1737.82,85.31,buen_ahorrador,1.9,1,14,u98235448,generic
16504,2024-01,36,senior,5535.1,0.0,0.0,0.0,0.0,0.0,0.0,390.0,390.0,5145.1,92.95,buen_ahorrador,3.4,2,14,u82144157,generic
12929,2025-07,26,senior,5094.1,0.0,0.0,0.0,0.0,0.0,0.0,343.2,343.2,4750.9,93.26,buen_ahorrador,2.8,2,15,u82144157,generic
8682,2026-04,40,senior,8950.83,40.8,184.03,0.0,0.0,0.0,0.0,132.97,357.8,8593.03,96.0,buen_ahorrador,2.8,2,8,expenseCheck_u24629591,generic
5565,2024-02,37,senior,3580.3,0.0,0.0,0.0,0.0,0.0,0.0,384.8,384.8,3195.5,89.25,buen_ahorrador,3.4,2,12,u82144157,generic
9683,2025-01,38,medio,1930.4,0.0,0.0,0.0,230.1,0.0,0.0,22.8,252.9,1677.5,86.9,buen_ahorrador,2.8,1,12,u98235448,generic
24617,2023-04,32,medio,2013.2,0.0,115.6,0.0,117.2,0.0,0.0,14.2,247.0,1766.2,87.73,buen_ahorrador,5.9,1,11,u98235448,generic
37468,2025-02,27,medio,2027.0,0.0,141.9,0.0,151.8,0.0,0.0,30.4,324.1,1702.9,84.01,buen_ahorrador,2.8,1,14,u98235448,generic
18164,2025-08,40,senior,3251.5,0.0,0.0,0.0,0.0,0.0,0.0,515.8,515.8,2735.7,84.14,buen_ahorrador,2.8,2,16,u82144157,generic
11240,2026-07,36,junior,439.5,0.0,0.0,0.0,0.0,0.0,0.0,412.86,412.86,26.64,6.06,ahorro_moderado,2.8,0,11,u60341395,generic
29444,2021-11,30,senior,3325.4,0.0,0.0,0.0,0.0,0.0,0.0,391.3,391.3,2934.1,88.23,buen_ahorrador,6.7,2,13,u82144157,generic
32311,2024-08,35,senior,3651.9,0.0,0.0,0.0,0.0,0.0,0.0,472.2,472.2,3179.7,87.07,buen_ahorrador,3.4,2,14,u82144157,generic
20088,2026-02,25,medio,2066.2,0.0,132.1,0.0,110.51,0.0,0.0,111.0,353.61,1712.59,82.89,buen_ahorrador,2.8,1,14,u98235448,generic
31539,2023-09,33,medio,2066.1,0.0,13.13,0.0,85.44,0.0,0.0,78.6,177.17,1888.93,91.42,buen_ahorrador,1.9,1,13,u98235448,generic
7762,2024-09,28,medio,1907.8,0.0,28.6,0.0,109.31,0.0,0.0,127.85,265.76,1642.04,86.07,buen_ahorrador,1.5,1,15,u98235448,generic
16530,2024-11,39,medio,2065.7,0.0,10.5,0.0,97.92,0.0,0.0,50.18,158.6,1907.1,92.32,buen_ahorrador,1.5,1,10,u98235448,generic
28822,2025-10,25,senior,9004.42,155.71,692.21,0.0,0.0,0.0,0.0,170.54,1018.46,7985.96,88.69,buen_ahorrador,2.8,2,11,expenseCheck_u24629591,generic
20799,2026-04,39,medio,2028.4,0.0,34.5,0.0,49.6,0.0,0.0,32.16,116.26,1912.14,94.27,buen_ahorrador,2.8,1,11,u98235448,generic
34301,2025-11,26,medio,1885.0,0.0,12.5,0.0,72.24,0.0,0.0,66.7,151.44,1733.56,91.97,buen_ahorrador,2.8,1,11,u98235448,generic
5511,2023-07,34,senior,3511.6,0.0,0.0,0.0,0.0,0.0,0.0,348.8,348.8,3162.8,90.07,buen_ahorrador,1.9,2,11,u82144157,generic
4130,2023-02,26,senior,5937.6,0.0,0.0,0.0,0.0,0.0,0.0,478.0,478.0,5459.6,91.95,buen_ahorrador,5.9,2,13,u82144157,generic
29363,2023-05,40,senior,3666.6,0.0,0.0,0.0,0.0,0.0,0.0,399.4,399.4,3267.2,89.11,buen_ahorrador,5.9,2,15,u82144157,generic
12826,2025-08,40,senior,6186.92,0.0,281.89,0.0,0.0,0.0,0.0,472.12,754.01,5432.91,87.81,buen_ahorrador,2.8,2,14,expenseCheck_u26350274,es
6994,2022-05,35,senior,3451.2,0.0,0.0,0.0,0.0,0.0,0.0,333.5,333.5,3117.7,90.34,buen_ahorrador,6.1,2,11,u82144157,generic
28040,2026-04,33,medio,2079.5,0.0,30.8,0.0,8.0,0.0,0.0,177.02,215.82,1863.68,89.62,buen_ahorrador,2.8,1,11,u98235448,generic
1701,2025-01,38,medio,1975.6,0.0,44.12,0.0,161.0,0.0,0.0,99.3,304.42,1671.18,84.59,buen_ahorrador,2.8,1,16,u98235448,generic
609,2024-09,34,senior,3276.5,0.0,0.0,0.0,0.0,0.0,0.0,338.9,338.9,2937.6,89.66,buen_ahorrador,1.5,2,10,u82144157,generic
39723,2025-01,32,senior,3716.3,0.0,0.0,0.0,0.0,0.0,0.0,295.1,295.1,3421.2,92.06,buen_ahorrador,2.8,2,12,u82144157,generic
162,2025-08,29,senior,8551.71,0.0,224.75,0.0,0.0,0.0,0.0,206.68,431.43,8120.28,94.96,buen_ahorrador,2.8,2,10,expenseCheck_u24629591,generic
18337,2024-08,37,senior,3363.4,0.0,0.0,0.0,0.0,0.0,0.0,452.9,452.9,2910.5,86.53,buen_ahorrador,3.4,2,15,u82144157,generic
29491,2024-06,28,senior,4360.8,0.0,0.0,0.0,0.0,0.0,0.0,406.8,406.8,3954.0,90.67,buen_ahorrador,3.4,2,15,u82144157,generic
26334,2026-06,25,junior,1618.3,0.0,0.0,0.0,0.0,0.0,0.0,756.0,756.0,862.3,53.28,buen_ahorrador,2.8,0,12,u83188312,generic
73,2026-02,37,junior,1651.0,0.0,0.0,0.0,0.0,0.0,0.0,228.43,228.43,1422.57,86.16,buen_ahorrador,2.8,0,10,u86382190,generic
4081,2023-03,35,senior,4569.6,0.0,0.0,0.0,0.0,0.0,0.0,426.4,426.4,4143.2,90.67,buen_ahorrador,5.9,2,14,u82144157,generic
10663,2025-08,28,senior,4398.8,0.0,0.0,0.0,0.0,0.0,0.0,467.1,467.1,3931.7,89.38,buen_ahorrador,2.8,2,15,u82144157,generic
32326,2026-01,31,senior,5665.87,0.0,173.07,0.0,0.0,0.0,0.0,297.13,470.2,5195.67,91.7,buen_ahorrador,2.8,2,11,expenseCheck_u26350274,es
4149,2026-07,39,junior,1601.0,0.0,0.0,0.0,0.0,0.0,0.0,7224.89,7224.89,-5623.89,-351.27,ahorro_insuficiente,2.8,0,14,u83188312,generic
39511,2023-12,28,medio,2067.4,0.0,103.5,0.0,70.3,0.0,0.0,175.47,349.27,1718.13,83.11,buen_ahorrador,3.3,1,16,u98235448,generic
13982,2025-09,27,senior,5976.99,0.0,344.0,0.0,0.0,0.0,0.0,0.0,344.0,5632.99,94.24,buen_ahorrador,2.8,2,11,expenseCheck_u26350274,es
4903,2024-11,33,medio,1936.0,0.0,59.4,0.0,49.6,0.0,0.0,63.0,172.0,1764.0,91.12,buen_ahorrador,1.5,1,12,u98235448,generic
31963,2024-01,36,medio,1979.1,0.0,115.76,0.0,74.4,0.0,0.0,63.89,254.05,1725.05,87.16,buen_ahorrador,3.4,1,12,u98235448,generic
25882,2021-11,29,senior,3558.9,0.0,0.0,0.0,0.0,0.0,0.0,467.3,467.3,3091.6,86.87,buen_ahorrador,6.7,2,16,u82144157,generic
4606,2023-12,32,senior,3404.3,0.0,0.0,0.0,0.0,0.0,0.0,397.2,397.2,3007.1,88.33,buen_ahorrador,3.3,2,12,u82144157,generic
25207,2023-04,29,senior,3381.6,0.0,0.0,0.0,0.0,0.0,0.0,522.5,522.5,2859.1,84.55,buen_ahorrador,5.9,2,15,u82144157,generic
18068,2023-12,38,senior,3701.4,0.0,0.0,0.0,0.0,0.0,0.0,441.9,441.9,3259.5,88.06,buen_ahorrador,3.3,2,15,u82144157,generic
31532,2026-03,34,junior,1600.84,0.0,0.0,0.0,0.0,0.0,0.0,394.36,394.36,1206.48,75.37,buen_ahorrador,2.8,0,10,u86382190,generic
5850,2022-02,38,senior,3612.5,0.0,0.0,0.0,0.0,0.0,0.0,364.2,364.2,3248.3,89.92,buen_ahorrador,6.1,2,11,u82144157,generic
10,2024-08,33,senior,5435.3,0.0,0.0,0.0,0.0,0.0,0.0,256.1,256.1,5179.2,95.29,buen_ahorrador,3.4,2,11,u82144157,generic
26166,2024-05,36,senior,6793.8,0.0,0.0,0.0,0.0,0.0,0.0,323.8,323.8,6470.0,95.23,buen_ahorrador,3.4,2,15,u82144157,generic
8854,2024-02,25,senior,4496.6,0.0,0.0,0.0,0.0,0.0,0.0,357.4,357.4,4139.2,92.05,buen_ahorrador,3.4,2,15,u82144157,generic
33739,2024-12,39,senior,3216.7,0.0,0.0,0.0,0.0,0.0,0.0,409.2,409.2,2807.5,87.28,buen_ahorrador,2.8,2,14,u82144157,generic
31,2023-10,26,senior,3536.5,0.0,0.0,0.0,0.0,0.0,0.0,412.9,412.9,3123.6,88.32,buen_ahorrador,1.9,2,11,u82144157,generic
4663,2021-12,27,senior,3434.2,0.0,0.0,0.0,0.0,0.0,0.0,484.6,484.6,2949.6,85.89,buen_ahorrador,6.7,2,14,u82144157,generic
14530,2023-06,40,medio,2132.4,0.0,15.6,0.0,176.2,0.0,0.0,215.57,407.37,1725.03,80.9,buen_ahorrador,1.9,1,16,u98235448,generic
36995,2025-08,33,freelance,5138.5,0.0,0.0,0.0,0.0,0.0,0.0,442.4,442.4,4696.1,91.39,buen_ahorrador,2.8,3,15,u82144157,generic
4125,2023-06,33,medio,1878.6,0.0,43.5,0.0,178.07,0.0,0.0,128.14,349.71,1528.89,81.38,buen_ahorrador,1.9,1,15,u98235448,generic
8051,2022-12,38,senior,3605.0,0.0,0.0,0.0,0.0,0.0,0.0,469.5,469.5,3135.5,86.98,buen_ahorrador,5.7,2,15,u82144157,generic
31139,2023-09,31,senior,4834.1,0.0,0.0,0.0,0.0,0.0,0.0,217.9,217.9,4616.2,95.49,buen_ahorrador,1.9,2,10,u82144157,generic
11614,2024-08,37,senior,5173.9,0.0,0.0,0.0,0.0,0.0,0.0,377.1,377.1,4796.8,92.71,buen_ahorrador,3.4,2,13,u82144157,generic
26360,2026-02,35,medio,2032.44,0.0,107.45,0.0,49.8,0.0,0.0,72.6,229.85,1802.59,88.69,buen_ahorrador,2.8,1,14,u98235448,generic
12384,2023-07,38,senior,6067.5,0.0,0.0,0.0,0.0,0.0,0.0,278.6,278.6,5788.9,95.41,buen_ahorrador,1.9,2,11,u82144157,generic
39537,2022-04,28,senior,5518.2,0.0,0.0,0.0,0.0,0.0,0.0,506.7,506.7,5011.5,90.82,buen_ahorrador,6.1,2,15,u82144157,generic
6882,2026-04,37,medio,1861.2,0.0,143.2,0.0,130.35,0.0,0.0,86.7,360.25,1500.95,80.64,buen_ahorrador,2.8,1,15,u98235448,generic
31564,2021-12,25,senior,3440.3,0.0,0.0,0.0,0.0,0.0,0.0,370.7,370.7,3069.6,89.22,buen_ahorrador,6.7,2,12,u82144157,generic
609,2022-02,34,senior,3282.7,0.0,0.0,0.0,0.0,0.0,0.0,429.3,429.3,2853.4,86.92,buen_ahorrador,6.1,2,13,u82144157,generic
4668,2025-09,34,medio,2015.5,0.0,88.5,0.0,116.75,0.0,0.0,95.3,300.55,1714.95,85.09,buen_ahorrador,2.8,1,14,u98235448,generic
355,2026-03,30,medio,1963.9,0.0,22.6,0.0,225.75,0.0,0.0,94.2,342.55,1621.35,82.56,buen_ahorrador,2.8,1,15,u98235448,generic
25,2022-05,27,senior,3656.8,0.0,0.0,0.0,0.0,0.0,0.0,296.3,296.3,3360.5,91.9,buen_ahorrador,6.1,2,12,u82144157,generic
7555,2025-10,28,senior,5656.93,0.0,626.54,0.0,0.0,0.0,0.0,142.89,769.43,4887.5,86.4,buen_ahorrador,2.8,2,13,expenseCheck_u26350274,es
36014,2025-10,32,senior,5190.74,0.0,485.59,0.0,0.0,0.0,0.0,157.23,642.82,4547.92,87.62,buen_ahorrador,2.8,2,13,expenseCheck_u26350274,es
26744,2026-06,36,junior,1531.63,0.0,0.0,0.0,0.0,0.0,0.0,546.22,546.22,985.41,64.34,buen_ahorrador,2.8,0,16,u86382190,generic
8966,2026-01,26,medio,1948.9,0.0,4.55,0.0,154.82,0.0,0.0,98.3,257.67,1691.23,86.78,buen_ahorrador,2.8,1,14,u98235448,generic
14660,2026-05,40,medio,2019.13,0.0,23.5,0.0,83.73,0.0,0.0,50.0,157.23,1861.9,92.21,buen_ahorrador,2.8,1,12,u98235448,generic
4478,2024-11,26,senior,5168.9,0.0,0.0,0.0,0.0,0.0,0.0,296.7,296.7,4872.2,94.26,buen_ahorrador,1.5,2,11,u82144157,generic
4654,2025-10,28,senior,9485.86,104.31,112.18,0.0,0.0,0.0,0.0,215.52,432.01,9053.85,95.45,buen_ahorrador,2.8,2,9,expenseCheck_u24629591,generic
13504,2024-11,30,senior,3284.6,0.0,0.0,0.0,0.0,0.0,0.0,482.9,482.9,2801.7,85.3,buen_ahorrador,1.5,2,16,u82144157,generic
21252,2026-07,35,junior,404.6,0.0,0.0,0.0,0.0,0.0,0.0,432.7,432.7,-28.1,-6.95,ahorro_insuficiente,2.8,0,15,u60341395,generic
14377,2024-04,35,medio,2017.2,0.0,19.6,0.0,134.0,0.0,0.0,40.6,194.2,1823.0,90.37,buen_ahorrador,3.4,1,13,u98235448,generic
37376,2023-12,29,senior,3484.7,0.0,0.0,0.0,0.0,0.0,0.0,371.3,371.3,3113.4,89.34,buen_ahorrador,3.3,2,11,u82144157,generic
18270,2026-06,30,senior,5742.87,0.0,770.81,0.0,0.0,0.0,0.0,132.68,903.49,4839.38,84.27,buen_ahorrador,2.8,2,14,expenseCheck_u26350274,es
329,2026-06,39,junior,406.6,0.0,0.0,0.0,0.0,0.0,0.0,427.61,427.61,-21.01,-5.17,ahorro_insuficiente,2.8,0,14,u60341395,generic
28759,2025-01,34,medio,2218.25,0.0,92.1,0.0,113.25,0.0,0.0,117.9,323.25,1895.0,85.43,buen_ahorrador,2.8,1,12,u98235448,generic
18135,2023-11,35,senior,6212.3,0.0,0.0,0.0,0.0,0.0,0.0,532.9,532.9,5679.4,91.42,buen_ahorrador,1.9,2,16,u82144157,generic
16354,2023-04,38,senior,3660.2,0.0,0.0,0.0,0.0,0.0,0.0,314.1,314.1,3346.1,91.42,buen_ahorrador,5.9,2,14,u82144157,generic
14518,2026-06,31,senior,7528.61,0.0,295.04,0.0,0.0,0.0,0.0,553.12,848.16,6680.45,88.73,buen_ahorrador,2.8,2,11,expenseCheck_u26350274,es
38333,2023-07,38,medio,2076.6,0.0,63.67,0.0,128.01,0.0,0.0,92.3,283.98,1792.62,86.32,buen_ahorrador,1.9,1,14,u98235448,generic
8955,2021-12,28,senior,3513.4,0.0,0.0,0.0,0.0,0.0,0.0,353.4,353.4,3160.0,89.94,buen_ahorrador,6.7,2,12,u82144157,generic
39114,2025-08,35,medio,2061.4,0.0,150.0,0.0,148.6,0.0,0.0,85.1,383.7,1677.7,81.39,buen_ahorrador,2.8,1,14,u98235448,generic
4579,2021-11,33,senior,3289.7,0.0,0.0,0.0,0.0,0.0,0.0,297.9,297.9,2991.8,90.94,buen_ahorrador,6.7,2,10,u82144157,generic
17080,2025-08,30,senior,5216.96,0.0,2598.95,0.0,0.0,0.0,0.0,249.43,2848.38,2368.58,45.4,buen_ahorrador,2.8,2,14,expenseCheck_u26350274,es
6751,2026-06,29,junior,397.5,0.0,0.0,0.0,0.0,0.0,0.0,349.0,349.0,48.5,12.2,ahorro_moderado,2.8,0,11,u60341395,generic
608,2026-05,26,senior,9136.72,3.45,183.72,0.0,0.0,0.0,0.0,111.96,299.13,8837.59,96.73,buen_ahorrador,2.8,2,8,expenseCheck_u24629591,generic
25862,2023-07,39,medio,2135.7,0.0,67.4,0.0,45.1,0.0,0.0,80.33,192.83,1942.87,90.97,buen_ahorrador,1.9,1,11,u98235448,generic
4869,2025-09,27,senior,6131.9,0.0,0.0,0.0,0.0,0.0,0.0,483.5,483.5,5648.4,92.12,buen_ahorrador,2.8,2,15,u82144157,generic
10408,2025-03,29,senior,3691.0,0.0,0.0,0.0,0.0,0.0,0.0,562.6,562.6,3128.4,84.76,buen_ahorrador,2.8,2,16,u82144157,generic
14676,2023-10,36,senior,4413.2,0.0,0.0,0.0,0.0,0.0,0.0,388.6,388.6,4024.6,91.19,buen_ahorrador,1.9,2,14,u82144157,generic
7614,2025-08,29,senior,8894.3,33.67,348.29,0.0,0.0,0.0,0.0,102.42,484.38,8409.92,94.55,buen_ahorrador,2.8,2,10,expenseCheck_u24629591,generic
14032,2023-06,27,medio,2022.47,0.0,86.19,0.0,119.08,0.0,0.0,55.7,260.97,1761.5,87.1,buen_ahorrador,1.9,1,14,u98235448,generic
28415,2026-03,25,medio,1895.2,0.0,0.0,0.0,190.2,0.0,0.0,106.16,296.36,1598.84,84.36,buen_ahorrador,2.8,1,14,u98235448,generic
133,2025-03,32,medio,1870.5,0.0,47.8,0.0,99.54,0.0,0.0,207.3,354.64,1515.86,81.04,buen_ahorrador,2.8,1,15,u98235448,generic
5846,2024-07,33,medio,1901.0,0.0,100.85,0.0,94.34,0.0,0.0,120.7,315.89,1585.11,83.38,buen_ahorrador,3.4,1,11,u98235448,generic
7131,2023-05,27,senior,6535.5,0.0,0.0,0.0,0.0,0.0,0.0,285.5,285.5,6250.0,95.63,buen_ahorrador,5.9,2,11,u82144157,generic
6441,2024-07,37,senior,3446.0,0.0,0.0,0.0,0.0,0.0,0.0,443.3,443.3,3002.7,87.14,buen_ahorrador,3.4,2,14,u82144157,generic
8882,2023-07,36,senior,3552.0,0.0,0.0,0.0,0.0,0.0,0.0,347.5,347.5,3204.5,90.22,buen_ahorrador,1.9,2,11,u82144157,generic
4497,2023-09,38,medio,2024.49,0.0,164.93,0.0,69.2,0.0,0.0,32.5,266.63,1757.86,86.83,buen_ahorrador,1.9,1,12,u98235448,generic
18724,2024-05,30,medio,2015.7,0.0,79.59,0.0,34.1,0.0,0.0,90.7,204.39,1811.31,89.86,buen_ahorrador,3.4,1,12,u98235448,generic
9824,2025-09,27,senior,9282.26,132.81,99.35,0.0,0.0,0.0,0.0,734.67,966.83,8315.43,89.58,buen_ahorrador,2.8,2,9,expenseCheck_u24629591,generic
8962,2026-01,32,senior,8931.56,0.0,110.31,0.0,0.0,0.0,0.0,531.83,642.14,8289.42,92.81,buen_ahorrador,2.8,2,9,expenseCheck_u24629591,generic
4647,2026-02,25,junior,1580.5,0.0,0.0,0.0,0.0,0.0,0.0,267.12,267.12,1313.38,83.1,buen_ahorrador,2.8,0,10,u86382190,generic
40,2025-11,40,senior,3449.2,0.0,0.0,0.0,0.0,0.0,0.0,463.6,463.6,2985.6,86.56,buen_ahorrador,2.8,2,13,u82144157,generic
4658,2023-01,38,senior,3801.0,0.0,0.0,0.0,0.0,0.0,0.0,317.4,317.4,3483.6,91.65,buen_ahorrador,5.9,2,13,u82144157,generic
4856,2026-05,31,junior,1572.4,0.0,0.0,0.0,0.0,0.0,0.0,323.5,323.5,1248.9,79.43,buen_ahorrador,2.8,0,10,u86382190,generic
5872,2024-09,36,medio,2083.3,0.0,21.6,0.0,212.94,0.0,0.0,90.1,324.64,1758.66,84.42,buen_ahorrador,1.5,1,15,u98235448,generic
29534,2022-04,33,senior,3621.6,0.0,0.0,0.0,0.0,0.0,0.0,406.4,406.4,3215.2,88.78,buen_ahorrador,6.1,2,13,u82144157,generic
5482,2025-03,37,senior,3449.2,0.0,0.0,0.0,0.0,0.0,0.0,436.1,436.1,3013.1,87.36,buen_ahorrador,2.8,2,12,u82144157,generic
18772,2021-08,37,senior,3554.4,0.0,0.0,0.0,0.0,0.0,0.0,334.5,334.5,3219.9,90.59,buen_ahorrador,6.7,2,15,u82144157,generic
248,2025-03,31,senior,3229.4,0.0,0.0,0.0,0.0,0.0,0.0,463.6,463.6,2765.8,85.64,buen_ahorrador,2.8,2,14,u82144157,generic
6709,2026-04,38,senior,8655.19,99.98,491.62,0.0,0.0,0.0,0.0,216.96,808.56,7846.63,90.66,buen_ahorrador,2.8,2,10,expenseCheck_u24629591,generic
669,2026-04,29,junior,1634.48,0.0,0.0,0.0,0.0,0.0,0.0,381.27,381.27,1253.21,76.67,buen_ahorrador,2.8,0,14,u86382190,generic
197,2024-02,25,senior,3580.1,0.0,0.0,0.0,0.0,0.0,0.0,516.1,516.1,3064.0,85.58,buen_ahorrador,3.4,2,15,u82144157,generic
16774,2024-09,28,medio,1975.5,0.0,100.62,0.0,38.6,0.0,0.0,70.4,209.62,1765.88,89.39,buen_ahorrador,1.5,1,13,u98235448,generic
4196,2026-02,28,junior,1663.62,0.0,0.0,0.0,0.0,0.0,0.0,497.83,497.83,1165.79,70.08,buen_ahorrador,2.8,0,14,u86382190,generic
172,2021-09,36,senior,5586.6,0.0,0.0,0.0,0.0,0.0,0.0,508.6,508.6,5078.0,90.9,buen_ahorrador,6.7,2,16,u82144157,generic
26953,2025-03,35,senior,5326.5,0.0,0.0,0.0,0.0,0.0,0.0,375.0,375.0,4951.5,92.96,buen_ahorrador,2.8,2,15,u82144157,generic
29359,2026-02,38,medio,1964.8,0.0,8.4,0.0,128.54,0.0,0.0,170.7,307.64,1657.16,84.34,buen_ahorrador,2.8,1,14,u98235448,generic
16995,2025-11,35,senior,5461.21,0.0,578.58,0.0,0.0,0.0,0.0,285.05,863.63,4597.58,84.19,buen_ahorrador,2.8,2,13,expenseCheck_u26350274,es
4602,2025-07,34,medio,2119.5,0.0,10.5,0.0,140.7,0.0,0.0,38.51,189.71,1929.79,91.05,buen_ahorrador,2.8,1,11,u98235448,generic
4657,2026-02,36,senior,8588.39,9.02,46.82,0.0,0.0,0.0,0.0,164.91,220.75,8367.64,97.43,buen_ahorrador,2.8,2,8,expenseCheck_u24629591,generic
29518,2023-10,40,medio,2047.5,0.0,10.5,0.0,106.1,0.0,0.0,43.41,160.01,1887.49,92.19,buen_ahorrador,1.9,1,11,u98235448,generic
5922,2026-05,32,senior,5319.31,0.0,751.77,0.0,0.0,0.0,0.0,109.88,861.65,4457.66,83.8,buen_ahorrador,2.8,2,10,expenseCheck_u26350274,es
15077,2023-06,37,medio,1930.2,0.0,63.97,0.0,172.4,0.0,0.0,63.2,299.57,1630.63,84.48,buen_ahorrador,1.9,1,14,u98235448,generic
24168,2024-09,33,medio,1974.22,0.0,115.0,0.0,225.2,0.0,0.0,89.5,429.7,1544.52,78.23,buen_ahorrador,1.5,1,15,u98235448,generic
5514,2026-07,39,junior,407.7,0.0,0.0,0.0,0.0,0.0,0.0,421.3,421.3,-13.6,-3.34,ahorro_insuficiente,2.8,0,15,u60341395,generic
16513,2024-11,33,medio,2048.1,0.0,46.2,0.0,84.85,0.0,0.0,19.2,150.25,1897.85,92.66,buen_ahorrador,1.5,1,14,u98235448,generic
544,2026-06,33,senior,6947.67,0.0,335.23,0.0,0.0,0.0,0.0,230.98,566.21,6381.46,91.85,buen_ahorrador,2.8,2,14,expenseCheck_u26350274,es
29490,2026-05,38,senior,8803.18,0.0,296.49,0.0,0.0,0.0,0.0,72.88,369.37,8433.81,95.8,buen_ahorrador,2.8,2,8,expenseCheck_u24629591,generic
10662,2026-06,33,medio,1918.58,83.22,185.0,115.9,0.0,0.0,0.0,1519.32,1903.44,15.14,0.79,ahorro_insuficiente,2.8,1,39,u74445512,de
18766,2023-12,36,senior,5274.1,0.0,0.0,0.0,0.0,0.0,0.0,366.0,366.0,4908.1,93.06,buen_ahorrador,3.3,2,12,u82144157,generic
23769,2026-03,38,senior,5107.61,0.0,350.97,0.0,0.0,0.0,0.0,1182.07,1533.04,3574.57,69.99,buen_ahorrador,2.8,2,15,expenseCheck_u26350274,es
12088,2023-03,27,senior,3665.5,0.0,0.0,0.0,0.0,0.0,0.0,342.2,342.2,3323.3,90.66,buen_ahorrador,5.9,2,14,u82144157,generic
245,2024-01,32,medio,1965.3,0.0,108.6,0.0,100.81,0.0,0.0,119.76,329.17,1636.13,83.25,buen_ahorrador,3.4,1,15,u98235448,generic
4058,2023-10,32,senior,3398.0,0.0,0.0,0.0,0.0,0.0,0.0,504.2,504.2,2893.8,85.16,buen_ahorrador,1.9,2,15,u82144157,generic
117,2024-06,29,senior,5735.9,0.0,0.0,0.0,0.0,0.0,0.0,358.9,358.9,5377.0,93.74,buen_ahorrador,3.4,2,12,u82144157,generic
16885,2023-04,37,medio,2049.4,0.0,45.1,0.0,41.93,0.0,0.0,160.7,247.73,1801.67,87.91,buen_ahorrador,5.9,1,11,u98235448,generic
39369,2026-02,36,medio,1921.4,0.0,89.71,0.0,114.4,0.0,0.0,186.6,390.71,1530.69,79.67,buen_ahorrador,2.8,1,16,u98235448,generic
8406,2024-11,28,medio,1950.4,0.0,79.2,0.0,144.86,0.0,0.0,0.0,224.06,1726.34,88.51,buen_ahorrador,1.5,1,11,u98235448,generic
14027,2021-09,37,senior,3280.6,0.0,0.0,0.0,0.0,0.0,0.0,377.9,377.9,2902.7,88.48,buen_ahorrador,6.7,2,12,u82144157,generic
10807,2024-04,27,medio,1967.79,0.0,5.3,0.0,170.1,0.0,0.0,88.2,263.6,1704.19,86.6,buen_ahorrador,3.4,1,13,u98235448,generic
4654,2025-09,28,senior,8744.24,0.0,738.35,0.0,0.0,0.0,0.0,141.59,879.94,7864.3,89.94,buen_ahorrador,2.8,2,9,expenseCheck_u24629591,generic
32940,2025-06,33,medio,1800.0,0.0,149.9,0.0,74.2,0.0,0.0,104.95,329.05,1470.95,81.72,buen_ahorrador,2.8,1,13,u98235448,generic
28175,2023-04,30,senior,3695.9,0.0,0.0,0.0,0.0,0.0,0.0,436.4,436.4,3259.5,88.19,buen_ahorrador,5.9,2,15,u82144157,generic
4986,2024-07,26,medio,1922.8,0.0,41.1,0.0,195.02,0.0,0.0,120.87,356.99,1565.81,81.43,buen_ahorrador,3.4,1,13,u98235448,generic
16515,2022-03,27,senior,4473.8,0.0,0.0,0.0,0.0,0.0,0.0,439.8,439.8,4034.0,90.17,buen_ahorrador,6.1,2,13,u82144157,generic
4628,2022-03,25,senior,3436.2,0.0,0.0,0.0,0.0,0.0,0.0,537.8,537.8,2898.4,84.35,buen_ahorrador,6.1,2,14,u82144157,generic
15190,2023-12,37,medio,2053.0,0.0,32.93,0.0,138.74,0.0,0.0,143.1,314.77,1738.23,84.67,buen_ahorrador,3.3,1,15,u98235448,generic
18957,2025-08,36,medio,2087.5,0.0,41.6,0.0,120.84,0.0,0.0,34.6,197.04,1890.46,90.56,buen_ahorrador,2.8,1,15,u98235448,generic
4234,2026-07,25,junior,419.5,0.0,0.0,0.0,0.0,0.0,0.0,258.92,258.92,160.58,38.28,buen_ahorrador,2.8,0,12,u60341395,generic
1482,2021-09,32,senior,4440.9,0.0,0.0,0.0,0.0,0.0,0.0,321.9,321.9,4119.0,92.75,buen_ahorrador,6.7,2,12,u82144157,generic
8635,2023-02,26,senior,5819.7,0.0,0.0,0.0,0.0,0.0,0.0,316.7,316.7,5503.0,94.56,buen_ahorrador,5.9,2,13,u82144157,generic
12502,2022-10,30,senior,9058.9,0.0,0.0,0.0,0.0,0.0,0.0,298.7,298.7,8760.2,96.7,buen_ahorrador,10.2,2,13,u82144157,generic
6037,2023-03,38,senior,6573.7,0.0,0.0,0.0,0.0,0.0,0.0,334.8,334.8,6238.9,94.91,buen_ahorrador,5.9,2,13,u82144157,generic
6884,2024-03,38,medio,1982.2,0.0,47.27,0.0,103.0,0.0,0.0,46.6,196.87,1785.33,90.07,buen_ahorrador,3.4,1,12,u98235448,generic
29482,2026-07,34,senior,6127.47,0.0,671.6,0.0,0.0,0.0,0.0,16.89,688.49,5438.98,88.76,buen_ahorrador,2.8,2,16,expenseCheck_u26350274,es
39067,2026-06,35,medio,2016.54,0.0,52.7,0.0,90.76,0.0,0.0,78.84,222.3,1794.24,88.98,buen_ahorrador,2.8,1,10,u98235448,generic
9856,2024-10,32,medio,2003.5,0.0,65.2,0.0,79.06,0.0,0.0,137.1,281.36,1722.14,85.96,buen_ahorrador,1.5,1,12,u98235448,generic
12854,2026-07,36,senior,5330.34,0.0,330.68,0.0,58.24,0.0,0.0,188.63,577.55,4752.79,89.16,buen_ahorrador,2.8,2,14,expenseCheck_u26350274,es
873,2022-03,35,senior,3519.8,0.0,0.0,0.0,0.0,0.0,0.0,497.1,497.1,3022.7,85.88,buen_ahorrador,6.1,2,14,u82144157,generic
29033,2024-03,29,senior,5721.1,0.0,0.0,0.0,0.0,0.0,0.0,296.4,296.4,5424.7,94.82,buen_ahorrador,3.4,2,15,u82144157,generic
4230,2024-06,37,medio,1953.0,0.0,44.19,0.0,161.15,0.0,0.0,113.9,319.24,1633.76,83.65,buen_ahorrador,3.4,1,15,u98235448,generic
34325,2023-05,35,medio,2075.6,0.0,0.0,0.0,117.49,0.0,0.0,135.46,252.95,1822.65,87.81,buen_ahorrador,5.9,1,10,u98235448,generic
792,2025-05,36,medio,2074.4,0.0,88.2,0.0,54.65,0.0,0.0,51.6,194.45,1879.95,90.63,buen_ahorrador,2.8,1,13,u98235448,generic
27800,2023-11,30,senior,3536.4,0.0,0.0,0.0,0.0,0.0,0.0,447.1,447.1,3089.3,87.36,buen_ahorrador,1.9,2,15,u82144157,generic
18220,2025-11,29,medio,2038.3,0.0,90.51,0.0,55.6,0.0,0.0,76.98,223.09,1815.21,89.06,buen_ahorrador,2.8,1,11,u98235448,generic
37857,2024-03,37,senior,3470.7,0.0,0.0,0.0,0.0,0.0,0.0,464.5,464.5,3006.2,86.62,buen_ahorrador,3.4,2,13,u82144157,generic
12603,2022-12,35,senior,7470.0,0.0,0.0,0.0,0.0,0.0,0.0,438.6,438.6,7031.4,94.13,buen_ahorrador,5.7,2,15,u82144157,generic
29395,2025-07,33,senior,9414.15,0.0,497.17,0.0,0.0,0.0,0.0,317.89,815.06,8599.09,91.34,buen_ahorrador,2.8,2,7,expenseCheck_u24629591,generic
21237,2026-07,37,senior,5601.19,0.0,266.19,0.0,0.0,0.0,0.0,363.05,629.24,4971.95,88.77,buen_ahorrador,2.8,2,11,expenseCheck_u26350274,es
8344,2025-11,28,senior,7269.82,0.0,222.95,0.0,0.0,0.0,0.0,221.25,444.2,6825.62,93.89,buen_ahorrador,2.8,2,11,expenseCheck_u26350274,es
20962,2023-08,27,senior,5536.5,0.0,0.0,0.0,0.0,0.0,0.0,350.0,350.0,5186.5,93.68,buen_ahorrador,1.9,2,15,u82144157,generic
11440,2022-01,30,senior,3575.0,0.0,0.0,0.0,0.0,0.0,0.0,344.9,344.9,3230.1,90.35,buen_ahorrador,6.1,2,13,u82144157,generic
30567,2023-12,32,medio,2030.1,0.0,34.5,0.0,276.9,0.0,0.0,6.1,317.5,1712.6,84.36,buen_ahorrador,3.3,1,11,u98235448,generic
11091,2025-09,36,senior,8281.4,72.5,305.13,0.0,0.0,0.0,0.0,155.58,533.21,7748.19,93.56,buen_ahorrador,2.8,2,8,expenseCheck_u24629591,generic
5411,2024-06,34,senior,4939.1,0.0,0.0,0.0,0.0,0.0,0.0,382.1,382.1,4557.0,92.26,buen_ahorrador,3.4,2,15,u82144157,generic
39530,2023-07,39,senior,3719.6,0.0,0.0,0.0,0.0,0.0,0.0,397.1,397.1,3322.5,89.32,buen_ahorrador,1.9,2,15,u82144157,generic
18727,2023-11,38,medio,1989.0,0.0,90.19,0.0,50.7,0.0,0.0,164.02,304.91,1684.09,84.67,buen_ahorrador,1.9,1,14,u98235448,generic
23657,2026-06,35,junior,1653.56,0.0,0.0,0.0,0.0,0.0,0.0,461.62,461.62,1191.94,72.08,buen_ahorrador,2.8,0,16,u86382190,generic
38016,2026-02,32,senior,9226.16,53.7,342.2,0.0,0.0,0.0,0.0,711.1,1107.0,8119.16,88.0,buen_ahorrador,2.8,2,9,expenseCheck_u24629591,generic
548,2025-10,38,medio,1968.9,0.0,0.0,0.0,273.02,0.0,0.0,83.1,356.12,1612.78,81.91,buen_ahorrador,2.8,1,14,u98235448,generic
6016,2023-04,27,senior,4588.6,0.0,0.0,0.0,0.0,0.0,0.0,351.8,351.8,4236.8,92.33,buen_ahorrador,5.9,2,13,u82144157,generic
23664,2026-01,28,junior,1619.24,0.0,0.0,0.0,0.0,0.0,0.0,295.4,295.4,1323.84,81.76,buen_ahorrador,2.8,0,10,u86382190,generic
4525,2021-12,32,senior,4945.8,0.0,0.0,0.0,0.0,0.0,0.0,434.6,434.6,4511.2,91.21,buen_ahorrador,6.7,2,15,u82144157,generic
19829,2026-07,38,medio,2235.93,22.97,343.71,8.4,0.0,0.0,0.0,586.8,961.88,1274.05,56.98,buen_ahorrador,2.8,1,29,u74445512,de
36211,2025-06,27,medio,1855.2,0.0,9.5,0.0,203.3,0.0,0.0,115.17,327.97,1527.23,82.32,buen_ahorrador,2.8,1,12,u98235448,generic
838,2023-12,31,medio,2040.7,0.0,32.2,0.0,150.2,0.0,0.0,66.3,248.7,1792.0,87.81,buen_ahorrador,3.3,1,11,u98235448,generic
4617,2022-04,31,senior,3314.2,0.0,0.0,0.0,0.0,0.0,0.0,340.6,340.6,2973.6,89.72,buen_ahorrador,6.1,2,10,u82144157,generic
281,2024-08,34,medio,1973.6,0.0,0.0,0.0,92.7,0.0,0.0,60.98,153.68,1819.92,92.21,buen_ahorrador,3.4,1,10,u98235448,generic
29424,2022-05,31,senior,4927.5,0.0,0.0,0.0,0.0,0.0,0.0,257.6,257.6,4669.9,94.77,buen_ahorrador,6.1,2,13,u82144157,generic
4185,2026-03,37,senior,5463.78,0.0,722.92,0.0,0.0,0.0,0.0,18.86,741.78,4722.0,86.42,buen_ahorrador,2.8,2,11,expenseCheck_u26350274,es
4572,2025-05,36,senior,5583.2,0.0,0.0,0.0,0.0,0.0,0.0,347.2,347.2,5236.0,93.78,buen_ahorrador,2.8,2,13,u82144157,generic
251,2025-03,40,senior,4481.5,0.0,0.0,0.0,0.0,0.0,0.0,451.0,451.0,4030.5,89.94,buen_ahorrador,2.8,2,16,u82144157,generic
809,2022-11,35,senior,6484.6,0.0,0.0,0.0,0.0,0.0,0.0,228.0,228.0,6256.6,96.48,buen_ahorrador,10.2,2,13,u82144157,generic
29251,2026-01,25,senior,5126.59,0.0,222.36,0.0,0.0,0.0,0.0,123.49,345.85,4780.74,93.25,buen_ahorrador,2.8,2,12,expenseCheck_u26350274,es
15416,2024-07,36,medio,2012.9,0.0,0.0,0.0,99.6,0.0,0.0,83.8,183.4,1829.5,90.89,buen_ahorrador,3.4,1,13,u98235448,generic
6866,2026-07,34,junior,1644.6,0.0,0.0,0.0,0.0,0.0,0.0,452.74,452.74,1191.86,72.47,buen_ahorrador,2.8,0,15,u83188312,generic
5019,2024-01,33,senior,3350.6,0.0,0.0,0.0,0.0,0.0,0.0,466.3,466.3,2884.3,86.08,buen_ahorrador,3.4,2,15,u82144157,generic
23477,2026-06,33,senior,6818.86,0.0,510.84,0.0,0.0,0.0,0.0,196.09,706.93,6111.93,89.63,buen_ahorrador,2.8,2,16,expenseCheck_u26350274,es
4969,2025-09,36,senior,5138.7,0.0,0.0,0.0,0.0,0.0,0.0,431.1,431.1,4707.6,91.61,buen_ahorrador,2.8,2,13,u82144157,generic
4182,2023-08,28,senior,5450.4,0.0,0.0,0.0,0.0,0.0,0.0,450.8,450.8,4999.6,91.73,buen_ahorrador,1.9,2,13,u82144157,generic
84,2024-02,36,senior,3800.9,0.0,0.0,0.0,0.0,0.0,0.0,292.7,292.7,3508.2,92.3,buen_ahorrador,3.4,2,12,u82144157,generic
9482,2023-11,25,medio,1924.1,0.0,0.0,0.0,235.3,0.0,0.0,72.6,307.9,1616.2,84.0,buen_ahorrador,1.9,1,12,u98235448,generic
13974,2026-05,39,medio,2069.3,0.0,104.4,0.0,126.8,0.0,0.0,77.58,308.78,1760.52,85.08,buen_ahorrador,2.8,1,15,u98235448,generic
32952,2026-06,28,medio,2124.6,0.0,44.07,0.0,84.1,0.0,0.0,15.6,143.77,1980.83,93.23,buen_ahorrador,2.8,1,10,u98235448,generic
12460,2025-09,40,senior,6824.23,0.0,454.62,0.0,0.0,0.0,0.0,587.39,1042.01,5782.22,84.73,buen_ahorrador,2.8,2,13,expenseCheck_u26350274,es
16516,2023-02,31,senior,4871.0,0.0,0.0,0.0,0.0,0.0,0.0,399.0,399.0,4472.0,91.81,buen_ahorrador,5.9,2,14,u82144157,generic
4100,2025-09,32,senior,5461.0,0.0,622.66,0.0,0.0,0.0,0.0,209.12,831.78,4629.22,84.77,buen_ahorrador,2.8,2,14,expenseCheck_u26350274,es
13851,2026-02,27,senior,9233.72,0.0,200.17,0.0,0.0,0.0,0.0,235.57,435.74,8797.98,95.28,buen_ahorrador,2.8,2,9,expenseCheck_u24629591,generic
4060,2026-03,28,senior,5743.14,0.0,803.92,0.0,0.0,0.0,0.0,61.61,865.53,4877.61,84.93,buen_ahorrador,2.8,2,14,expenseCheck_u26350274,es
25,2024-04,27,senior,3292.1,0.0,0.0,0.0,0.0,0.0,0.0,477.3,477.3,2814.8,85.5,buen_ahorrador,3.4,2,14,u82144157,generic
29396,2024-03,25,medio,1805.0,0.0,36.2,0.0,150.52,0.0,0.0,99.33,286.05,1518.95,84.15,buen_ahorrador,3.4,1,11,u98235448,generic
6904,2022-07,27,senior,6120.7,0.0,0.0,0.0,0.0,0.0,0.0,289.0,289.0,5831.7,95.28,buen_ahorrador,10.2,2,12,u82144157,generic
31482,2025-10,38,senior,6729.7,0.0,336.6,0.0,83.74,0.0,0.0,106.09,526.43,6203.27,92.18,buen_ahorrador,2.8,2,15,expenseCheck_u26350274,es
47,2025-09,30,senior,8543.1,93.64,358.62,0.0,0.0,0.0,0.0,340.13,792.39,7750.71,90.72,buen_ahorrador,2.8,2,11,expenseCheck_u24629591,generic
6453,2024-11,34,senior,3200.6,0.0,0.0,0.0,0.0,0.0,0.0,353.5,353.5,2847.1,88.96,buen_ahorrador,1.5,2,12,u82144157,generic
38325,2026-06,35,medio,2449.73,88.27,781.49,0.0,0.0,0.0,0.0,1927.55,2797.31,-347.58,-14.19,ahorro_insuficiente,2.8,1,35,u74445512,de
16537,2024-07,35,medio,1942.2,0.0,91.53,0.0,181.39,0.0,0.0,140.1,413.02,1529.18,78.73,buen_ahorrador,3.4,1,16,u98235448,generic
35001,2026-05,27,medio,2020.58,0.0,0.0,0.0,162.0,0.0,0.0,97.4,259.4,1761.18,87.16,buen_ahorrador,2.8,1,11,u98235448,generic
4087,2026-06,37,senior,5345.8,0.0,519.54,0.0,0.0,0.0,0.0,63.86,583.4,4762.4,89.09,buen_ahorrador,2.8,2,12,expenseCheck_u26350274,es
19049,2026-04,30,senior,7573.74,0.0,598.08,0.0,0.0,0.0,0.0,112.06,710.14,6863.6,90.62,buen_ahorrador,2.8,2,11,expenseCheck_u26350274,es
9453,2025-11,38,senior,5221.28,0.0,417.88,0.0,0.0,0.0,0.0,241.97,659.85,4561.43,87.36,buen_ahorrador,2.8,2,13,expenseCheck_u26350274,es
13419,2024-03,40,senior,4784.3,0.0,0.0,0.0,0.0,0.0,0.0,378.8,378.8,4405.5,92.08,buen_ahorrador,3.4,2,12,u82144157,generic
29310,2023-05,33,senior,5039.6,0.0,0.0,0.0,0.0,0.0,0.0,400.3,400.3,4639.3,92.06,buen_ahorrador,5.9,2,14,u82144157,generic
764,2026-07,40,medio,2248.76,0.0,65.54,74.37,12.79,0.0,0.0,2955.95,3108.65,-859.89,-38.24,ahorro_insuficiente,2.8,1,25,u74445512,de
5488,2026-06,29,junior,1594.79,0.0,0.0,0.0,0.0,0.0,0.0,495.09,495.09,1099.7,68.96,buen_ahorrador,2.8,0,15,u86382190,generic
144,2021-09,27,senior,8163.2,0.0,0.0,0.0,0.0,0.0,0.0,458.0,458.0,7705.2,94.39,buen_ahorrador,6.7,2,16,u82144157,generic
4116,2026-01,33,senior,8651.35,90.41,140.2,0.0,0.0,0.0,0.0,148.64,379.25,8272.1,95.62,buen_ahorrador,2.8,2,8,expenseCheck_u24629591,generic
30222,2025-02,40,senior,5579.0,0.0,0.0,0.0,0.0,0.0,0.0,332.8,332.8,5246.2,94.03,buen_ahorrador,2.8,2,12,u82144157,generic
25387,2026-04,36,senior,9051.73,6.6,239.46,0.0,0.0,0.0,0.0,264.53,510.59,8541.14,94.36,buen_ahorrador,2.8,2,11,expenseCheck_u24629591,generic
37861,2025-08,36,senior,5485.32,0.0,410.98,0.0,0.0,0.0,0.0,109.94,520.92,4964.4,90.5,buen_ahorrador,2.8,2,12,expenseCheck_u26350274,es
408,2025-08,39,medio,2030.6,0.0,69.6,0.0,101.84,0.0,0.0,51.6,223.04,1807.56,89.02,buen_ahorrador,2.8,1,11,u98235448,generic
5729,2023-03,36,senior,6170.1,0.0,0.0,0.0,0.0,0.0,0.0,385.2,385.2,5784.9,93.76,buen_ahorrador,5.9,2,14,u82144157,generic
4078,2024-01,36,medio,2085.35,0.0,60.08,0.0,115.8,0.0,0.0,55.1,230.98,1854.37,88.92,buen_ahorrador,3.4,1,14,u98235448,generic
29424,2021-10,31,senior,3410.2,0.0,0.0,0.0,0.0,0.0,0.0,355.6,355.6,3054.6,89.57,buen_ahorrador,6.7,2,13,u82144157,generic
33284,2026-02,31,senior,8769.3,8.8,346.01,0.0,0.0,0.0,0.0,134.7,489.51,8279.79,94.42,buen_ahorrador,2.8,2,9,expenseCheck_u24629591,generic
11056,2025-03,30,medio,2157.46,0.0,102.3,0.0,36.1,0.0,0.0,24.8,163.2,1994.26,92.44,buen_ahorrador,2.8,1,13,u98235448,generic
25715,2025-03,38,senior,4488.0,0.0,0.0,0.0,0.0,0.0,0.0,212.6,212.6,4275.4,95.26,buen_ahorrador,2.8,2,10,u82144157,generic
12422,2026-07,38,junior,400.2,0.0,0.0,0.0,0.0,0.0,0.0,322.1,322.1,78.1,19.52,buen_ahorrador,2.8,0,12,u60341395,generic
11139,2025-09,30,senior,8804.77,140.85,242.72,0.0,0.0,0.0,0.0,106.6,490.17,8314.6,94.43,buen_ahorrador,2.8,2,10,expenseCheck_u24629591,generic
15429,2026-04,37,senior,8162.9,0.0,300.22,0.0,0.0,0.0,0.0,391.16,691.38,7471.52,91.53,buen_ahorrador,2.8,2,10,expenseCheck_u24629591,generic
1086,2026-07,38,senior,5361.12,0.0,433.98,0.0,0.0,0.0,0.0,83.63,517.61,4843.51,90.35,buen_ahorrador,2.8,2,12,expenseCheck_u26350274,es
4058,2024-09,32,senior,6631.3,0.0,0.0,0.0,0.0,0.0,0.0,274.3,274.3,6357.0,95.86,buen_ahorrador,1.5,2,13,u82144157,generic
16508,2026-03,35,senior,5501.75,0.0,821.94,0.0,0.0,0.0,0.0,189.62,1011.56,4490.19,81.61,buen_ahorrador,2.8,2,13,expenseCheck_u26350274,es
28189,2024-12,29,medio,1844.44,0.0,181.22,0.0,161.11,0.0,0.0,61.1,403.43,1441.01,78.13,buen_ahorrador,2.8,1,16,u98235448,generic
5486,2023-08,34,senior,3091.7,0.0,0.0,0.0,0.0,0.0,0.0,447.0,447.0,2644.7,85.54,buen_ahorrador,1.9,2,12,u82144157,generic
17765,2024-01,39,medio,1853.9,0.0,31.8,0.0,64.5,0.0,0.0,173.1,269.4,1584.5,85.47,buen_ahorrador,3.4,1,13,u98235448,generic
4549,2025-08,38,medio,2032.89,0.0,20.3,0.0,107.83,0.0,0.0,90.64,218.77,1814.12,89.24,buen_ahorrador,2.8,1,14,u98235448,generic
10540,2023-07,31,medio,2070.9,0.0,156.08,0.0,105.0,0.0,0.0,31.3,292.38,1778.52,85.88,buen_ahorrador,1.9,1,16,u98235448,generic
39337,2025-05,27,senior,3434.2,0.0,0.0,0.0,0.0,0.0,0.0,503.1,503.1,2931.1,85.35,buen_ahorrador,2.8,2,13,u82144157,generic
35661,2026-01,25,senior,5599.48,0.0,555.97,0.0,0.0,0.0,0.0,286.12,842.09,4757.39,84.96,buen_ahorrador,2.8,2,16,expenseCheck_u26350274,es
13894,2025-12,35,senior,6106.51,0.0,503.73,0.0,0.0,0.0,0.0,153.7,657.43,5449.08,89.23,buen_ahorrador,2.8,2,12,expenseCheck_u26350274,es
21215,2026-06,36,junior,1556.7,0.0,0.0,0.0,0.0,0.0,0.0,1587.17,1587.17,-30.47,-1.96,ahorro_insuficiente,2.8,0,15,u83188312,generic
16363,2023-10,31,senior,3716.9,0.0,0.0,0.0,0.0,0.0,0.0,394.5,394.5,3322.4,89.39,buen_ahorrador,1.9,2,15,u82144157,generic
20715,2026-03,32,junior,1579.01,0.0,0.0,0.0,0.0,0.0,0.0,204.59,204.59,1374.42,87.04,buen_ahorrador,2.8,0,10,u86382190,generic
20775,2025-09,26,medio,2077.9,0.0,14.3,0.0,108.0,0.0,0.0,55.3,177.6,1900.3,91.45,buen_ahorrador,2.8,1,11,u98235448,generic
10981,2024-01,29,senior,7974.4,0.0,0.0,0.0,0.0,0.0,0.0,388.7,388.7,7585.7,95.13,buen_ahorrador,3.4,2,13,u82144157,generic
34286,2021-10,36,senior,3277.2,0.0,0.0,0.0,0.0,0.0,0.0,385.3,385.3,2891.9,88.24,buen_ahorrador,6.7,2,15,u82144157,generic
20747,2023-03,37,senior,4549.3,0.0,0.0,0.0,0.0,0.0,0.0,234.8,234.8,4314.5,94.84,buen_ahorrador,5.9,2,12,u82144157,generic
23029,2026-04,27,medio,1961.8,0.0,35.56,0.0,139.7,0.0,0.0,20.4,195.66,1766.14,90.03,buen_ahorrador,2.8,1,11,u98235448,generic
4549,2025-05,38,medio,1928.4,0.0,89.9,0.0,96.71,0.0,0.0,88.71,275.32,1653.08,85.72,buen_ahorrador,2.8,1,15,u98235448,generic
30213,2025-04,28,senior,5489.4,0.0,0.0,0.0,0.0,0.0,0.0,335.7,335.7,5153.7,93.88,buen_ahorrador,2.8,2,10,u82144157,generic
15212,2025-08,27,senior,8783.31,283.27,132.27,0.0,0.0,0.0,0.0,83.22,498.76,8284.55,94.32,buen_ahorrador,2.8,2,8,expenseCheck_u24629591,generic
15202,2024-05,33,medio,2041.0,0.0,38.3,0.0,117.86,0.0,0.0,74.83,230.99,1810.01,88.68,buen_ahorrador,3.4,1,13,u98235448,generic
14501,2026-02,34,senior,5950.91,0.0,552.48,0.0,0.0,0.0,0.0,60.46,612.94,5337.97,89.7,buen_ahorrador,2.8,2,14,expenseCheck_u26350274,es
6444,2024-01,27,senior,3247.5,0.0,0.0,0.0,0.0,0.0,0.0,422.4,422.4,2825.1,86.99,buen_ahorrador,3.4,2,15,u82144157,generic
6407,2026-06,26,junior,1660.52,0.0,0.0,0.0,0.0,0.0,0.0,402.44,402.44,1258.08,75.76,buen_ahorrador,2.8,0,14,u86382190,generic
24678,2025-03,25,medio,1984.3,0.0,112.1,0.0,157.69,0.0,0.0,10.0,279.79,1704.51,85.9,buen_ahorrador,2.8,1,11,u98235448,generic
29333,2024-04,37,senior,3483.5,0.0,0.0,0.0,0.0,0.0,0.0,624.2,624.2,2859.3,82.08,buen_ahorrador,3.4,2,15,u82144157,generic
8512,2024-03,38,senior,4374.0,0.0,0.0,0.0,0.0,0.0,0.0,425.0,425.0,3949.0,90.28,buen_ahorrador,3.4,2,12,u82144157,generic
4061,2023-11,40,medio,1958.6,0.0,95.4,0.0,63.0,0.0,0.0,68.79,227.19,1731.41,88.4,buen_ahorrador,1.9,1,14,u98235448,generic
38333,2025-02,38,medio,2148.4,0.0,25.0,0.0,143.9,0.0,0.0,68.0,236.9,1911.5,88.97,buen_ahorrador,2.8,1,10,u98235448,generic
20795,2026-02,25,junior,1751.53,0.0,0.0,0.0,0.0,0.0,0.0,418.13,418.13,1333.4,76.13,buen_ahorrador,2.8,0,15,u86382190,generic
16940,2025-10,37,senior,8911.72,0.0,240.63,0.0,0.0,0.0,0.0,88.86,329.49,8582.23,96.3,buen_ahorrador,2.8,2,10,expenseCheck_u24629591,generic
35675,2025-08,26,medio,2118.7,0.0,28.24,0.0,124.4,0.0,0.0,48.9,201.54,1917.16,90.49,buen_ahorrador,2.8,1,12,u98235448,generic
19311,2026-01,31,senior,9733.49,0.0,277.8,0.0,0.0,0.0,0.0,199.3,477.1,9256.39,95.1,buen_ahorrador,2.8,2,8,expenseCheck_u24629591,generic
21455,2026-06,40,junior,1780.5,0.0,0.0,0.0,4034.86,0.0,0.0,909.55,4944.41,-3163.91,-177.7,ahorro_insuficiente,2.8,0,15,u83188312,generic
29466,2022-02,27,senior,3401.9,0.0,0.0,0.0,0.0,0.0,0.0,361.7,361.7,3040.2,89.37,buen_ahorrador,6.1,2,12,u82144157,generic
14072,2026-07,28,senior,6510.04,0.0,1737.22,0.0,0.0,0.0,0.0,183.65,1920.87,4589.17,70.49,buen_ahorrador,2.8,2,16,expenseCheck_u26350274,es
29424,2022-03,31,senior,3184.0,0.0,0.0,0.0,0.0,0.0,0.0,495.2,495.2,2688.8,84.45,buen_ahorrador,6.1,2,15,u82144157,generic
10002,2025-06,26,medio,2008.7,0.0,78.3,0.0,167.78,0.0,0.0,54.6,300.68,1708.02,85.03,buen_ahorrador,2.8,1,13,u98235448,generic
25568,2024-01,34,medio,1946.4,0.0,66.93,0.0,88.13,0.0,0.0,74.1,229.16,1717.24,88.23,buen_ahorrador,3.4,1,12,u98235448,generic
773,2023-02,40,senior,4789.4,0.0,0.0,0.0,0.0,0.0,0.0,295.5,295.5,4493.9,93.83,buen_ahorrador,5.9,2,11,u82144157,generic
5775,2023-08,32,medio,1958.8,0.0,23.17,0.0,110.63,0.0,0.0,63.5,197.3,1761.5,89.93,buen_ahorrador,1.9,1,11,u98235448,generic
7622,2024-08,32,senior,3408.8,0.0,0.0,0.0,0.0,0.0,0.0,372.2,372.2,3036.6,89.08,buen_ahorrador,3.4,2,12,u82144157,generic
30213,2023-01,28,senior,3323.4,0.0,0.0,0.0,0.0,0.0,0.0,296.4,296.4,3027.0,91.08,buen_ahorrador,5.9,2,12,u82144157,generic
4972,2023-09,26,senior,4724.8,0.0,0.0,0.0,0.0,0.0,0.0,437.2,437.2,4287.6,90.75,buen_ahorrador,1.9,2,16,u82144157,generic
20050,2026-06,36,senior,5281.46,0.0,228.88,0.0,0.0,0.0,0.0,303.31,532.19,4749.27,89.92,buen_ahorrador,2.8,2,11,expenseCheck_u26350274,es
11704,2026-06,31,medio,2007.6,0.0,166.5,0.0,93.49,0.0,0.0,102.71,362.7,1644.9,81.93,buen_ahorrador,2.8,1,16,u98235448,generic
29431,2025-03,36,senior,4564.4,0.0,0.0,0.0,0.0,0.0,0.0,379.2,379.2,4185.2,91.69,buen_ahorrador,2.8,2,14,u82144157,generic
35533,2024-02,28,senior,4573.5,0.0,0.0,0.0,0.0,0.0,0.0,523.8,523.8,4049.7,88.55,buen_ahorrador,3.4,2,16,u82144157,generic
208,2026-05,28,senior,8800.42,0.0,306.08,0.0,0.0,0.0,0.0,32.88,338.96,8461.46,96.15,buen_ahorrador,2.8,2,8,expenseCheck_u24629591,generic
9002,2026-06,40,medio,2169.62,28.38,310.93,64.02,12.05,0.0,0.0,404.89,820.27,1349.35,62.19,buen_ahorrador,2.8,1,35,u74445512,de
4297,2024-12,29,senior,3628.6,0.0,0.0,0.0,0.0,0.0,0.0,373.1,373.1,3255.5,89.72,buen_ahorrador,2.8,2,11,u82144157,generic
20585,2025-12,25,medio,2003.3,0.0,0.0,0.0,103.56,0.0,0.0,67.95,171.51,1831.79,91.44,buen_ahorrador,2.8,1,13,u98235448,generic
4743,2026-02,34,senior,9222.63,0.0,352.29,0.0,0.0,0.0,0.0,52.13,404.42,8818.21,95.61,buen_ahorrador,2.8,2,9,expenseCheck_u24629591,generic
37007,2024-07,29,senior,4613.0,0.0,0.0,0.0,0.0,0.0,0.0,429.1,429.1,4183.9,90.7,buen_ahorrador,3.4,2,13,u82144157,generic
38901,2026-05,27,medio,1951.8,0.0,83.9,0.0,112.27,0.0,0.0,109.8,305.97,1645.83,84.32,buen_ahorrador,2.8,1,14,u98235448,generic
20800,2024-10,38,medio,2045.2,0.0,83.1,0.0,81.38,0.0,0.0,64.83,229.31,1815.89,88.79,buen_ahorrador,1.5,1,11,u98235448,generic
11848,2026-07,37,junior,1794.93,0.0,0.0,0.0,0.0,0.0,0.0,1432.11,1432.11,362.82,20.21,buen_ahorrador,2.8,0,11,u83188312,generic
34287,2025-07,39,senior,8790.25,181.1,534.93,0.0,0.0,0.0,0.0,59.28,775.31,8014.94,91.18,buen_ahorrador,2.8,2,9,expenseCheck_u24629591,generic
23371,2025-05,40,senior,3226.3,0.0,0.0,0.0,0.0,0.0,0.0,410.8,410.8,2815.5,87.27,buen_ahorrador,2.8,2,11,u82144157,generic
21541,2026-05,29,medio,2400.84,0.0,312.63,0.0,2.5,0.0,0.0,888.63,1203.76,1197.08,49.86,buen_ahorrador,2.8,1,28,u74445512,de
18747,2026-03,39,senior,8797.98,0.0,211.16,0.0,0.0,0.0,0.0,232.63,443.79,8354.19,94.96,buen_ahorrador,2.8,2,8,expenseCheck_u24629591,generic
4178,2022-03,30,senior,6441.8,0.0,0.0,0.0,0.0,0.0,0.0,299.2,299.2,6142.6,95.36,buen_ahorrador,6.1,2,12,u82144157,generic
5197,2026-07,36,junior,1662.8,0.0,0.0,0.0,0.0,0.0,0.0,989.7,989.7,673.1,40.48,buen_ahorrador,2.8,0,14,u83188312,generic
12946,2026-04,40,junior,1690.97,0.0,0.0,0.0,0.0,0.0,0.0,429.0,429.0,1261.97,74.63,buen_ahorrador,2.8,0,15,u86382190,generic
13762,2023-06,34,senior,5123.9,0.0,0.0,0.0,0.0,0.0,0.0,295.8,295.8,4828.1,94.23,buen_ahorrador,1.9,2,13,u82144157,generic
608,2026-01,26,senior,9057.2,0.0,43.65,0.0,0.0,0.0,0.0,44.93,88.58,8968.62,99.02,buen_ahorrador,2.8,2,7,expenseCheck_u24629591,generic
29971,2024-07,31,senior,5973.8,0.0,0.0,0.0,0.0,0.0,0.0,447.4,447.4,5526.4,92.51,buen_ahorrador,3.4,2,16,u82144157,generic
31537,2025-09,26,medio,1954.5,0.0,100.6,0.0,76.28,0.0,0.0,119.94,296.82,1657.68,84.81,buen_ahorrador,2.8,1,13,u98235448,generic
29507,2022-03,35,senior,5092.7,0.0,0.0,0.0,0.0,0.0,0.0,373.0,373.0,4719.7,92.68,buen_ahorrador,6.1,2,12,u82144157,generic
20832,2025-04,39,senior,3426.6,0.0,0.0,0.0,0.0,0.0,0.0,509.0,509.0,2917.6,85.15,buen_ahorrador,2.8,2,14,u82144157,generic
16357,2022-03,35,senior,3347.1,0.0,0.0,0.0,0.0,0.0,0.0,450.0,450.0,2897.1,86.56,buen_ahorrador,6.1,2,12,u82144157,generic
25866,2025-02,34,medio,2049.5,0.0,83.1,0.0,15.6,0.0,0.0,187.77,286.47,1763.03,86.02,buen_ahorrador,2.8,1,15,u98235448,generic
21891,2026-05,38,junior,1652.76,0.0,0.0,0.0,0.0,0.0,0.0,233.24,233.24,1419.52,85.89,buen_ahorrador,2.8,0,11,u86382190,generic
5520,2023-06,35,medio,2001.4,0.0,74.6,0.0,125.79,0.0,0.0,205.6,405.99,1595.41,79.71,buen_ahorrador,1.9,1,16,u98235448,generic
4781,2025-04,40,medio,1973.9,0.0,127.43,0.0,95.2,0.0,0.0,91.2,313.83,1660.07,84.1,buen_ahorrador,2.8,1,14,u98235448,generic
13125,2022-04,35,senior,4849.2,0.0,0.0,0.0,0.0,0.0,0.0,274.8,274.8,4574.4,94.33,buen_ahorrador,6.1,2,11,u82144157,generic
27571,2023-12,37,medio,1976.1,0.0,69.46,0.0,126.2,0.0,0.0,40.0,235.66,1740.44,88.07,buen_ahorrador,3.3,1,14,u98235448,generic
20053,2025-10,32,senior,5610.4,0.0,0.0,0.0,0.0,0.0,0.0,561.9,561.9,5048.5,89.98,buen_ahorrador,2.8,2,16,u82144157,generic
28211,2023-09,40,medio,1986.3,0.0,63.92,0.0,52.4,0.0,0.0,57.7,174.02,1812.28,91.24,buen_ahorrador,1.9,1,10,u98235448,generic
6382,2023-05,27,senior,5366.4,0.0,0.0,0.0,0.0,0.0,0.0,295.6,295.6,5070.8,94.49,buen_ahorrador,5.9,2,10,u82144157,generic
5740,2026-04,27,senior,5845.92,0.0,812.17,0.0,0.0,0.0,0.0,168.07,980.24,4865.68,83.23,buen_ahorrador,2.8,2,15,expenseCheck_u26350274,es
10634,2026-03,32,senior,8903.4,371.8,296.43,0.0,0.0,0.0,0.0,208.15,876.38,8027.02,90.16,buen_ahorrador,2.8,2,11,expenseCheck_u24629591,generic
23076,2025-09,32,senior,6188.17,0.0,364.66,0.0,23.36,0.0,0.0,221.59,609.61,5578.56,90.15,buen_ahorrador,2.8,2,10,expenseCheck_u26350274,es
16351,2022-07,30,senior,3391.1,0.0,0.0,0.0,0.0,0.0,0.0,450.2,450.2,2940.9,86.72,buen_ahorrador,10.2,2,14,u82144157,generic
4042,2023-03,29,senior,3502.6,0.0,0.0,0.0,0.0,0.0,0.0,445.5,445.5,3057.1,87.28,buen_ahorrador,5.9,2,13,u82144157,generic
30227,2024-04,31,senior,3304.9,0.0,0.0,0.0,0.0,0.0,0.0,387.6,387.6,2917.3,88.27,buen_ahorrador,3.4,2,14,u82144157,generic
14505,2025-08,33,senior,3222.0,0.0,0.0,0.0,0.0,0.0,0.0,332.9,332.9,2889.1,89.67,buen_ahorrador,2.8,2,11,u82144157,generic
29424,2025-10,31,senior,4616.1,0.0,0.0,0.0,0.0,0.0,0.0,313.0,313.0,4303.1,93.22,buen_ahorrador,2.8,2,12,u82144157,generic
4668,2025-07,34,medio,1982.6,0.0,95.4,0.0,199.7,0.0,0.0,83.8,378.9,1603.7,80.89,buen_ahorrador,2.8,1,14,u98235448,generic
17899,2022-01,26,senior,3285.8,0.0,0.0,0.0,0.0,0.0,0.0,494.3,494.3,2791.5,84.96,buen_ahorrador,6.1,2,13,u82144157,generic
247,2025-10,29,senior,9083.31,294.46,0.0,0.0,0.0,0.0,0.0,398.35,692.81,8390.5,92.37,buen_ahorrador,2.8,2,8,expenseCheck_u24629591,generic
29534,2025-08,33,senior,3791.4,0.0,0.0,0.0,0.0,0.0,0.0,518.4,518.4,3273.0,86.33,buen_ahorrador,2.8,2,15,u82144157,generic
29517,2026-06,32,medio,1987.0,0.0,58.77,71.77,2.5,0.0,0.0,948.89,1081.93,905.07,45.55,buen_ahorrador,2.8,1,28,u74445512,de
18694,2024-12,27,senior,5916.5,0.0,0.0,0.0,0.0,0.0,0.0,350.3,350.3,5566.2,94.08,buen_ahorrador,2.8,2,12,u82144157,generic
4265,2025-10,38,senior,9157.51,132.3,280.73,0.0,0.0,0.0,0.0,46.7,459.73,8697.78,94.98,buen_ahorrador,2.8,2,8,expenseCheck_u24629591,generic
16992,2022-03,31,senior,4373.3,0.0,0.0,0.0,0.0,0.0,0.0,334.1,334.1,4039.2,92.36,buen_ahorrador,6.1,2,15,u82144157,generic
5928,2026-06,39,medio,1975.38,28.51,150.74,100.38,44.87,0.0,0.0,432.56,757.06,1218.32,61.68,buen_ahorrador,2.8,1,26,u74445512,de
13471,2025-08,27,senior,9474.6,121.77,516.19,0.0,0.0,0.0,0.0,104.77,742.73,8731.87,92.16,buen_ahorrador,2.8,2,9,expenseCheck_u24629591,generic
4078,2025-06,36,medio,1877.9,0.0,0.0,0.0,183.8,0.0,0.0,118.2,302.0,1575.9,83.92,buen_ahorrador,2.8,1,12,u98235448,generic
7496,2026-05,32,senior,5950.58,0.0,508.74,0.0,0.0,0.0,0.0,0.0,508.74,5441.84,91.45,buen_ahorrador,2.8,2,10,expenseCheck_u26350274,es
21453,2021-08,30,senior,5484.8,0.0,0.0,0.0,0.0,0.0,0.0,365.0,365.0,5119.8,93.35,buen_ahorrador,6.7,2,12,u82144157,generic
11721,2022-04,26,senior,3486.3,0.0,0.0,0.0,0.0,0.0,0.0,555.4,555.4,2930.9,84.07,buen_ahorrador,6.1,2,16,u82144157,generic
16922,2025-02,34,medio,1978.3,0.0,28.0,0.0,132.37,0.0,0.0,176.6,336.97,1641.33,82.97,buen_ahorrador,2.8,1,14,u98235448,generic
9040,2024-09,36,medio,2055.7,0.0,85.8,0.0,171.8,0.0,0.0,98.3,355.9,1699.8,82.69,buen_ahorrador,1.5,1,13,u98235448,generic
4711,2026-01,32,medio,1965.53,0.0,37.5,0.0,85.3,0.0,0.0,72.4,195.2,1770.33,90.07,buen_ahorrador,2.8,1,10,u98235448,generic
30194,2024-06,31,medio,2001.2,0.0,26.3,0.0,166.91,0.0,0.0,64.92,258.13,1743.07,87.1,buen_ahorrador,3.4,1,14,u98235448,generic
34,2025-12,31,senior,8582.49,0.0,679.76,0.0,0.0,0.0,0.0,223.03,902.79,7679.7,89.48,buen_ahorrador,2.8,2,9,expenseCheck_u24629591,generic
37756,2026-03,37,medio,2058.0,0.0,88.74,0.0,99.9,0.0,0.0,93.46,282.1,1775.9,86.29,buen_ahorrador,2.8,1,13,u98235448,generic
4026,2023-12,34,senior,3442.8,0.0,0.0,0.0,0.0,0.0,0.0,539.5,539.5,2903.3,84.33,buen_ahorrador,3.3,2,16,u82144157,generic
4671,2025-02,32,senior,4702.2,0.0,0.0,0.0,0.0,0.0,0.0,311.8,311.8,4390.4,93.37,buen_ahorrador,2.8,2,13,u82144157,generic
4176,2025-04,28,senior,3260.1,0.0,0.0,0.0,0.0,0.0,0.0,412.9,412.9,2847.2,87.33,buen_ahorrador,2.8,2,14,u82144157,generic
23627,2022-04,34,senior,4044.4,0.0,0.0,0.0,0.0,0.0,0.0,457.6,457.6,3586.8,88.69,buen_ahorrador,6.1,2,15,u82144157,generic
10124,2025-08,38,senior,5410.67,0.0,466.77,0.0,0.0,0.0,0.0,143.56,610.33,4800.34,88.72,buen_ahorrador,2.8,2,15,expenseCheck_u26350274,es
13494,2021-08,33,senior,3543.7,0.0,0.0,0.0,0.0,0.0,0.0,354.0,354.0,3189.7,90.01,buen_ahorrador,6.7,2,12,u82144157,generic
5910,2022-12,36,senior,5573.9,0.0,0.0,0.0,0.0,0.0,0.0,354.5,354.5,5219.4,93.64,buen_ahorrador,5.7,2,14,u82144157,generic
825,2023-08,36,medio,1966.0,0.0,75.1,0.0,76.64,0.0,0.0,99.73,251.47,1714.53,87.21,buen_ahorrador,1.9,1,13,u98235448,generic
4479,2025-11,38,senior,4711.0,0.0,0.0,0.0,0.0,0.0,0.0,258.9,258.9,4452.1,94.5,buen_ahorrador,2.8,2,11,u82144157,generic
24687,2024-02,32,senior,3454.3,0.0,0.0,0.0,0.0,0.0,0.0,331.7,331.7,3122.6,90.4,buen_ahorrador,3.4,2,13,u82144157,generic
36379,2022-12,34,senior,5274.7,0.0,0.0,0.0,0.0,0.0,0.0,406.2,406.2,4868.5,92.3,buen_ahorrador,5.7,2,14,u82144157,generic
27482,2024-07,32,senior,4528.8,0.0,0.0,0.0,0.0,0.0,0.0,531.0,531.0,3997.8,88.28,buen_ahorrador,3.4,2,15,u82144157,generic
26936,2025-08,39,senior,6698.54,0.0,515.19,0.0,21.92,0.0,0.0,281.14,818.25,5880.29,87.78,buen_ahorrador,2.8,2,16,expenseCheck_u26350274,es
27042,2021-08,26,senior,3575.0,0.0,0.0,0.0,0.0,0.0,0.0,316.8,316.8,3258.2,91.14,buen_ahorrador,6.7,2,11,u82144157,generic
29360,2022-02,32,senior,3432.0,0.0,0.0,0.0,0.0,0.0,0.0,238.8,238.8,3193.2,93.04,buen_ahorrador,6.1,2,11,u82144157,generic
5701,2025-04,39,senior,4395.3,0.0,0.0,0.0,0.0,0.0,0.0,437.2,437.2,3958.1,90.05,buen_ahorrador,2.8,2,15,u82144157,generic
4253,2024-12,28,senior,5211.5,0.0,0.0,0.0,0.0,0.0,0.0,321.6,321.6,4889.9,93.83,buen_ahorrador,2.8,2,14,u82144157,generic
29578,2024-12,40,medio,1937.6,0.0,49.3,0.0,180.22,0.0,0.0,100.6,330.12,1607.48,82.96,buen_ahorrador,2.8,1,15,u98235448,generic
571,2025-11,27,senior,3131.5,0.0,0.0,0.0,0.0,0.0,0.0,451.6,451.6,2679.9,85.58,buen_ahorrador,2.8,2,12,u82144157,generic
25216,2026-01,35,junior,1606.43,0.0,0.0,0.0,0.0,0.0,0.0,431.95,431.95,1174.48,73.11,buen_ahorrador,2.8,0,13,u86382190,generic
37664,2023-10,37,medio,2055.7,0.0,0.0,0.0,152.03,0.0,0.0,139.25,291.28,1764.42,85.83,buen_ahorrador,1.9,1,12,u98235448,generic
271,2026-07,40,junior,1638.08,0.0,0.0,0.0,0.0,0.0,0.0,325.47,325.47,1312.61,80.13,buen_ahorrador,2.8,0,12,u86382190,generic
4808,2026-07,29,junior,1604.1,0.0,0.0,0.0,0.0,0.0,0.0,1236.77,1236.77,367.33,22.9,buen_ahorrador,2.8,0,14,u83188312,generic
43,2024-08,25,senior,3600.7,0.0,0.0,0.0,0.0,0.0,0.0,462.8,462.8,3137.9,87.15,buen_ahorrador,3.4,2,16,u82144157,generic
6317,2024-07,31,senior,4576.2,0.0,0.0,0.0,0.0,0.0,0.0,426.6,426.6,4149.6,90.68,buen_ahorrador,3.4,2,14,u82144157,generic
4317,2026-07,35,senior,5536.95,0.0,684.56,0.0,0.0,0.0,0.0,126.25,810.81,4726.14,85.36,buen_ahorrador,2.8,2,14,expenseCheck_u26350274,es
20857,2023-05,25,senior,5419.2,0.0,0.0,0.0,0.0,0.0,0.0,339.5,339.5,5079.7,93.74,buen_ahorrador,5.9,2,15,u82144157,generic
19920,2022-06,29,senior,5967.7,0.0,0.0,0.0,0.0,0.0,0.0,253.4,253.4,5714.3,95.75,buen_ahorrador,10.2,2,11,u82144157,generic
36188,2026-03,29,senior,5634.3,0.0,365.39,0.0,0.0,0.0,0.0,1156.74,1522.13,4112.17,72.98,buen_ahorrador,2.8,2,10,expenseCheck_u26350274,es
27208,2025-09,39,medio,1954.0,0.0,43.5,0.0,127.98,0.0,0.0,49.4,220.88,1733.12,88.7,buen_ahorrador,2.8,1,11,u98235448,generic
36663,2023-10,27,senior,3342.2,0.0,0.0,0.0,0.0,0.0,0.0,468.1,468.1,2874.1,85.99,buen_ahorrador,1.9,2,15,u82144157,generic
18893,2023-04,30,medio,2001.0,0.0,31.1,0.0,100.3,0.0,0.0,72.44,203.84,1797.16,89.81,buen_ahorrador,5.9,1,11,u98235448,generic
31524,2024-12,33,medio,2090.5,0.0,106.66,0.0,86.9,0.0,0.0,144.92,338.48,1752.02,83.81,buen_ahorrador,2.8,1,12,u98235448,generic
16520,2023-10,34,medio,1946.21,0.0,5.4,0.0,217.6,0.0,0.0,84.9,307.9,1638.31,84.18,buen_ahorrador,1.9,1,12,u98235448,generic
15018,2025-09,35,senior,4661.6,0.0,0.0,0.0,0.0,0.0,0.0,341.1,341.1,4320.5,92.68,buen_ahorrador,2.8,2,12,u82144157,generic
27799,2026-01,25,medio,1800.0,0.0,54.3,0.0,152.01,0.0,0.0,0.0,206.31,1593.69,88.54,buen_ahorrador,2.8,1,11,u98235448,generic
6366,2025-12,35,medio,2065.5,0.0,6.6,0.0,245.1,0.0,0.0,82.6,334.3,1731.2,83.82,buen_ahorrador,2.8,1,14,u98235448,generic
25207,2025-07,29,senior,3441.4,0.0,0.0,0.0,0.0,0.0,0.0,378.7,378.7,3062.7,89.0,buen_ahorrador,2.8,2,15,u82144157,generic
4308,2022-04,25,senior,3443.6,0.0,0.0,0.0,0.0,0.0,0.0,392.0,392.0,3051.6,88.62,buen_ahorrador,6.1,2,16,u82144157,generic
36189,2023-04,29,medio,2140.9,0.0,0.0,0.0,70.4,0.0,0.0,115.2,185.6,1955.3,91.33,buen_ahorrador,5.9,1,10,u98235448,generic
19790,2023-07,37,senior,3448.6,0.0,0.0,0.0,0.0,0.0,0.0,364.8,364.8,3083.8,89.42,buen_ahorrador,1.9,2,12,u82144157,generic
9482,2024-05,25,medio,2095.9,0.0,68.52,0.0,91.4,0.0,0.0,110.52,270.44,1825.46,87.1,buen_ahorrador,3.4,1,13,u98235448,generic
5411,2025-10,34,senior,7502.7,0.0,0.0,0.0,0.0,0.0,0.0,240.4,240.4,7262.3,96.8,buen_ahorrador,2.8,2,12,u82144157,generic
5528,2023-04,31,senior,3313.3,0.0,0.0,0.0,0.0,0.0,0.0,274.4,274.4,3038.9,91.72,buen_ahorrador,5.9,2,11,u82144157,generic
9451,2024-02,38,medio,1942.52,0.0,77.7,0.0,117.8,0.0,0.0,115.9,311.4,1631.12,83.97,buen_ahorrador,3.4,1,13,u98235448,generic
4290,2024-02,35,senior,3389.8,0.0,0.0,0.0,0.0,0.0,0.0,469.2,469.2,2920.6,86.16,buen_ahorrador,3.4,2,16,u82144157,generic
94,2022-04,27,senior,3638.2,0.0,0.0,0.0,0.0,0.0,0.0,345.5,345.5,3292.7,90.5,buen_ahorrador,6.1,2,10,u82144157,generic
13,2023-04,39,senior,3361.7,0.0,0.0,0.0,0.0,0.0,0.0,465.9,465.9,2895.8,86.14,buen_ahorrador,5.9,2,16,u82144157,generic
4562,2025-09,28,senior,5637.0,0.0,0.0,0.0,0.0,0.0,0.0,482.3,482.3,5154.7,91.44,buen_ahorrador,2.8,2,15,u82144157,generic
21825,2021-09,37,senior,3408.2,0.0,0.0,0.0,0.0,0.0,0.0,388.0,388.0,3020.2,88.62,buen_ahorrador,6.7,2,14,u82144157,generic
37856,2025-10,38,medio,2048.3,0.0,65.08,0.0,99.41,0.0,0.0,27.27,191.76,1856.54,90.64,buen_ahorrador,2.8,1,11,u98235448,generic
9893,2024-04,29,senior,3392.1,0.0,0.0,0.0,0.0,0.0,0.0,401.6,401.6,2990.5,88.16,buen_ahorrador,3.4,2,13,u82144157,generic
4619,2025-07,38,senior,9727.33,11.8,27.37,0.0,0.0,0.0,0.0,467.23,506.4,9220.93,94.79,buen_ahorrador,2.8,2,7,expenseCheck_u24629591,generic
15198,2025-12,30,medio,2061.7,0.0,150.91,0.0,85.47,0.0,0.0,112.6,348.98,1712.72,83.07,buen_ahorrador,2.8,1,15,u98235448,generic
29416,2026-01,26,junior,1573.23,0.0,0.0,0.0,0.0,0.0,0.0,460.16,460.16,1113.07,70.75,buen_ahorrador,2.8,0,13,u86382190,generic
232,2026-06,28,senior,5410.33,0.0,403.63,0.0,0.0,0.0,0.0,25.04,428.67,4981.66,92.08,buen_ahorrador,2.8,2,12,expenseCheck_u26350274,es
4294,2023-08,33,senior,3386.9,0.0,0.0,0.0,0.0,0.0,0.0,392.5,392.5,2994.4,88.41,buen_ahorrador,1.9,2,13,u82144157,generic
4558,2026-07,36,senior,5691.87,0.0,507.33,0.0,0.0,0.0,0.0,147.03,654.36,5037.51,88.5,buen_ahorrador,2.8,2,12,expenseCheck_u26350274,es
4256,2024-02,25,senior,5910.9,0.0,0.0,0.0,0.0,0.0,0.0,477.1,477.1,5433.8,91.93,buen_ahorrador,3.4,2,15,u82144157,generic
36316,2023-04,34,senior,3291.6,0.0,0.0,0.0,0.0,0.0,0.0,391.8,391.8,2899.8,88.1,buen_ahorrador,5.9,2,12,u82144157,generic
29406,2026-05,40,senior,9369.82,0.0,600.27,0.0,0.0,0.0,0.0,531.65,1131.92,8237.9,87.92,buen_ahorrador,2.8,2,11,expenseCheck_u24629591,generic
34658,2026-02,38,senior,6405.89,0.0,651.67,0.0,18.7,0.0,0.0,148.16,818.53,5587.36,87.22,buen_ahorrador,2.8,2,14,expenseCheck_u26350274,es
31524,2024-05,33,medio,1939.7,0.0,127.43,0.0,85.84,0.0,0.0,27.73,241.0,1698.7,87.58,buen_ahorrador,3.4,1,12,u98235448,generic
15022,2023-06,30,medio,2149.9,0.0,55.0,0.0,107.74,0.0,0.0,50.57,213.31,1936.59,90.08,buen_ahorrador,1.9,1,12,u98235448,generic
16656,2022-12,28,senior,5955.5,0.0,0.0,0.0,0.0,0.0,0.0,428.2,428.2,5527.3,92.81,buen_ahorrador,5.7,2,14,u82144157,generic
39089,2025-03,39,medio,2041.5,0.0,77.4,0.0,129.7,0.0,0.0,101.7,308.8,1732.7,84.87,buen_ahorrador,2.8,1,13,u98235448,generic
29452,2024-10,35,medio,2045.3,0.0,211.03,0.0,50.2,0.0,0.0,83.2,344.43,1700.87,83.16,buen_ahorrador,1.5,1,14,u98235448,generic
12932,2023-04,35,medio,1965.5,0.0,35.8,0.0,51.8,0.0,0.0,205.05,292.65,1672.85,85.11,buen_ahorrador,5.9,1,11,u98235448,generic
8334,2025-06,33,senior,5788.4,0.0,0.0,0.0,0.0,0.0,0.0,357.7,357.7,5430.7,93.82,buen_ahorrador,2.8,2,14,u82144157,generic
692,2026-01,29,junior,1671.65,0.0,0.0,0.0,0.0,0.0,0.0,383.67,383.67,1287.98,77.05,buen_ahorrador,2.8,0,13,u86382190,generic
12887,2022-12,35,senior,3180.9,0.0,0.0,0.0,0.0,0.0,0.0,234.1,234.1,2946.8,92.64,buen_ahorrador,5.7,2,10,u82144157,generic
13493,2023-11,25,senior,5383.2,0.0,0.0,0.0,0.0,0.0,0.0,376.9,376.9,5006.3,93.0,buen_ahorrador,1.9,2,12,u82144157,generic
841,2023-11,39,senior,3644.4,0.0,0.0,0.0,0.0,0.0,0.0,504.7,504.7,3139.7,86.15,buen_ahorrador,1.9,2,15,u82144157,generic
6436,2025-11,35,senior,3359.0,0.0,0.0,0.0,0.0,0.0,0.0,452.5,452.5,2906.5,86.53,buen_ahorrador,2.8,2,16,u82144157,generic
34259,2026-02,25,junior,1536.71,0.0,0.0,0.0,0.0,0.0,0.0,334.49,334.49,1202.22,78.23,buen_ahorrador,2.8,0,10,u86382190,generic
10070,2025-06,31,medio,1854.8,0.0,0.0,0.0,196.18,0.0,0.0,232.63,428.81,1425.99,76.88,buen_ahorrador,2.8,1,15,u98235448,generic
9675,2025-02,36,senior,3448.1,0.0,0.0,0.0,0.0,0.0,0.0,396.0,396.0,3052.1,88.52,buen_ahorrador,2.8,2,12,u82144157,generic
29035,2025-04,25,senior,3388.5,0.0,0.0,0.0,0.0,0.0,0.0,493.4,493.4,2895.1,85.44,buen_ahorrador,2.8,2,14,u82144157,generic
25120,2025-08,35,senior,4755.7,0.0,0.0,0.0,0.0,0.0,0.0,460.5,460.5,4295.2,90.32,buen_ahorrador,2.8,2,15,u82144157,generic
9520,2025-11,39,senior,8988.57,0.0,380.82,0.0,0.0,0.0,0.0,346.48,727.3,8261.27,91.91,buen_ahorrador,2.8,2,7,expenseCheck_u24629591,generic
8711,2024-04,27,medio,1954.3,0.0,98.0,0.0,81.2,0.0,0.0,88.7,267.9,1686.4,86.29,buen_ahorrador,3.4,1,11,u98235448,generic
8537,2022-02,25,senior,3723.4,0.0,0.0,0.0,0.0,0.0,0.0,283.4,283.4,3440.0,92.39,buen_ahorrador,6.1,2,10,u82144157,generic
29987,2022-09,38,senior,4520.1,0.0,0.0,0.0,0.0,0.0,0.0,433.4,433.4,4086.7,90.41,buen_ahorrador,10.2,2,16,u82144157,generic
4321,2026-02,25,medio,2047.9,0.0,70.6,0.0,183.49,0.0,0.0,141.5,395.59,1652.31,80.68,buen_ahorrador,2.8,1,14,u98235448,generic
26079,2025-06,36,senior,3531.1,0.0,0.0,0.0,0.0,0.0,0.0,353.1,353.1,3178.0,90.0,buen_ahorrador,2.8,2,11,u82144157,generic
30847,2025-10,28,senior,5526.57,0.0,517.32,0.0,0.0,0.0,0.0,98.88,616.2,4910.37,88.85,buen_ahorrador,2.8,2,13,expenseCheck_u26350274,es
1530,2026-01,31,medio,2122.2,0.0,35.4,0.0,143.84,0.0,0.0,85.5,264.74,1857.46,87.53,buen_ahorrador,2.8,1,11,u98235448,generic
21754,2025-08,29,senior,6475.56,0.0,530.85,0.0,0.0,0.0,0.0,77.94,608.79,5866.77,90.6,buen_ahorrador,2.8,2,13,expenseCheck_u26350274,es
4669,2024-07,31,medio,1947.3,0.0,103.4,0.0,103.47,0.0,0.0,209.8,416.67,1530.63,78.6,buen_ahorrador,3.4,1,16,u98235448,generic
30189,2023-08,35,senior,7370.6,0.0,0.0,0.0,0.0,0.0,0.0,418.0,418.0,6952.6,94.33,buen_ahorrador,1.9,2,15,u82144157,generic
9807,2023-03,36,senior,3662.1,0.0,0.0,0.0,0.0,0.0,0.0,366.5,366.5,3295.6,89.99,buen_ahorrador,5.9,2,13,u82144157,generic
34992,2024-05,38,medio,2123.4,0.0,0.0,0.0,146.8,0.0,0.0,113.62,260.42,1862.98,87.74,buen_ahorrador,3.4,1,11,u98235448,generic
848,2023-07,31,senior,3749.2,0.0,0.0,0.0,0.0,0.0,0.0,384.5,384.5,3364.7,89.74,buen_ahorrador,1.9,2,15,u82144157,generic
18466,2025-10,36,senior,3477.4,0.0,0.0,0.0,0.0,0.0,0.0,287.9,287.9,3189.5,91.72,buen_ahorrador,2.8,2,11,u82144157,generic
39649,2024-06,29,medio,2171.14,0.0,121.25,0.0,124.8,0.0,0.0,78.04,324.09,1847.05,85.07,buen_ahorrador,3.4,1,16,u98235448,generic
13525,2024-08,32,senior,3625.1,0.0,0.0,0.0,0.0,0.0,0.0,352.5,352.5,3272.6,90.28,buen_ahorrador,3.4,2,13,u82144157,generic
25581,2025-09,36,senior,8878.2,0.0,301.89,0.0,0.0,0.0,0.0,253.91,555.8,8322.4,93.74,buen_ahorrador,2.8,2,8,expenseCheck_u24629591,generic
24661,2026-02,35,junior,1545.15,0.0,0.0,0.0,0.0,0.0,0.0,415.78,415.78,1129.37,73.09,buen_ahorrador,2.8,0,16,u86382190,generic
12345,2021-12,32,senior,5568.2,0.0,0.0,0.0,0.0,0.0,0.0,272.1,272.1,5296.1,95.11,buen_ahorrador,6.7,2,13,u82144157,generic
4957,2026-05,28,senior,5314.18,0.0,454.94,0.0,0.0,0.0,0.0,108.04,562.98,4751.2,89.41,buen_ahorrador,2.8,2,11,expenseCheck_u26350274,es
15419,2026-07,31,medio,2329.21,0.0,149.63,24.45,25.69,0.0,0.0,305.25,505.02,1824.19,78.32,buen_ahorrador,2.8,1,24,u74445512,de
4563,2022-03,33,freelance,7246.9,0.0,0.0,0.0,0.0,0.0,0.0,210.3,210.3,7036.6,97.1,buen_ahorrador,6.1,3,13,u82144157,generic
9040,2026-06,36,medio,2149.82,0.0,52.1,0.0,49.0,0.0,0.0,73.5,174.6,1975.22,91.88,buen_ahorrador,2.8,1,11,u98235448,generic
39514,2023-06,30,senior,3696.7,0.0,0.0,0.0,0.0,0.0,0.0,520.4,520.4,3176.3,85.92,buen_ahorrador,1.9,2,15,u82144157,generic
93,2025-11,26,senior,5787.1,0.0,0.0,0.0,0.0,0.0,0.0,299.4,299.4,5487.7,94.83,buen_ahorrador,2.8,2,11,u82144157,generic
13758,2025-08,38,senior,5637.65,0.0,508.29,0.0,0.0,0.0,0.0,325.77,834.06,4803.59,85.21,buen_ahorrador,2.8,2,14,expenseCheck_u26350274,es
14084,2025-11,26,senior,6259.97,0.0,311.44,0.0,0.0,0.0,0.0,320.25,631.69,5628.28,89.91,buen_ahorrador,2.8,2,15,expenseCheck_u26350274,es
38333,2026-04,38,medio,1981.5,0.0,100.1,0.0,46.27,0.0,0.0,158.37,304.74,1676.76,84.62,buen_ahorrador,2.8,1,11,u98235448,generic
38324,2026-04,40,senior,7009.81,0.0,402.99,0.0,0.0,0.0,0.0,134.5,537.49,6472.32,92.33,buen_ahorrador,2.8,2,14,expenseCheck_u26350274,es
15172,2024-06,30,senior,3497.9,0.0,0.0,0.0,0.0,0.0,0.0,358.1,358.1,3139.8,89.76,buen_ahorrador,3.4,2,14,u82144157,generic
22836,2026-04,39,medio,1897.2,0.0,0.0,0.0,137.02,0.0,0.0,59.7,196.72,1700.48,89.63,buen_ahorrador,2.8,1,10,u98235448,generic
32921,2023-05,39,medio,2013.8,0.0,50.0,0.0,134.3,0.0,0.0,35.2,219.5,1794.3,89.1,buen_ahorrador,5.9,1,11,u98235448,generic
27000,2025-07,25,senior,8770.43,95.76,41.43,0.0,0.0,0.0,0.0,325.88,463.07,8307.36,94.72,buen_ahorrador,2.8,2,10,expenseCheck_u24629591,generic
39673,2025-01,36,senior,3553.6,0.0,0.0,0.0,0.0,0.0,0.0,386.5,386.5,3167.1,89.12,buen_ahorrador,2.8,2,14,u82144157,generic
22615,2025-11,32,medio,1974.5,0.0,23.0,0.0,178.1,0.0,0.0,103.31,304.41,1670.09,84.58,buen_ahorrador,2.8,1,11,u98235448,generic
17960,2026-07,39,junior,1525.41,0.0,0.0,0.0,0.0,0.0,0.0,7067.65,7067.65,-5542.24,-363.33,ahorro_insuficiente,2.8,0,16,u83188312,generic
9576,2025-12,36,senior,9143.52,40.99,195.74,0.0,0.0,0.0,0.0,95.19,331.92,8811.6,96.37,buen_ahorrador,2.8,2,9,expenseCheck_u24629591,generic
32644,2022-09,25,senior,8249.4,0.0,0.0,0.0,0.0,0.0,0.0,293.6,293.6,7955.8,96.44,buen_ahorrador,10.2,2,13,u82144157,generic
12419,2024-06,34,medio,1986.4,0.0,35.19,0.0,135.16,0.0,0.0,61.02,231.37,1755.03,88.35,buen_ahorrador,3.4,1,11,u98235448,generic
12487,2023-06,28,medio,2053.5,0.0,89.24,0.0,177.5,0.0,0.0,0.0,266.74,1786.76,87.01,buen_ahorrador,1.9,1,12,u98235448,generic
12890,2023-11,29,senior,3503.6,0.0,0.0,0.0,0.0,0.0,0.0,346.7,346.7,3156.9,90.1,buen_ahorrador,1.9,2,11,u82144157,generic
1758,2025-04,38,senior,6578.6,0.0,0.0,0.0,0.0,0.0,0.0,249.7,249.7,6328.9,96.2,buen_ahorrador,2.8,2,11,u82144157,generic
32918,2026-03,25,senior,9070.37,104.33,127.43,0.0,0.0,0.0,0.0,217.61,449.37,8621.0,95.05,buen_ahorrador,2.8,2,8,expenseCheck_u24629591,generic
6301,2023-01,28,senior,3579.3,0.0,0.0,0.0,0.0,0.0,0.0,434.0,434.0,3145.3,87.87,buen_ahorrador,5.9,2,14,u82144157,generic
4607,2026-02,32,senior,8940.77,85.75,455.89,0.0,0.0,0.0,0.0,28.8,570.44,8370.33,93.62,buen_ahorrador,2.8,2,8,expenseCheck_u24629591,generic
35664,2024-03,29,medio,2049.9,0.0,136.23,0.0,45.8,0.0,0.0,11.3,193.33,1856.57,90.57,buen_ahorrador,3.4,1,11,u98235448,generic
18060,2025-11,39,senior,9252.2,0.0,68.31,0.0,0.0,0.0,0.0,300.91,369.22,8882.98,96.01,buen_ahorrador,2.8,2,11,expenseCheck_u24629591,generic
126,2024-09,34,medio,1982.5,0.0,44.63,0.0,88.5,0.0,0.0,116.3,249.43,1733.07,87.42,buen_ahorrador,1.5,1,11,u98235448,generic
14042,2026-03,30,senior,9240.79,0.0,65.06,0.0,0.0,0.0,0.0,505.46,570.52,8670.27,93.83,buen_ahorrador,2.8,2,9,expenseCheck_u24629591,generic
4100,2026-07,32,senior,5494.86,0.0,409.47,0.0,0.0,0.0,0.0,120.31,529.78,4965.08,90.36,buen_ahorrador,2.8,2,13,expenseCheck_u26350274,es
12434,2026-06,38,medio,2176.34,41.15,850.05,24.9,2.82,0.0,0.0,463.84,1382.76,793.58,36.46,buen_ahorrador,2.8,1,29,u74445512,de
207,2023-06,39,senior,5820.2,0.0,0.0,0.0,0.0,0.0,0.0,305.5,305.5,5514.7,94.75,buen_ahorrador,1.9,2,13,u82144157,generic
36202,2023-07,35,medio,2057.5,0.0,0.0,0.0,233.08,0.0,0.0,34.3,267.38,1790.12,87.0,buen_ahorrador,1.9,1,13,u98235448,generic
29452,2023-09,35,medio,2016.8,0.0,23.8,0.0,79.0,0.0,0.0,119.77,222.57,1794.23,88.96,buen_ahorrador,1.9,1,15,u98235448,generic
12921,2023-04,38,medio,2114.6,0.0,44.59,0.0,181.5,0.0,0.0,186.2,412.29,1702.31,80.5,buen_ahorrador,5.9,1,12,u98235448,generic
19913,2026-02,38,senior,8687.6,65.29,329.59,0.0,0.0,0.0,0.0,39.85,434.73,8252.87,95.0,buen_ahorrador,2.8,2,8,expenseCheck_u24629591,generic
29538,2025-02,27,senior,3388.9,0.0,0.0,0.0,0.0,0.0,0.0,364.0,364.0,3024.9,89.26,buen_ahorrador,2.8,2,15,u82144157,generic
4320,2024-12,36,medio,2010.2,0.0,37.9,0.0,159.1,0.0,0.0,111.8,308.8,1701.4,84.64,buen_ahorrador,2.8,1,15,u98235448,generic
19518,2025-10,38,medio,1928.39,0.0,60.0,0.0,123.1,0.0,0.0,122.59,305.69,1622.7,84.15,buen_ahorrador,2.8,1,16,u98235448,generic
6189,2025-01,25,senior,3527.3,0.0,0.0,0.0,0.0,0.0,0.0,269.9,269.9,3257.4,92.35,buen_ahorrador,2.8,2,10,u82144157,generic
8359,2024-03,39,senior,4795.0,0.0,0.0,0.0,0.0,0.0,0.0,334.4,334.4,4460.6,93.03,buen_ahorrador,3.4,2,12,u82144157,generic
9764,2022-08,31,senior,3736.3,0.0,0.0,0.0,0.0,0.0,0.0,364.5,364.5,3371.8,90.24,buen_ahorrador,10.2,2,11,u82144157,generic
7391,2026-05,30,junior,1661.59,0.0,0.0,0.0,0.0,0.0,0.0,416.96,416.96,1244.63,74.91,buen_ahorrador,2.8,0,14,u86382190,generic
18741,2024-12,40,senior,3603.2,0.0,0.0,0.0,0.0,0.0,0.0,555.6,555.6,3047.6,84.58,buen_ahorrador,2.8,2,16,u82144157,generic
29431,2022-12,36,senior,5787.6,0.0,0.0,0.0,0.0,0.0,0.0,290.9,290.9,5496.7,94.97,buen_ahorrador,5.7,2,13,u82144157,generic
38339,2026-07,27,senior,5701.87,0.0,561.93,0.0,0.0,0.0,0.0,86.13,648.06,5053.81,88.63,buen_ahorrador,2.8,2,11,expenseCheck_u26350274,es
23770,2024-04,30,medio,2019.8,0.0,128.83,0.0,164.8,0.0,0.0,52.6,346.23,1673.57,82.86,buen_ahorrador,3.4,1,12,u98235448,generic
8360,2023-12,31,senior,3258.1,0.0,0.0,0.0,0.0,0.0,0.0,434.2,434.2,2823.9,86.67,buen_ahorrador,3.3,2,12,u82144157,generic
4661,2026-05,30,medio,2237.26,0.0,203.27,268.53,37.53,0.0,0.0,232.45,741.78,1495.48,66.84,buen_ahorrador,2.8,1,25,u74445512,de
20131,2023-05,28,senior,3738.6,0.0,0.0,0.0,0.0,0.0,0.0,397.2,397.2,3341.4,89.38,buen_ahorrador,5.9,2,14,u82144157,generic
14047,2024-01,36,medio,1884.1,0.0,0.0,0.0,127.5,0.0,0.0,131.14,258.64,1625.46,86.27,buen_ahorrador,3.4,1,14,u98235448,generic
27145,2023-12,26,senior,6042.0,0.0,0.0,0.0,0.0,0.0,0.0,397.2,397.2,5644.8,93.43,buen_ahorrador,3.3,2,13,u82144157,generic
37814,2026-06,32,junior,1592.75,0.0,0.0,0.0,0.0,0.0,0.0,827.06,827.06,765.69,48.07,buen_ahorrador,2.8,0,15,u83188312,generic
1046,2026-02,30,medio,1938.1,0.0,55.66,0.0,124.1,0.0,0.0,130.8,310.56,1627.54,83.98,buen_ahorrador,2.8,1,15,u98235448,generic
29538,2022-09,27,senior,3060.0,0.0,0.0,0.0,0.0,0.0,0.0,355.2,355.2,2704.8,88.39,buen_ahorrador,10.2,2,11,u82144157,generic
16363,2022-07,31,senior,3664.5,0.0,0.0,0.0,0.0,0.0,0.0,401.7,401.7,3262.8,89.04,buen_ahorrador,10.2,2,14,u82144157,generic
17928,2025-11,40,senior,9556.34,0.0,247.6,0.0,0.0,0.0,0.0,470.31,717.91,8838.43,92.49,buen_ahorrador,2.8,2,10,expenseCheck_u24629591,generic
29376,2023-12,26,senior,3391.5,0.0,0.0,0.0,0.0,0.0,0.0,319.7,319.7,3071.8,90.57,buen_ahorrador,3.3,2,11,u82144157,generic
20968,2025-09,30,senior,5050.0,0.0,0.0,0.0,0.0,0.0,0.0,334.7,334.7,4715.3,93.37,buen_ahorrador,2.8,2,10,u82144157,generic
16666,2025-12,33,senior,5848.39,0.0,437.93,0.0,0.0,0.0,0.0,457.96,895.89,4952.5,84.68,buen_ahorrador,2.8,2,15,expenseCheck_u26350274,es
793,2026-07,29,junior,1513.05,0.0,0.0,0.0,0.0,0.0,0.0,542.22,542.22,970.83,64.16,buen_ahorrador,2.8,0,14,u86382190,generic
4546,2024-07,40,senior,4314.1,0.0,0.0,0.0,0.0,0.0,0.0,300.6,300.6,4013.5,93.03,buen_ahorrador,3.4,2,10,u82144157,generic
29606,2025-01,28,senior,5295.8,0.0,0.0,0.0,0.0,0.0,0.0,340.9,340.9,4954.9,93.56,buen_ahorrador,2.8,2,10,u82144157,generic
31151,2024-04,34,medio,2036.1,0.0,68.2,0.0,172.7,0.0,0.0,111.42,352.32,1683.78,82.7,buen_ahorrador,3.4,1,16,u98235448,generic
39560,2026-03,35,junior,1573.93,0.0,0.0,0.0,0.0,0.0,0.0,417.91,417.91,1156.02,73.45,buen_ahorrador,2.8,0,12,u86382190,generic
9438,2025-12,25,senior,8645.64,143.27,167.06,0.0,0.0,0.0,0.0,35.96,346.29,8299.35,95.99,buen_ahorrador,2.8,2,7,expenseCheck_u24629591,generic
5793,2024-10,30,medio,2064.0,0.0,120.0,0.0,147.84,0.0,0.0,23.6,291.44,1772.56,85.88,buen_ahorrador,1.5,1,14,u98235448,generic
30180,2023-09,25,senior,3573.7,0.0,0.0,0.0,0.0,0.0,0.0,376.4,376.4,3197.3,89.47,buen_ahorrador,1.9,2,14,u82144157,generic
4648,2022-07,35,senior,4488.0,0.0,0.0,0.0,0.0,0.0,0.0,306.5,306.5,4181.5,93.17,buen_ahorrador,10.2,2,11,u82144157,generic
13478,2024-07,32,medio,2098.2,0.0,0.0,0.0,137.66,0.0,0.0,135.22,272.88,1825.32,86.99,buen_ahorrador,3.4,1,12,u98235448,generic
21545,2024-05,39,medio,1961.6,0.0,49.7,0.0,136.43,0.0,0.0,81.64,267.77,1693.83,86.35,buen_ahorrador,3.4,1,12,u98235448,generic
6317,2022-02,31,senior,3596.3,0.0,0.0,0.0,0.0,0.0,0.0,290.2,290.2,3306.1,91.93,buen_ahorrador,6.1,2,11,u82144157,generic
18804,2024-09,27,medio,1944.3,0.0,119.09,0.0,41.5,0.0,0.0,67.45,228.04,1716.26,88.27,buen_ahorrador,1.5,1,13,u98235448,generic
39527,2026-07,33,senior,6851.65,0.0,369.11,0.0,47.97,0.0,0.0,1366.96,1784.04,5067.61,73.96,buen_ahorrador,2.8,2,10,expenseCheck_u26350274,es
19800,2022-07,25,senior,3602.1,0.0,0.0,0.0,0.0,0.0,0.0,443.9,443.9,3158.2,87.68,buen_ahorrador,10.2,2,15,u82144157,generic
20815,2026-06,40,medio,1999.7,0.0,95.3,0.0,221.11,0.0,0.0,47.1,363.51,1636.19,81.82,buen_ahorrador,2.8,1,14,u98235448,generic
6648,2023-09,26,medio,2052.6,0.0,38.6,0.0,97.9,0.0,0.0,35.0,171.5,1881.1,91.64,buen_ahorrador,1.9,1,10,u98235448,generic
14088,2024-06,36,senior,5215.1,0.0,0.0,0.0,0.0,0.0,0.0,545.3,545.3,4669.8,89.54,buen_ahorrador,3.4,2,14,u82144157,generic
5383,2023-04,27,medio,1903.9,0.0,0.0,0.0,169.2,0.0,0.0,174.9,344.1,1559.8,81.93,buen_ahorrador,5.9,1,12,u98235448,generic
30798,2025-01,34,medio,2054.5,0.0,125.84,0.0,112.9,0.0,0.0,24.5,263.24,1791.26,87.19,buen_ahorrador,2.8,1,13,u98235448,generic
22619,2025-08,35,senior,9114.65,23.42,107.03,0.0,0.0,0.0,0.0,510.17,640.62,8474.03,92.97,buen_ahorrador,2.8,2,10,expenseCheck_u24629591,generic
4308,2022-12,25,senior,7141.0,0.0,0.0,0.0,0.0,0.0,0.0,323.9,323.9,6817.1,95.46,buen_ahorrador,5.7,2,12,u82144157,generic
38354,2023-09,37,medio,2081.7,0.0,113.89,0.0,68.5,0.0,0.0,189.64,372.03,1709.67,82.13,buen_ahorrador,1.9,1,13,u98235448,generic
13922,2025-01,30,medio,1987.2,0.0,113.7,0.0,63.58,0.0,0.0,118.34,295.62,1691.58,85.12,buen_ahorrador,2.8,1,12,u98235448,generic
29426,2026-06,25,junior,1544.1,0.0,0.0,0.0,0.0,0.0,0.0,439.74,439.74,1104.36,71.52,buen_ahorrador,2.8,0,12,u83188312,generic
18749,2026-04,25,medio,1909.0,0.0,54.6,0.0,182.56,0.0,0.0,32.57,269.73,1639.27,85.87,buen_ahorrador,2.8,1,12,u98235448,generic
1098,2022-01,31,senior,5000.8,0.0,0.0,0.0,0.0,0.0,0.0,428.7,428.7,4572.1,91.43,buen_ahorrador,6.1,2,14,u82144157,generic
35666,2026-05,30,senior,9254.03,14.0,493.64,0.0,0.0,0.0,0.0,160.64,668.28,8585.75,92.78,buen_ahorrador,2.8,2,10,expenseCheck_u24629591,generic
10418,2024-02,31,senior,3532.9,0.0,0.0,0.0,0.0,0.0,0.0,316.6,316.6,3216.3,91.04,buen_ahorrador,3.4,2,11,u82144157,generic
6305,2025-08,33,senior,5299.67,0.0,219.94,0.0,0.0,0.0,0.0,204.88,424.82,4874.85,91.98,buen_ahorrador,2.8,2,11,expenseCheck_u26350274,es
31524,2025-05,33,medio,2041.6,0.0,80.31,0.0,147.04,0.0,0.0,62.0,289.35,1752.25,85.83,buen_ahorrador,2.8,1,12,u98235448,generic
4663,2022-10,27,senior,4827.4,0.0,0.0,0.0,0.0,0.0,0.0,356.3,356.3,4471.1,92.62,buen_ahorrador,10.2,2,14,u82144157,generic
9075,2026-01,31,medio,2142.1,0.0,150.8,0.0,28.45,0.0,0.0,167.2,346.45,1795.65,83.83,buen_ahorrador,2.8,1,15,u98235448,generic
30234,2024-09,28,senior,3320.1,0.0,0.0,0.0,0.0,0.0,0.0,447.4,447.4,2872.7,86.52,buen_ahorrador,1.5,2,11,u82144157,generic
23017,2021-09,32,senior,3510.5,0.0,0.0,0.0,0.0,0.0,0.0,423.2,423.2,3087.3,87.94,buen_ahorrador,6.7,2,12,u82144157,generic
16377,2023-08,25,medio,1933.05,0.0,28.2,0.0,180.23,0.0,0.0,17.2,225.63,1707.42,88.33,buen_ahorrador,1.9,1,12,u98235448,generic
7043,2023-10,26,medio,2058.5,0.0,36.6,0.0,162.17,0.0,0.0,74.45,273.22,1785.28,86.73,buen_ahorrador,1.9,1,14,u98235448,generic
15385,2026-06,38,junior,1722.11,0.0,0.0,0.0,0.0,0.0,0.0,223.92,223.92,1498.19,87.0,buen_ahorrador,2.8,0,12,u86382190,generic
596,2025-11,37,medio,1955.7,0.0,71.89,0.0,103.3,0.0,0.0,103.22,278.41,1677.29,85.76,buen_ahorrador,2.8,1,11,u98235448,generic
836,2024-02,25,medio,2044.3,0.0,92.87,0.0,89.4,0.0,0.0,63.1,245.37,1798.93,88.0,buen_ahorrador,3.4,1,13,u98235448,generic
16005,2024-03,31,medio,2027.5,0.0,55.68,0.0,58.2,0.0,0.0,107.8,221.68,1805.82,89.07,buen_ahorrador,3.4,1,11,u98235448,generic
1772,2025-11,40,senior,3524.2,0.0,0.0,0.0,0.0,0.0,0.0,323.2,323.2,3201.0,90.83,buen_ahorrador,2.8,2,12,u82144157,generic
737,2026-02,40,junior,1557.43,0.0,0.0,0.0,0.0,0.0,0.0,398.01,398.01,1159.42,74.44,buen_ahorrador,2.8,0,13,u86382190,generic
4271,2024-03,39,senior,3185.0,0.0,0.0,0.0,0.0,0.0,0.0,378.6,378.6,2806.4,88.11,buen_ahorrador,3.4,2,14,u82144157,generic
14645,2024-11,38,senior,4376.0,0.0,0.0,0.0,0.0,0.0,0.0,344.2,344.2,4031.8,92.13,buen_ahorrador,1.5,2,13,u82144157,generic
11760,2023-10,27,medio,2045.61,0.0,29.7,0.0,97.9,0.0,0.0,92.16,219.76,1825.85,89.26,buen_ahorrador,1.9,1,10,u98235448,generic
21899,2023-12,38,medio,2050.9,0.0,96.8,0.0,29.5,0.0,0.0,151.94,278.24,1772.66,86.43,buen_ahorrador,3.3,1,14,u98235448,generic
12873,2024-08,27,medio,2011.9,0.0,52.3,0.0,91.1,0.0,0.0,141.95,285.35,1726.55,85.82,buen_ahorrador,3.4,1,13,u98235448,generic
12906,2026-07,38,junior,412.5,0.0,0.0,0.0,0.0,0.0,0.0,629.63,629.63,-217.13,-52.64,ahorro_insuficiente,2.8,0,14,u60341395,generic
33323,2025-03,30,senior,3601.9,0.0,0.0,0.0,0.0,0.0,0.0,360.7,360.7,3241.2,89.99,buen_ahorrador,2.8,2,13,u82144157,generic
31524,2024-04,33,medio,1989.8,0.0,125.96,0.0,104.1,0.0,0.0,54.2,284.26,1705.54,85.71,buen_ahorrador,3.4,1,15,u98235448,generic
37488,2024-03,29,medio,1827.9,0.0,23.22,0.0,176.16,0.0,0.0,48.3,247.68,1580.22,86.45,buen_ahorrador,3.4,1,13,u98235448,generic
6480,2023-03,35,senior,7014.2,0.0,0.0,0.0,0.0,0.0,0.0,354.5,354.5,6659.7,94.95,buen_ahorrador,5.9,2,13,u82144157,generic
24660,2024-10,28,senior,4355.7,0.0,0.0,0.0,0.0,0.0,0.0,424.8,424.8,3930.9,90.25,buen_ahorrador,1.5,2,15,u82144157,generic
9030,2023-05,25,senior,3614.1,0.0,0.0,0.0,0.0,0.0,0.0,309.7,309.7,3304.4,91.43,buen_ahorrador,5.9,2,12,u82144157,generic
4068,2025-11,26,senior,3468.4,0.0,0.0,0.0,0.0,0.0,0.0,540.5,540.5,2927.9,84.42,buen_ahorrador,2.8,2,16,u82144157,generic
25204,2023-12,25,medio,1995.24,0.0,90.15,0.0,187.7,0.0,0.0,114.7,392.55,1602.69,80.33,buen_ahorrador,3.3,1,15,u98235448,generic
256,2025-12,37,senior,5644.14,0.0,422.33,0.0,0.0,0.0,0.0,138.69,561.02,5083.12,90.06,buen_ahorrador,2.8,2,12,expenseCheck_u26350274,es
1527,2026-06,38,junior,426.2,0.0,0.0,0.0,0.0,0.0,0.0,352.2,352.2,74.0,17.36,buen_ahorrador,2.8,0,12,u60341395,generic
17075,2026-03,31,senior,5627.34,0.0,689.24,0.0,0.0,0.0,0.0,524.31,1213.55,4413.79,78.43,buen_ahorrador,2.8,2,12,expenseCheck_u26350274,es
6394,2024-12,38,medio,2003.85,0.0,24.63,0.0,105.77,0.0,0.0,138.89,269.29,1734.56,86.56,buen_ahorrador,2.8,1,12,u98235448,generic
7161,2026-01,31,medio,1839.6,0.0,32.1,0.0,75.9,0.0,0.0,139.43,247.43,1592.17,86.55,buen_ahorrador,2.8,1,15,u98235448,generic
39525,2026-06,39,junior,454.1,0.0,0.0,0.0,0.0,0.0,0.0,538.4,538.4,-84.3,-18.56,ahorro_insuficiente,2.8,0,15,u60341395,generic
23447,2025-09,25,medio,2016.6,0.0,42.56,0.0,35.4,0.0,0.0,194.1,272.06,1744.54,86.51,buen_ahorrador,2.8,1,16,u98235448,generic
37904,2022-02,31,senior,4523.6,0.0,0.0,0.0,0.0,0.0,0.0,387.9,387.9,4135.7,91.42,buen_ahorrador,6.1,2,15,u82144157,generic
29424,2022-09,31,senior,3208.6,0.0,0.0,0.0,0.0,0.0,0.0,359.9,359.9,2848.7,88.78,buen_ahorrador,10.2,2,11,u82144157,generic
2,2023-07,30,medio,1919.31,0.0,63.01,0.0,134.1,0.0,0.0,40.2,237.31,1682.0,87.64,buen_ahorrador,1.9,1,12,u98235448,generic
5006,2026-05,35,junior,1613.86,0.0,0.0,0.0,0.0,0.0,0.0,321.22,321.22,1292.64,80.1,buen_ahorrador,2.8,0,13,u86382190,generic
301,2026-04,34,medio,2041.9,0.0,63.14,0.0,50.9,0.0,0.0,118.1,232.14,1809.76,88.63,buen_ahorrador,2.8,1,13,u98235448,generic
38769,2022-11,39,senior,5709.9,0.0,0.0,0.0,0.0,0.0,0.0,414.0,414.0,5295.9,92.75,buen_ahorrador,10.2,2,14,u82144157,generic
8676,2025-06,36,medio,2025.1,0.0,44.36,0.0,107.3,0.0,0.0,51.6,203.26,1821.84,89.96,buen_ahorrador,2.8,1,11,u98235448,generic
37409,2023-03,35,senior,3473.3,0.0,0.0,0.0,0.0,0.0,0.0,445.7,445.7,3027.6,87.17,buen_ahorrador,5.9,2,15,u82144157,generic
16442,2024-03,35,medio,2038.7,0.0,140.1,0.0,202.37,0.0,0.0,92.33,434.8,1603.9,78.67,buen_ahorrador,3.4,1,15,u98235448,generic
15181,2025-12,29,senior,9453.06,0.0,138.08,0.0,0.0,0.0,0.0,219.42,357.5,9095.56,96.22,buen_ahorrador,2.8,2,9,expenseCheck_u24629591,generic
4712,2026-01,33,junior,1634.75,0.0,0.0,0.0,0.0,0.0,0.0,282.15,282.15,1352.6,82.74,buen_ahorrador,2.8,0,12,u86382190,generic
8343,2026-05,36,senior,7459.64,0.0,442.42,0.0,0.0,0.0,0.0,395.69,838.11,6621.53,88.76,buen_ahorrador,2.8,2,16,expenseCheck_u26350274,es
37248,2023-03,26,senior,5686.4,0.0,0.0,0.0,0.0,0.0,0.0,418.4,418.4,5268.0,92.64,buen_ahorrador,5.9,2,16,u82144157,generic
30305,2023-12,40,senior,5315.4,0.0,0.0,0.0,0.0,0.0,0.0,395.0,395.0,4920.4,92.57,buen_ahorrador,3.3,2,14,u82144157,generic
23626,2026-01,32,senior,5615.15,0.0,478.13,0.0,0.0,0.0,0.0,136.41,614.54,5000.61,89.06,buen_ahorrador,2.8,2,12,expenseCheck_u26350274,es
8840,2026-04,31,senior,5610.55,0.0,376.21,0.0,0.0,0.0,0.0,340.89,717.1,4893.45,87.22,buen_ahorrador,2.8,2,14,expenseCheck_u26350274,es
29556,2022-09,30,senior,3676.2,0.0,0.0,0.0,0.0,0.0,0.0,400.4,400.4,3275.8,89.11,buen_ahorrador,10.2,2,13,u82144157,generic
38329,2021-10,29,senior,3230.0,0.0,0.0,0.0,0.0,0.0,0.0,360.5,360.5,2869.5,88.84,buen_ahorrador,6.7,2,11,u82144157,generic
18916,2023-12,25,senior,3209.1,0.0,0.0,0.0,0.0,0.0,0.0,364.6,364.6,2844.5,88.64,buen_ahorrador,3.3,2,12,u82144157,generic
6839,2023-09,25,medio,2124.4,0.0,87.2,0.0,59.36,0.0,0.0,87.36,233.92,1890.48,88.99,buen_ahorrador,1.9,1,12,u98235448,generic
32304,2024-02,26,senior,3134.9,0.0,0.0,0.0,0.0,0.0,0.0,491.4,491.4,2643.5,84.32,buen_ahorrador,3.4,2,14,u82144157,generic
31436,2025-02,36,senior,3367.6,0.0,0.0,0.0,0.0,0.0,0.0,405.8,405.8,2961.8,87.95,buen_ahorrador,2.8,2,13,u82144157,generic
1499,2025-09,27,medio,2034.7,0.0,69.9,0.0,89.3,0.0,0.0,108.2,267.4,1767.3,86.86,buen_ahorrador,2.8,1,13,u98235448,generic
9427,2023-10,38,senior,3224.0,0.0,0.0,0.0,0.0,0.0,0.0,364.6,364.6,2859.4,88.69,buen_ahorrador,1.9,2,13,u82144157,generic
22839,2026-06,39,junior,418.8,0.0,0.0,0.0,0.0,0.0,0.0,466.6,466.6,-47.8,-11.41,ahorro_insuficiente,2.8,0,15,u60341395,generic
19154,2025-07,25,medio,2003.6,0.0,108.61,0.0,64.4,0.0,0.0,149.3,322.31,1681.29,83.91,buen_ahorrador,2.8,1,13,u98235448,generic
36226,2026-01,30,senior,8689.09,25.39,174.52,0.0,0.0,0.0,0.0,56.52,256.43,8432.66,97.05,buen_ahorrador,2.8,2,9,expenseCheck_u24629591,generic
4606,2024-05,32,senior,3638.1,0.0,0.0,0.0,0.0,0.0,0.0,336.1,336.1,3302.0,90.76,buen_ahorrador,3.4,2,12,u82144157,generic
30463,2026-05,37,senior,9181.23,52.34,559.79,0.0,0.0,0.0,0.0,120.85,732.98,8448.25,92.02,buen_ahorrador,2.8,2,11,expenseCheck_u24629591,generic
6529,2025-12,34,medio,1883.0,0.0,10.46,0.0,148.37,0.0,0.0,107.4,266.23,1616.77,85.86,buen_ahorrador,2.8,1,13,u98235448,generic
8940,2022-10,36,senior,3466.9,0.0,0.0,0.0,0.0,0.0,0.0,362.7,362.7,3104.2,89.54,buen_ahorrador,10.2,2,12,u82144157,generic
30295,2024-10,30,medio,2103.3,0.0,18.5,0.0,117.42,0.0,0.0,92.49,228.41,1874.89,89.14,buen_ahorrador,1.5,1,12,u98235448,generic
28165,2025-10,32,medio,1916.8,0.0,87.83,0.0,107.32,0.0,0.0,25.5,220.65,1696.15,88.49,buen_ahorrador,2.8,1,10,u98235448,generic
749,2025-05,32,senior,3358.3,0.0,0.0,0.0,0.0,0.0,0.0,434.6,434.6,2923.7,87.06,buen_ahorrador,2.8,2,14,u82144157,generic
583,2026-06,39,junior,1604.04,0.0,0.0,0.0,0.0,0.0,0.0,440.89,440.89,1163.15,72.51,buen_ahorrador,2.8,0,16,u86382190,generic
19220,2023-12,27,senior,3424.2,0.0,0.0,0.0,0.0,0.0,0.0,413.2,413.2,3011.0,87.93,buen_ahorrador,3.3,2,13,u82144157,generic
18780,2024-02,40,senior,3374.2,0.0,0.0,0.0,0.0,0.0,0.0,293.8,293.8,3080.4,91.29,buen_ahorrador,3.4,2,13,u82144157,generic
15890,2022-03,35,senior,3287.3,0.0,0.0,0.0,0.0,0.0,0.0,331.4,331.4,2955.9,89.92,buen_ahorrador,6.1,2,12,u82144157,generic
26267,2024-07,32,senior,3726.4,0.0,0.0,0.0,0.0,0.0,0.0,307.9,307.9,3418.5,91.74,buen_ahorrador,3.4,2,10,u82144157,generic
6894,2025-10,38,senior,3284.5,0.0,0.0,0.0,0.0,0.0,0.0,513.3,513.3,2771.2,84.37,buen_ahorrador,2.8,2,15,u82144157,generic
29527,2023-04,37,medio,2043.4,0.0,111.6,0.0,107.2,0.0,0.0,108.3,327.1,1716.3,83.99,buen_ahorrador,5.9,1,15,u98235448,generic
609,2021-08,34,senior,3203.2,0.0,0.0,0.0,0.0,0.0,0.0,439.1,439.1,2764.1,86.29,buen_ahorrador,6.7,2,11,u82144157,generic
9651,2021-10,33,senior,3381.9,0.0,0.0,0.0,0.0,0.0,0.0,411.1,411.1,2970.8,87.84,buen_ahorrador,6.7,2,12,u82144157,generic
29473,2021-12,31,senior,3268.1,0.0,0.0,0.0,0.0,0.0,0.0,328.7,328.7,2939.4,89.94,buen_ahorrador,6.7,2,11,u82144157,generic
29337,2023-10,40,senior,4274.2,0.0,0.0,0.0,0.0,0.0,0.0,312.3,312.3,3961.9,92.69,buen_ahorrador,1.9,2,11,u82144157,generic
172,2024-05,36,senior,3565.1,0.0,0.0,0.0,0.0,0.0,0.0,355.3,355.3,3209.8,90.03,buen_ahorrador,3.4,2,14,u82144157,generic
18068,2024-11,38,senior,3672.5,0.0,0.0,0.0,0.0,0.0,0.0,342.3,342.3,3330.2,90.68,buen_ahorrador,1.5,2,11,u82144157,generic
29432,2026-07,27,junior,385.0,0.0,0.0,0.0,0.0,0.0,0.0,393.27,393.27,-8.27,-2.15,ahorro_insuficiente,2.8,0,15,u60341395,generic
4555,2026-05,38,senior,8980.3,0.0,87.53,0.0,0.0,0.0,0.0,398.53,486.06,8494.24,94.59,buen_ahorrador,2.8,2,9,expenseCheck_u24629591,generic
607,2023-12,40,medio,2131.2,0.0,43.0,0.0,30.5,0.0,0.0,117.41,190.91,1940.29,91.04,buen_ahorrador,3.3,1,11,u98235448,generic
31712,2022-01,36,senior,3538.2,0.0,0.0,0.0,0.0,0.0,0.0,476.8,476.8,3061.4,86.52,buen_ahorrador,6.1,2,14,u82144157,generic
6259,2026-07,33,senior,6635.49,0.0,770.97,0.0,10.19,0.0,0.0,37.49,818.65,5816.84,87.66,buen_ahorrador,2.8,2,12,expenseCheck_u26350274,es
23442,2022-03,37,senior,3501.7,0.0,0.0,0.0,0.0,0.0,0.0,504.0,504.0,2997.7,85.61,buen_ahorrador,6.1,2,15,u82144157,generic
9810,2023-05,30,medio,2010.5,0.0,37.8,0.0,53.7,0.0,0.0,224.61,316.11,1694.39,84.28,buen_ahorrador,5.9,1,14,u98235448,generic
37762,2026-04,36,medio,2087.1,0.0,27.7,0.0,133.0,0.0,0.0,158.97,319.67,1767.43,84.68,buen_ahorrador,2.8,1,15,u98235448,generic
29462,2024-10,36,medio,1811.98,0.0,41.4,0.0,182.81,0.0,0.0,61.96,286.17,1525.81,84.21,buen_ahorrador,1.5,1,15,u98235448,generic
8935,2023-07,33,senior,5548.7,0.0,0.0,0.0,0.0,0.0,0.0,448.6,448.6,5100.1,91.92,buen_ahorrador,1.9,2,15,u82144157,generic
4602,2025-03,34,medio,2038.0,0.0,51.31,0.0,106.21,0.0,0.0,71.1,228.62,1809.38,88.78,buen_ahorrador,2.8,1,12,u98235448,generic
4489,2026-03,35,senior,8634.5,25.03,161.53,0.0,0.0,0.0,0.0,484.26,670.82,7963.68,92.23,buen_ahorrador,2.8,2,10,expenseCheck_u24629591,generic
5514,2026-06,39,junior,379.9,0.0,0.0,0.0,0.0,0.0,0.0,495.82,495.82,-115.92,-30.51,ahorro_insuficiente,2.8,0,15,u60341395,generic
22628,2023-08,38,medio,2088.71,0.0,8.8,0.0,55.04,0.0,0.0,90.53,154.37,1934.34,92.61,buen_ahorrador,1.9,1,15,u98235448,generic
21235,2026-04,34,senior,8343.95,0.0,258.77,0.0,0.0,0.0,0.0,53.49,312.26,8031.69,96.26,buen_ahorrador,2.8,2,8,expenseCheck_u24629591,generic
9623,2026-06,37,junior,454.7,0.0,0.0,0.0,0.0,0.0,0.0,314.81,314.81,139.89,30.77,buen_ahorrador,2.8,0,13,u60341395,generic
8590,2024-12,32,medio,2041.2,0.0,103.3,0.0,60.9,0.0,0.0,102.7,266.9,1774.3,86.92,buen_ahorrador,2.8,1,15,u98235448,generic
32920,2026-06,39,junior,407.2,0.0,0.0,0.0,0.0,0.0,0.0,333.3,333.3,73.9,18.15,buen_ahorrador,2.8,0,12,u60341395,generic
30366,2025-10,26,senior,5250.35,0.0,393.88,0.0,0.0,0.0,0.0,626.98,1020.86,4229.49,80.56,buen_ahorrador,2.8,2,14,expenseCheck_u26350274,es
749,2021-11,32,senior,4409.7,0.0,0.0,0.0,0.0,0.0,0.0,341.5,341.5,4068.2,92.26,buen_ahorrador,6.7,2,11,u82144157,generic
8334,2023-08,33,senior,4259.1,0.0,0.0,0.0,0.0,0.0,0.0,246.2,246.2,4012.9,94.22,buen_ahorrador,1.9,2,10,u82144157,generic
14471,2023-02,34,senior,3544.8,0.0,0.0,0.0,0.0,0.0,0.0,298.5,298.5,3246.3,91.58,buen_ahorrador,5.9,2,11,u82144157,generic
14637,2025-08,36,senior,8811.87,0.0,324.96,0.0,0.0,0.0,0.0,184.03,508.99,8302.88,94.22,buen_ahorrador,2.8,2,9,expenseCheck_u24629591,generic
13976,2024-04,27,medio,1949.6,0.0,36.3,0.0,128.49,0.0,0.0,45.4,210.19,1739.41,89.22,buen_ahorrador,3.4,1,12,u98235448,generic
36217,2026-06,40,medio,2386.21,35.7,182.21,128.85,64.26,0.0,0.0,1031.99,1443.01,943.2,39.53,buen_ahorrador,2.8,1,39,u74445512,de
17807,2026-01,37,junior,1580.65,0.0,0.0,0.0,0.0,0.0,0.0,350.17,350.17,1230.48,77.85,buen_ahorrador,2.8,0,13,u86382190,generic
32159,2026-05,38,medio,2054.76,0.0,62.21,0.0,76.6,0.0,0.0,94.8,233.61,1821.15,88.63,buen_ahorrador,2.8,1,13,u98235448,generic
15684,2025-03,39,senior,3514.9,0.0,0.0,0.0,0.0,0.0,0.0,410.3,410.3,3104.6,88.33,buen_ahorrador,2.8,2,14,u82144157,generic
4828,2023-05,30,medio,2073.3,0.0,69.2,0.0,191.6,0.0,0.0,16.2,277.0,1796.3,86.64,buen_ahorrador,5.9,1,10,u98235448,generic
14506,2023-12,37,senior,5356.6,0.0,0.0,0.0,0.0,0.0,0.0,454.4,454.4,4902.2,91.52,buen_ahorrador,3.3,2,16,u82144157,generic
33659,2024-08,32,senior,9957.4,0.0,0.0,0.0,0.0,0.0,0.0,396.8,396.8,9560.6,96.02,buen_ahorrador,3.4,2,15,u82144157,generic
18780,2023-07,40,senior,3382.1,0.0,0.0,0.0,0.0,0.0,0.0,550.1,550.1,2832.0,83.73,buen_ahorrador,1.9,2,14,u82144157,generic
30579,2024-09,25,medio,2152.6,0.0,53.5,0.0,69.9,0.0,0.0,171.23,294.63,1857.97,86.31,buen_ahorrador,1.5,1,13,u98235448,generic
27169,2025-01,33,senior,3366.1,0.0,0.0,0.0,0.0,0.0,0.0,357.9,357.9,3008.2,89.37,buen_ahorrador,2.8,2,13,u82144157,generic
4603,2021-12,39,senior,8586.4,0.0,0.0,0.0,0.0,0.0,0.0,322.2,322.2,8264.2,96.25,buen_ahorrador,6.7,2,13,u82144157,generic
4617,2022-06,31,senior,4441.1,0.0,0.0,0.0,0.0,0.0,0.0,422.4,422.4,4018.7,90.49,buen_ahorrador,10.2,2,12,u82144157,generic
10891,2023-12,34,senior,3321.0,0.0,0.0,0.0,0.0,0.0,0.0,292.7,292.7,3028.3,91.19,buen_ahorrador,3.3,2,10,u82144157,generic
38420,2024-09,28,medio,1822.21,0.0,55.4,0.0,205.4,0.0,0.0,86.8,347.6,1474.61,80.92,buen_ahorrador,1.5,1,16,u98235448,generic
16830,2023-08,33,senior,3392.8,0.0,0.0,0.0,0.0,0.0,0.0,428.8,428.8,2964.0,87.36,buen_ahorrador,1.9,2,15,u82144157,generic
377,2026-06,31,medio,1999.56,64.68,334.69,145.11,0.0,0.0,0.0,127.86,672.34,1327.22,66.38,buen_ahorrador,2.8,1,31,u74445512,de
7871,2023-01,35,freelance,4959.8,0.0,0.0,0.0,0.0,0.0,0.0,426.7,426.7,4533.1,91.4,buen_ahorrador,5.9,3,13,u82144157,generic
15222,2025-09,29,medio,2021.7,0.0,99.6,0.0,99.01,0.0,0.0,52.9,251.51,1770.19,87.56,buen_ahorrador,2.8,1,13,u98235448,generic
23627,2021-10,34,senior,6201.6,0.0,0.0,0.0,0.0,0.0,0.0,340.3,340.3,5861.3,94.51,buen_ahorrador,6.7,2,13,u82144157,generic
15720,2024-06,26,senior,6382.2,0.0,0.0,0.0,0.0,0.0,0.0,471.8,471.8,5910.4,92.61,buen_ahorrador,3.4,2,15,u82144157,generic
18741,2021-09,40,senior,3690.5,0.0,0.0,0.0,0.0,0.0,0.0,394.5,394.5,3296.0,89.31,buen_ahorrador,6.7,2,13,u82144157,generic
4256,2022-02,25,senior,3286.8,0.0,0.0,0.0,0.0,0.0,0.0,504.3,504.3,2782.5,84.66,buen_ahorrador,6.1,2,16,u82144157,generic
1364,2022-11,29,senior,3445.8,0.0,0.0,0.0,0.0,0.0,0.0,400.6,400.6,3045.2,88.37,buen_ahorrador,10.2,2,14,u82144157,generic
18929,2023-07,40,senior,3393.1,0.0,0.0,0.0,0.0,0.0,0.0,416.7,416.7,2976.4,87.72,buen_ahorrador,1.9,2,16,u82144157,generic
13015,2025-09,33,medio,2015.0,0.0,76.3,0.0,96.0,0.0,0.0,56.4,228.7,1786.3,88.65,buen_ahorrador,2.8,1,13,u98235448,generic
699,2024-03,31,senior,3339.0,0.0,0.0,0.0,0.0,0.0,0.0,451.5,451.5,2887.5,86.48,buen_ahorrador,3.4,2,15,u82144157,generic
10524,2022-06,26,senior,3394.1,0.0,0.0,0.0,0.0,0.0,0.0,528.6,528.6,2865.5,84.43,buen_ahorrador,10.2,2,14,u82144157,generic
785,2025-04,33,medio,1979.3,0.0,28.2,0.0,130.0,0.0,0.0,109.4,267.6,1711.7,86.48,buen_ahorrador,2.8,1,12,u98235448,generic
7588,2025-07,26,senior,8188.1,0.0,254.37,0.0,0.0,0.0,0.0,614.17,868.54,7319.56,89.39,buen_ahorrador,2.8,2,8,expenseCheck_u24629591,generic
1171,2026-01,33,senior,9255.88,0.0,105.58,0.0,0.0,0.0,0.0,460.95,566.53,8689.35,93.88,buen_ahorrador,2.8,2,7,expenseCheck_u24629591,generic
4043,2024-10,26,medio,1965.0,0.0,136.83,0.0,72.3,0.0,0.0,162.6,371.73,1593.27,81.08,buen_ahorrador,1.5,1,15,u98235448,generic
13940,2021-12,30,senior,5559.1,0.0,0.0,0.0,0.0,0.0,0.0,381.4,381.4,5177.7,93.14,buen_ahorrador,6.7,2,13,u82144157,generic
36202,2024-05,35,medio,1953.8,0.0,17.2,0.0,92.92,0.0,0.0,195.94,306.06,1647.74,84.34,buen_ahorrador,3.4,1,14,u98235448,generic
12437,2025-04,30,senior,3283.6,0.0,0.0,0.0,0.0,0.0,0.0,293.4,293.4,2990.2,91.06,buen_ahorrador,2.8,2,12,u82144157,generic
9419,2026-04,34,senior,5296.59,0.0,295.79,0.0,0.0,0.0,0.0,334.92,630.71,4665.88,88.09,buen_ahorrador,2.8,2,13,expenseCheck_u26350274,es
1772,2024-10,40,senior,4858.2,0.0,0.0,0.0,0.0,0.0,0.0,336.3,336.3,4521.9,93.08,buen_ahorrador,1.5,2,12,u82144157,generic
4278,2025-09,39,senior,3496.7,0.0,0.0,0.0,0.0,0.0,0.0,310.1,310.1,3186.6,91.13,buen_ahorrador,2.8,2,13,u82144157,generic
12419,2025-03,34,medio,2014.4,0.0,171.33,0.0,76.13,0.0,0.0,49.7,297.16,1717.24,85.25,buen_ahorrador,2.8,1,14,u98235448,generic
29434,2026-07,30,junior,1693.45,0.0,0.0,0.0,0.0,0.0,0.0,356.63,356.63,1336.82,78.94,buen_ahorrador,2.8,0,12,u86382190,generic
28419,2026-05,25,senior,9433.83,206.82,5.17,0.0,0.0,0.0,0.0,167.65,379.64,9054.19,95.98,buen_ahorrador,2.8,2,9,expenseCheck_u24629591,generic
36193,2023-08,26,senior,3436.2,0.0,0.0,0.0,0.0,0.0,0.0,366.7,366.7,3069.5,89.33,buen_ahorrador,1.9,2,13,u82144157,generic
8508,2022-11,35,senior,3739.3,0.0,0.0,0.0,0.0,0.0,0.0,597.2,597.2,3142.1,84.03,buen_ahorrador,10.2,2,15,u82144157,generic
40,2025-05,40,senior,3228.6,0.0,0.0,0.0,0.0,0.0,0.0,306.0,306.0,2922.6,90.52,buen_ahorrador,2.8,2,11,u82144157,generic
14646,2021-09,26,senior,4907.7,0.0,0.0,0.0,0.0,0.0,0.0,283.9,283.9,4623.8,94.22,buen_ahorrador,6.7,2,13,u82144157,generic
25129,2025-09,27,senior,6237.44,0.0,531.14,0.0,0.0,0.0,0.0,107.38,638.52,5598.92,89.76,buen_ahorrador,2.8,2,14,expenseCheck_u26350274,es
28169,2022-05,30,senior,3333.3,0.0,0.0,0.0,0.0,0.0,0.0,440.4,440.4,2892.9,86.79,buen_ahorrador,6.1,2,12,u82144157,generic
32921,2023-12,39,medio,2022.0,0.0,86.95,0.0,151.04,0.0,0.0,39.0,276.99,1745.01,86.3,buen_ahorrador,3.3,1,13,u98235448,generic
7655,2026-05,26,junior,1675.93,0.0,0.0,0.0,0.0,0.0,0.0,579.07,579.07,1096.86,65.45,buen_ahorrador,2.8,0,15,u86382190,generic
6417,2026-01,29,medio,1918.84,0.0,99.5,0.0,117.9,0.0,0.0,212.74,430.14,1488.7,77.58,buen_ahorrador,2.8,1,15,u98235448,generic
32945,2026-05,37,senior,6259.06,0.0,247.21,0.0,0.0,0.0,0.0,201.74,448.95,5810.11,92.83,buen_ahorrador,2.8,2,10,expenseCheck_u26350274,es
7347,2026-05,38,senior,9380.05,101.31,458.16,0.0,0.0,0.0,0.0,163.67,723.14,8656.91,92.29,buen_ahorrador,2.8,2,10,expenseCheck_u24629591,generic
22599,2025-08,31,senior,5406.63,0.0,367.6,0.0,0.0,0.0,0.0,263.69,631.29,4775.34,88.32,buen_ahorrador,2.8,2,13,expenseCheck_u26350274,es
4085,2023-12,37,medio,2006.9,0.0,21.8,0.0,49.0,0.0,0.0,31.6,102.4,1904.5,94.9,buen_ahorrador,3.3,1,10,u98235448,generic
30098,2025-09,33,senior,8793.15,0.0,140.32,0.0,0.0,0.0,0.0,185.9,326.22,8466.93,96.29,buen_ahorrador,2.8,2,8,expenseCheck_u24629591,generic
12945,2021-09,38,senior,3398.8,0.0,0.0,0.0,0.0,0.0,0.0,478.5,478.5,2920.3,85.92,buen_ahorrador,6.7,2,12,u82144157,generic
37607,2025-01,38,senior,3393.1,0.0,0.0,0.0,0.0,0.0,0.0,472.6,472.6,2920.5,86.07,buen_ahorrador,2.8,2,12,u82144157,generic
26413,2025-10,32,senior,6530.7,0.0,0.0,0.0,0.0,0.0,0.0,291.1,291.1,6239.6,95.54,buen_ahorrador,2.8,2,10,u82144157,generic
29471,2026-02,34,junior,1559.46,0.0,0.0,0.0,0.0,0.0,0.0,389.75,389.75,1169.71,75.01,buen_ahorrador,2.8,0,13,u86382190,generic
9492,2025-11,29,senior,8310.63,20.76,118.1,0.0,0.0,0.0,0.0,356.45,495.31,7815.32,94.04,buen_ahorrador,2.8,2,8,expenseCheck_u24629591,generic
8555,2023-09,27,medio,2020.2,0.0,66.7,0.0,57.8,0.0,0.0,137.13,261.63,1758.57,87.05,buen_ahorrador,1.9,1,13,u98235448,generic
20066,2025-04,36,medio,1959.4,0.0,44.8,0.0,147.04,0.0,0.0,8.2,200.04,1759.36,89.79,buen_ahorrador,2.8,1,12,u98235448,generic
1523,2024-09,36,senior,4627.3,0.0,0.0,0.0,0.0,0.0,0.0,289.2,289.2,4338.1,93.75,buen_ahorrador,1.5,2,12,u82144157,generic
14495,2026-07,25,medio,2270.77,31.56,470.96,45.88,0.0,0.0,0.0,436.62,985.02,1285.75,56.62,buen_ahorrador,2.8,1,34,u74445512,de
9455,2022-06,26,senior,5199.3,0.0,0.0,0.0,0.0,0.0,0.0,366.5,366.5,4832.8,92.95,buen_ahorrador,10.2,2,14,u82144157,generic
25879,2025-10,39,senior,9103.6,0.0,183.2,0.0,0.0,0.0,0.0,75.45,258.65,8844.95,97.16,buen_ahorrador,2.8,2,7,expenseCheck_u24629591,generic
4304,2025-11,25,senior,5407.8,0.0,738.16,0.0,0.0,0.0,0.0,354.69,1092.85,4314.95,79.79,buen_ahorrador,2.8,2,15,expenseCheck_u26350274,es
39074,2023-10,38,senior,3317.9,0.0,0.0,0.0,0.0,0.0,0.0,225.7,225.7,3092.2,93.2,buen_ahorrador,1.9,2,11,u82144157,generic
4041,2026-06,36,senior,5111.58,0.0,471.33,0.0,0.0,0.0,0.0,271.85,743.18,4368.4,85.46,buen_ahorrador,2.8,2,14,expenseCheck_u26350274,es
4188,2024-02,31,senior,3360.4,0.0,0.0,0.0,0.0,0.0,0.0,480.9,480.9,2879.5,85.69,buen_ahorrador,3.4,2,14,u82144157,generic
26160,2025-11,38,senior,9051.66,135.05,114.7,0.0,0.0,0.0,0.0,306.89,556.64,8495.02,93.85,buen_ahorrador,2.8,2,9,expenseCheck_u24629591,generic
8405,2023-05,28,senior,3885.4,0.0,0.0,0.0,0.0,0.0,0.0,235.2,235.2,3650.2,93.95,buen_ahorrador,5.9,2,12,u82144157,generic
19429,2023-05,30,medio,1973.5,0.0,38.9,0.0,59.15,0.0,0.0,124.6,222.65,1750.85,88.72,buen_ahorrador,5.9,1,11,u98235448,generic
9948,2023-07,28,senior,5967.7,0.0,0.0,0.0,0.0,0.0,0.0,445.7,445.7,5522.0,92.53,buen_ahorrador,1.9,2,13,u82144157,generic
22627,2026-03,37,senior,6386.03,0.0,239.42,0.0,0.0,0.0,0.0,19.54,258.96,6127.07,95.94,buen_ahorrador,2.8,2,10,expenseCheck_u26350274,es
44,2023-01,34,senior,3538.6,0.0,0.0,0.0,0.0,0.0,0.0,373.4,373.4,3165.2,89.45,buen_ahorrador,5.9,2,13,u82144157,generic
4080,2026-04,36,senior,5258.61,0.0,223.93,0.0,0.0,0.0,0.0,304.4,528.33,4730.28,89.95,buen_ahorrador,2.8,2,14,expenseCheck_u26350274,es
11070,2025-06,31,medio,2059.84,0.0,99.1,0.0,126.2,0.0,0.0,90.7,316.0,1743.84,84.66,buen_ahorrador,2.8,1,14,u98235448,generic
8798,2024-05,31,medio,2079.6,0.0,0.0,0.0,60.1,0.0,0.0,88.1,148.2,1931.4,92.87,buen_ahorrador,3.4,1,12,u98235448,generic
4609,2025-09,36,senior,5616.33,0.0,621.33,0.0,0.0,0.0,0.0,99.32,720.65,4895.68,87.17,buen_ahorrador,2.8,2,14,expenseCheck_u26350274,es
7043,2025-12,26,medio,2096.81,0.0,74.8,0.0,101.8,0.0,0.0,108.68,285.28,1811.53,86.39,buen_ahorrador,2.8,1,12,u98235448,generic
13444,2023-06,30,senior,3400.4,0.0,0.0,0.0,0.0,0.0,0.0,419.9,419.9,2980.5,87.65,buen_ahorrador,1.9,2,11,u82144157,generic
27227,2025-09,28,medio,1909.04,0.0,0.0,0.0,180.49,0.0,0.0,44.1,224.59,1684.45,88.24,buen_ahorrador,2.8,1,12,u98235448,generic
37484,2022-10,31,senior,3421.6,0.0,0.0,0.0,0.0,0.0,0.0,454.7,454.7,2966.9,86.71,buen_ahorrador,10.2,2,13,u82144157,generic
37837,2023-08,37,senior,3217.1,0.0,0.0,0.0,0.0,0.0,0.0,444.3,444.3,2772.8,86.19,buen_ahorrador,1.9,2,11,u82144157,generic
14084,2026-05,26,senior,7198.83,0.0,285.25,0.0,0.0,0.0,0.0,235.41,520.66,6678.17,92.77,buen_ahorrador,2.8,2,10,expenseCheck_u26350274,es
1804,2026-04,36,medio,1800.0,0.0,135.4,0.0,109.33,0.0,0.0,160.4,405.13,1394.87,77.49,buen_ahorrador,2.8,1,14,u98235448,generic
25702,2026-02,28,medio,1926.3,0.0,11.5,0.0,55.0,0.0,0.0,152.67,219.17,1707.13,88.62,buen_ahorrador,2.8,1,12,u98235448,generic
29244,2025-03,39,medio,2099.9,0.0,130.4,0.0,112.03,0.0,0.0,63.6,306.03,1793.87,85.43,buen_ahorrador,2.8,1,12,u98235448,generic
478,2023-08,28,medio,1958.0,0.0,69.1,0.0,72.4,0.0,0.0,76.85,218.35,1739.65,88.85,buen_ahorrador,1.9,1,12,u98235448,generic
6,2026-05,29,medio,1945.1,0.0,55.9,0.0,127.9,0.0,0.0,43.16,226.96,1718.14,88.33,buen_ahorrador,2.8,1,11,u98235448,generic
481,2025-11,30,senior,5646.4,0.0,258.87,0.0,0.0,0.0,0.0,397.49,656.36,4990.04,88.38,buen_ahorrador,2.8,2,15,expenseCheck_u26350274,es
19240,2024-03,29,medio,1912.0,0.0,76.96,0.0,148.4,0.0,0.0,113.21,338.57,1573.43,82.29,buen_ahorrador,3.4,1,14,u98235448,generic
4547,2023-12,31,medio,2006.8,0.0,74.1,0.0,155.82,0.0,0.0,31.1,261.02,1745.78,86.99,buen_ahorrador,3.3,1,13,u98235448,generic
4546,2022-02,40,senior,3647.5,0.0,0.0,0.0,0.0,0.0,0.0,411.2,411.2,3236.3,88.73,buen_ahorrador,6.1,2,12,u82144157,generic
30571,2026-04,34,senior,9111.22,69.0,51.2,0.0,0.0,0.0,0.0,215.99,336.19,8775.03,96.31,buen_ahorrador,2.8,2,7,expenseCheck_u24629591,generic
8940,2022-07,36,senior,6633.1,0.0,0.0,0.0,0.0,0.0,0.0,237.2,237.2,6395.9,96.42,buen_ahorrador,10.2,2,13,u82144157,generic
27823,2025-11,35,senior,3546.2,0.0,0.0,0.0,0.0,0.0,0.0,335.5,335.5,3210.7,90.54,buen_ahorrador,2.8,2,10,u82144157,generic
182,2022-08,30,senior,3722.8,0.0,0.0,0.0,0.0,0.0,0.0,396.8,396.8,3326.0,89.34,buen_ahorrador,10.2,2,15,u82144157,generic
30341,2026-04,32,medio,1979.4,0.0,31.0,0.0,83.83,0.0,0.0,221.2,336.03,1643.37,83.02,buen_ahorrador,2.8,1,14,u98235448,generic
32936,2026-06,30,medio,2216.63,0.0,396.64,26.5,94.38,0.0,0.0,1588.72,2106.24,110.39,4.98,ahorro_insuficiente,2.8,1,33,u74445512,de
6538,2025-04,35,medio,1974.6,0.0,61.8,0.0,72.4,0.0,0.0,99.0,233.2,1741.4,88.19,buen_ahorrador,2.8,1,12,u98235448,generic
9243,2022-10,40,senior,3598.3,0.0,0.0,0.0,0.0,0.0,0.0,405.5,405.5,3192.8,88.73,buen_ahorrador,10.2,2,16,u82144157,generic
4490,2024-08,39,medio,1929.5,0.0,40.2,0.0,141.17,0.0,0.0,127.4,308.77,1620.73,84.0,buen_ahorrador,3.4,1,13,u98235448,generic
29453,2023-12,37,medio,1976.62,0.0,33.3,0.0,189.44,0.0,0.0,132.4,355.14,1621.48,82.03,buen_ahorrador,3.3,1,15,u98235448,generic
29378,2025-11,40,senior,9104.03,0.0,141.76,0.0,0.0,0.0,0.0,107.82,249.58,8854.45,97.26,buen_ahorrador,2.8,2,9,expenseCheck_u24629591,generic
29596,2023-07,35,senior,3522.8,0.0,0.0,0.0,0.0,0.0,0.0,411.4,411.4,3111.4,88.32,buen_ahorrador,1.9,2,11,u82144157,generic
207,2022-12,39,senior,3193.2,0.0,0.0,0.0,0.0,0.0,0.0,328.1,328.1,2865.1,89.73,buen_ahorrador,5.7,2,12,u82144157,generic
29066,2024-10,40,senior,4616.3,0.0,0.0,0.0,0.0,0.0,0.0,324.0,324.0,4292.3,92.98,buen_ahorrador,1.5,2,10,u82144157,generic
8599,2022-05,37,senior,3456.4,0.0,0.0,0.0,0.0,0.0,0.0,323.1,323.1,3133.3,90.65,buen_ahorrador,6.1,2,11,u82144157,generic
15463,2023-04,25,senior,5751.9,0.0,0.0,0.0,0.0,0.0,0.0,541.8,541.8,5210.1,90.58,buen_ahorrador,5.9,2,16,u82144157,generic
30570,2022-06,29,senior,3500.0,0.0,0.0,0.0,0.0,0.0,0.0,489.9,489.9,3010.1,86.0,buen_ahorrador,10.2,2,15,u82144157,generic
29533,2024-01,40,medio,2052.1,0.0,63.0,0.0,102.5,0.0,0.0,75.74,241.24,1810.86,88.24,buen_ahorrador,3.4,1,11,u98235448,generic
24655,2026-04,38,senior,9424.65,0.0,327.75,0.0,0.0,0.0,0.0,498.43,826.18,8598.47,91.23,buen_ahorrador,2.8,2,10,expenseCheck_u24629591,generic
9550,2024-05,29,medio,1951.35,0.0,67.24,0.0,241.13,0.0,0.0,113.92,422.29,1529.06,78.36,buen_ahorrador,3.4,1,14,u98235448,generic
4259,2025-09,26,senior,9237.06,0.0,634.96,0.0,0.0,0.0,0.0,86.93,721.89,8515.17,92.18,buen_ahorrador,2.8,2,10,expenseCheck_u24629591,generic
29494,2025-07,37,senior,9234.16,78.36,525.92,0.0,0.0,0.0,0.0,183.51,787.79,8446.37,91.47,buen_ahorrador,2.8,2,11,expenseCheck_u24629591,generic
4671,2024-10,32,senior,3704.6,0.0,0.0,0.0,0.0,0.0,0.0,345.8,345.8,3358.8,90.67,buen_ahorrador,1.5,2,13,u82144157,generic
25123,2023-07,27,medio,2032.4,0.0,85.9,0.0,98.16,0.0,0.0,122.6,306.66,1725.74,84.91,buen_ahorrador,1.9,1,12,u98235448,generic
5759,2022-02,39,senior,3337.4,0.0,0.0,0.0,0.0,0.0,0.0,481.7,481.7,2855.7,85.57,buen_ahorrador,6.1,2,14,u82144157,generic
10065,2023-02,29,senior,5067.2,0.0,0.0,0.0,0.0,0.0,0.0,408.8,408.8,4658.4,91.93,buen_ahorrador,5.9,2,15,u82144157,generic
29604,2021-09,31,senior,3516.2,0.0,0.0,0.0,0.0,0.0,0.0,243.5,243.5,3272.7,93.07,buen_ahorrador,6.7,2,11,u82144157,generic
15016,2025-02,36,medio,2071.0,0.0,131.61,0.0,149.5,0.0,0.0,70.7,351.81,1719.19,83.01,buen_ahorrador,2.8,1,16,u98235448,generic
29599,2025-12,27,senior,9466.7,13.25,109.35,0.0,0.0,0.0,0.0,269.11,391.71,9074.99,95.86,buen_ahorrador,2.8,2,8,expenseCheck_u24629591,generic
20476,2025-11,38,senior,5751.87,0.0,133.05,0.0,0.0,0.0,0.0,353.03,486.08,5265.79,91.55,buen_ahorrador,2.8,2,10,expenseCheck_u26350274,es
920,2022-08,35,senior,3426.1,0.0,0.0,0.0,0.0,0.0,0.0,367.7,367.7,3058.4,89.27,buen_ahorrador,10.2,2,13,u82144157,generic
13256,2026-06,39,junior,426.9,0.0,0.0,0.0,0.0,0.0,0.0,432.2,432.2,-5.3,-1.24,ahorro_insuficiente,2.8,0,16,u60341395,generic
39538,2023-01,38,senior,4621.5,0.0,0.0,0.0,0.0,0.0,0.0,325.8,325.8,4295.7,92.95,buen_ahorrador,5.9,2,11,u82144157,generic
4297,2023-12,29,senior,3442.7,0.0,0.0,0.0,0.0,0.0,0.0,325.6,325.6,3117.1,90.54,buen_ahorrador,3.3,2,12,u82144157,generic
13011,2025-06,34,senior,3740.1,0.0,0.0,0.0,0.0,0.0,0.0,341.3,341.3,3398.8,90.87,buen_ahorrador,2.8,2,12,u82144157,generic
571,2022-12,27,senior,3303.1,0.0,0.0,0.0,0.0,0.0,0.0,415.3,415.3,2887.8,87.43,buen_ahorrador,5.7,2,15,u82144157,generic
29460,2023-04,36,medio,2029.8,0.0,19.1,0.0,130.5,0.0,0.0,325.4,475.0,1554.8,76.6,buen_ahorrador,5.9,1,16,u98235448,generic
4155,2023-08,33,medio,2085.6,0.0,69.27,0.0,130.6,0.0,0.0,115.94,315.81,1769.79,84.86,buen_ahorrador,1.9,1,15,u98235448,generic
20959,2021-08,30,senior,4451.1,0.0,0.0,0.0,0.0,0.0,0.0,504.6,504.6,3946.5,88.66,buen_ahorrador,6.7,2,14,u82144157,generic
16307,2026-03,26,medio,2011.2,0.0,39.2,0.0,191.2,0.0,0.0,62.6,293.0,1718.2,85.43,buen_ahorrador,2.8,1,14,u98235448,generic
11402,2023-07,37,medio,2050.6,0.0,41.2,0.0,140.12,0.0,0.0,94.89,276.21,1774.39,86.53,buen_ahorrador,1.9,1,13,u98235448,generic
13817,2023-08,30,medio,2078.5,0.0,113.8,0.0,60.95,0.0,0.0,169.6,344.35,1734.15,83.43,buen_ahorrador,1.9,1,16,u98235448,generic
10169,2026-06,40,junior,409.6,0.0,0.0,0.0,0.0,0.0,0.0,311.4,311.4,98.2,23.97,buen_ahorrador,2.8,0,11,u60341395,generic
20792,2026-04,27,medio,1901.7,0.0,62.5,0.0,33.6,0.0,0.0,99.5,195.6,1706.1,89.71,buen_ahorrador,2.8,1,12,u98235448,generic
19721,2024-06,38,medio,2024.9,0.0,0.0,0.0,128.4,0.0,0.0,94.9,223.3,1801.6,88.97,buen_ahorrador,3.4,1,10,u98235448,generic
29468,2024-06,35,senior,3077.0,0.0,0.0,0.0,0.0,0.0,0.0,423.0,423.0,2654.0,86.25,buen_ahorrador,3.4,2,13,u82144157,generic
29333,2025-03,37,senior,3220.1,0.0,0.0,0.0,0.0,0.0,0.0,500.0,500.0,2720.1,84.47,buen_ahorrador,2.8,2,14,u82144157,generic
20712,2023-07,33,medio,2009.5,0.0,31.4,0.0,199.09,0.0,0.0,38.6,269.09,1740.41,86.61,buen_ahorrador,1.9,1,10,u98235448,generic
243,2026-03,34,junior,1658.11,0.0,0.0,0.0,0.0,0.0,0.0,438.18,438.18,1219.93,73.57,buen_ahorrador,2.8,0,13,u86382190,generic
4562,2021-10,28,senior,3664.7,0.0,0.0,0.0,0.0,0.0,0.0,379.3,379.3,3285.4,89.65,buen_ahorrador,6.7,2,11,u82144157,generic
4760,2025-04,30,medio,2116.5,0.0,85.77,0.0,141.87,0.0,0.0,133.87,361.51,1754.99,82.92,buen_ahorrador,2.8,1,15,u98235448,generic
29444,2022-12,30,senior,3605.0,0.0,0.0,0.0,0.0,0.0,0.0,514.6,514.6,3090.4,85.73,buen_ahorrador,5.7,2,15,u82144157,generic
20044,2025-11,25,senior,6239.63,0.0,232.26,0.0,0.0,0.0,0.0,938.16,1170.42,5069.21,81.24,buen_ahorrador,2.8,2,14,expenseCheck_u26350274,es
578,2025-01,30,senior,3315.7,0.0,0.0,0.0,0.0,0.0,0.0,512.8,512.8,2802.9,84.53,buen_ahorrador,2.8,2,16,u82144157,generic
30243,2025-10,33,senior,8884.38,0.0,468.5,0.0,0.0,0.0,0.0,81.74,550.24,8334.14,93.81,buen_ahorrador,2.8,2,8,expenseCheck_u24629591,generic
16518,2025-12,27,senior,5423.75,0.0,396.92,0.0,0.0,0.0,0.0,123.5,520.42,4903.33,90.4,buen_ahorrador,2.8,2,13,expenseCheck_u26350274,es
32950,2025-07,26,senior,3060.0,0.0,0.0,0.0,0.0,0.0,0.0,364.0,364.0,2696.0,88.1,buen_ahorrador,2.8,2,12,u82144157,generic
18733,2024-04,30,medio,1941.14,0.0,42.4,0.0,86.5,0.0,0.0,117.8,246.7,1694.44,87.29,buen_ahorrador,3.4,1,13,u98235448,generic
15034,2026-02,37,medio,1954.7,0.0,78.6,0.0,155.64,0.0,0.0,97.85,332.09,1622.61,83.01,buen_ahorrador,2.8,1,13,u98235448,generic
20853,2025-04,38,medio,1827.8,0.0,100.8,0.0,141.72,0.0,0.0,94.06,336.58,1491.22,81.59,buen_ahorrador,2.8,1,15,u98235448,generic
22713,2026-06,40,junior,1687.24,0.0,0.0,0.0,0.0,0.0,0.0,336.17,336.17,1351.07,80.08,buen_ahorrador,2.8,0,11,u86382190,generic
2007,2025-09,27,medio,1954.1,0.0,0.0,0.0,133.9,0.0,0.0,159.88,293.78,1660.32,84.97,buen_ahorrador,2.8,1,14,u98235448,generic
4663,2023-07,27,senior,4168.5,0.0,0.0,0.0,0.0,0.0,0.0,610.8,610.8,3557.7,85.35,buen_ahorrador,1.9,2,16,u82144157,generic
5630,2024-01,32,senior,3303.9,0.0,0.0,0.0,0.0,0.0,0.0,263.9,263.9,3040.0,92.01,buen_ahorrador,3.4,2,10,u82144157,generic
1041,2024-01,27,medio,1892.5,0.0,42.5,0.0,125.3,0.0,0.0,108.38,276.18,1616.32,85.41,buen_ahorrador,3.4,1,14,u98235448,generic
18211,2023-12,37,senior,6180.7,0.0,0.0,0.0,0.0,0.0,0.0,501.6,501.6,5679.1,91.88,buen_ahorrador,3.3,2,14,u82144157,generic
29342,2025-05,39,medio,1899.1,0.0,49.9,0.0,75.59,0.0,0.0,94.64,220.13,1678.97,88.41,buen_ahorrador,2.8,1,10,u98235448,generic
14748,2024-11,36,senior,3488.9,0.0,0.0,0.0,0.0,0.0,0.0,258.4,258.4,3230.5,92.59,buen_ahorrador,1.5,2,11,u82144157,generic
12412,2022-07,27,senior,3651.6,0.0,0.0,0.0,0.0,0.0,0.0,383.6,383.6,3268.0,89.5,buen_ahorrador,10.2,2,14,u82144157,generic
28191,2024-12,40,senior,3342.4,0.0,0.0,0.0,0.0,0.0,0.0,466.0,466.0,2876.4,86.06,buen_ahorrador,2.8,2,11,u82144157,generic
29507,2024-06,35,senior,8366.5,0.0,0.0,0.0,0.0,0.0,0.0,418.4,418.4,7948.1,95.0,buen_ahorrador,3.4,2,14,u82144157,generic
12892,2025-12,33,senior,6099.41,0.0,566.22,0.0,0.0,0.0,0.0,95.99,662.21,5437.2,89.14,buen_ahorrador,2.8,2,14,expenseCheck_u26350274,es
6986,2024-04,38,medio,2042.7,0.0,52.43,0.0,105.37,0.0,0.0,65.86,223.66,1819.04,89.05,buen_ahorrador,3.4,1,11,u98235448,generic
26717,2025-09,25,senior,8589.3,0.0,477.64,0.0,0.0,0.0,0.0,458.3,935.94,7653.36,89.1,buen_ahorrador,2.8,2,16,expenseCheck_u26350274,es
14523,2023-11,25,senior,3244.4,0.0,0.0,0.0,0.0,0.0,0.0,297.7,297.7,2946.7,90.82,buen_ahorrador,1.9,2,11,u82144157,generic
34271,2025-03,37,medio,1964.5,0.0,98.4,0.0,133.35,0.0,0.0,153.55,385.3,1579.2,80.39,buen_ahorrador,2.8,1,16,u98235448,generic
5492,2026-02,25,junior,1616.1,0.0,0.0,0.0,0.0,0.0,0.0,365.66,365.66,1250.44,77.37,buen_ahorrador,2.8,0,12,u86382190,generic
29491,2022-08,28,senior,4640.5,0.0,0.0,0.0,0.0,0.0,0.0,392.1,392.1,4248.4,91.55,buen_ahorrador,10.2,2,12,u82144157,generic
1224,2024-03,29,medio,2055.95,0.0,38.0,0.0,126.29,0.0,0.0,57.56,221.85,1834.1,89.21,buen_ahorrador,3.4,1,14,u98235448,generic
18698,2024-12,37,medio,1934.2,0.0,15.1,0.0,272.52,0.0,0.0,61.3,348.92,1585.28,81.96,buen_ahorrador,2.8,1,14,u98235448,generic
864,2025-07,31,senior,8936.26,166.6,367.84,0.0,0.0,0.0,0.0,540.2,1074.64,7861.62,87.97,buen_ahorrador,2.8,2,10,expenseCheck_u24629591,generic
9880,2024-03,35,senior,3328.9,0.0,0.0,0.0,0.0,0.0,0.0,413.6,413.6,2915.3,87.58,buen_ahorrador,3.4,2,11,u82144157,generic
20738,2025-08,34,senior,6294.82,0.0,364.04,0.0,0.0,0.0,0.0,368.74,732.78,5562.04,88.36,buen_ahorrador,2.8,2,14,expenseCheck_u26350274,es
7457,2026-05,30,medio,1921.2,0.0,102.94,0.0,231.24,0.0,0.0,54.3,388.48,1532.72,79.78,buen_ahorrador,2.8,1,15,u98235448,generic
31154,2026-03,40,medio,1987.8,0.0,0.0,0.0,72.4,0.0,0.0,169.3,241.7,1746.1,87.84,buen_ahorrador,2.8,1,11,u98235448,generic
194,2025-04,40,medio,1994.75,0.0,103.15,0.0,8.1,0.0,0.0,25.4,136.65,1858.1,93.15,buen_ahorrador,2.8,1,12,u98235448,generic
4699,2026-06,40,senior,8365.23,0.0,312.58,0.0,0.0,0.0,0.0,69.46,382.04,7983.19,95.43,buen_ahorrador,2.8,2,11,expenseCheck_u26350274,es
4290,2023-02,35,senior,4409.2,0.0,0.0,0.0,0.0,0.0,0.0,461.1,461.1,3948.1,89.54,buen_ahorrador,5.9,2,16,u82144157,generic
31694,2026-01,31,senior,8643.07,0.0,95.19,0.0,0.0,0.0,0.0,180.5,275.69,8367.38,96.81,buen_ahorrador,2.8,2,7,expenseCheck_u24629591,generic
26978,2024-05,28,senior,6266.9,0.0,0.0,0.0,0.0,0.0,0.0,344.0,344.0,5922.9,94.51,buen_ahorrador,3.4,2,13,u82144157,generic
16519,2025-11,36,senior,6252.34,0.0,669.83,0.0,0.0,0.0,0.0,114.7,784.53,5467.81,87.45,buen_ahorrador,2.8,2,14,expenseCheck_u26350274,es
4545,2025-06,32,senior,3381.3,0.0,0.0,0.0,0.0,0.0,0.0,476.2,476.2,2905.1,85.92,buen_ahorrador,2.8,2,16,u82144157,generic
22203,2026-04,27,senior,5351.42,0.0,554.97,0.0,0.0,0.0,0.0,41.26,596.23,4755.19,88.86,buen_ahorrador,2.8,2,11,expenseCheck_u26350274,es
26174,2025-10,38,senior,6578.62,0.0,357.94,0.0,0.0,0.0,0.0,101.24,459.18,6119.44,93.02,buen_ahorrador,2.8,2,12,expenseCheck_u26350274,es
11437,2023-11,35,senior,4758.7,0.0,0.0,0.0,0.0,0.0,0.0,379.4,379.4,4379.3,92.03,buen_ahorrador,1.9,2,12,u82144157,generic
13355,2026-05,40,medio,1897.18,0.0,18.7,0.0,155.9,0.0,0.0,31.2,205.8,1691.38,89.15,buen_ahorrador,2.8,1,13,u98235448,generic
10061,2024-07,34,senior,3253.4,0.0,0.0,0.0,0.0,0.0,0.0,345.1,345.1,2908.3,89.39,buen_ahorrador,3.4,2,10,u82144157,generic
29974,2025-10,31,senior,8737.68,0.0,81.81,0.0,0.0,0.0,0.0,191.98,273.79,8463.89,96.87,buen_ahorrador,2.8,2,8,expenseCheck_u24629591,generic
4563,2023-09,33,freelance,3549.6,0.0,0.0,0.0,0.0,0.0,0.0,291.1,291.1,3258.5,91.8,buen_ahorrador,1.9,3,10,u82144157,generic
29518,2023-07,40,medio,2014.7,0.0,37.9,0.0,145.44,0.0,0.0,157.5,340.84,1673.86,83.08,buen_ahorrador,1.9,1,12,u98235448,generic
8032,2025-08,35,medio,2019.4,0.0,107.0,0.0,93.97,0.0,0.0,58.52,259.49,1759.91,87.15,buen_ahorrador,2.8,1,14,u98235448,generic
212,2024-08,40,medio,2106.7,0.0,17.5,0.0,169.16,0.0,0.0,124.8,311.46,1795.24,85.22,buen_ahorrador,3.4,1,12,u98235448,generic
1530,2024-05,31,medio,2016.52,0.0,0.0,0.0,204.5,0.0,0.0,141.6,346.1,1670.42,82.84,buen_ahorrador,3.4,1,13,u98235448,generic
27736,2026-02,39,senior,9166.02,0.0,269.29,0.0,0.0,0.0,0.0,73.21,342.5,8823.52,96.26,buen_ahorrador,2.8,2,9,expenseCheck_u24629591,generic
13030,2026-01,38,senior,7172.36,0.0,570.95,0.0,0.0,0.0,0.0,62.54,633.49,6538.87,91.17,buen_ahorrador,2.8,2,15,expenseCheck_u26350274,es
22601,2026-07,31,junior,1647.4,0.0,0.0,0.0,0.0,0.0,0.0,1652.69,1652.69,-5.29,-0.32,ahorro_insuficiente,2.8,0,13,u83188312,generic
58,2025-03,28,medio,1902.9,0.0,37.29,0.0,67.66,0.0,0.0,86.1,191.05,1711.85,89.96,buen_ahorrador,2.8,1,11,u98235448,generic
8954,2025-02,27,senior,3485.5,0.0,0.0,0.0,0.0,0.0,0.0,434.8,434.8,3050.7,87.53,buen_ahorrador,2.8,2,14,u82144157,generic
5998,2026-02,31,junior,1727.77,0.0,0.0,0.0,0.0,0.0,0.0,422.86,422.86,1304.91,75.53,buen_ahorrador,2.8,0,15,u86382190,generic
5544,2024-12,29,medio,2076.8,0.0,134.24,0.0,151.36,0.0,0.0,130.6,416.2,1660.6,79.96,buen_ahorrador,2.8,1,14,u98235448,generic
356,2025-10,27,senior,8637.77,0.0,365.57,0.0,0.0,0.0,0.0,70.34,435.91,8201.86,94.95,buen_ahorrador,2.8,2,7,expenseCheck_u24629591,generic
1545,2025-02,26,medio,2186.4,0.0,31.5,0.0,141.0,0.0,0.0,86.5,259.0,1927.4,88.15,buen_ahorrador,2.8,1,12,u98235448,generic
19935,2025-11,33,senior,5183.9,0.0,0.0,0.0,0.0,0.0,0.0,598.3,598.3,4585.6,88.46,buen_ahorrador,2.8,2,15,u82144157,generic
9506,2024-11,39,medio,2002.2,0.0,61.7,0.0,26.06,0.0,0.0,86.88,174.64,1827.56,91.28,buen_ahorrador,1.5,1,10,u98235448,generic
12947,2024-09,36,senior,4579.0,0.0,0.0,0.0,0.0,0.0,0.0,452.5,452.5,4126.5,90.12,buen_ahorrador,1.5,2,15,u82144157,generic
15430,2024-02,32,senior,3258.9,0.0,0.0,0.0,0.0,0.0,0.0,417.3,417.3,2841.6,87.2,buen_ahorrador,3.4,2,16,u82144157,generic
9893,2025-11,29,senior,3277.8,0.0,0.0,0.0,0.0,0.0,0.0,436.9,436.9,2840.9,86.67,buen_ahorrador,2.8,2,14,u82144157,generic
6306,2024-02,38,senior,3456.7,0.0,0.0,0.0,0.0,0.0,0.0,417.7,417.7,3039.0,87.92,buen_ahorrador,3.4,2,11,u82144157,generic
14523,2023-07,25,senior,3479.0,0.0,0.0,0.0,0.0,0.0,0.0,334.4,334.4,3144.6,90.39,buen_ahorrador,1.9,2,11,u82144157,generic
1644,2023-06,28,senior,4985.8,0.0,0.0,0.0,0.0,0.0,0.0,448.3,448.3,4537.5,91.01,buen_ahorrador,1.9,2,15,u82144157,generic
29549,2022-06,34,senior,4842.9,0.0,0.0,0.0,0.0,0.0,0.0,535.1,535.1,4307.8,88.95,buen_ahorrador,10.2,2,15,u82144157,generic
17908,2021-08,32,senior,3316.3,0.0,0.0,0.0,0.0,0.0,0.0,324.6,324.6,2991.7,90.21,buen_ahorrador,6.7,2,12,u82144157,generic
35751,2026-06,25,junior,410.3,0.0,0.0,0.0,0.0,0.0,0.0,330.6,330.6,79.7,19.42,buen_ahorrador,2.8,0,11,u60341395,generic
29512,2026-07,36,junior,414.4,0.0,0.0,0.0,0.0,0.0,0.0,464.0,464.0,-49.6,-11.97,ahorro_insuficiente,2.8,0,14,u60341395,generic
4256,2023-06,25,senior,3318.1,0.0,0.0,0.0,0.0,0.0,0.0,593.6,593.6,2724.5,82.11,buen_ahorrador,1.9,2,15,u82144157,generic
4580,2025-10,26,senior,9267.01,156.97,131.44,0.0,0.0,0.0,0.0,613.69,902.1,8364.91,90.27,buen_ahorrador,2.8,2,11,expenseCheck_u24629591,generic
38329,2022-02,29,senior,3392.4,0.0,0.0,0.0,0.0,0.0,0.0,643.6,643.6,2748.8,81.03,buen_ahorrador,6.1,2,16,u82144157,generic
29540,2025-05,37,medio,1875.1,0.0,90.8,0.0,73.6,0.0,0.0,87.7,252.1,1623.0,86.56,buen_ahorrador,2.8,1,12,u98235448,generic
18467,2025-02,36,medio,1968.97,0.0,59.4,0.0,73.34,0.0,0.0,45.6,178.34,1790.63,90.94,buen_ahorrador,2.8,1,10,u98235448,generic
7543,2025-07,35,senior,8641.58,0.0,137.08,0.0,0.0,0.0,0.0,244.85,381.93,8259.65,95.58,buen_ahorrador,2.8,2,9,expenseCheck_u24629591,generic
16988,2022-01,33,senior,3178.4,0.0,0.0,0.0,0.0,0.0,0.0,426.2,426.2,2752.2,86.59,buen_ahorrador,6.1,2,14,u82144157,generic
6379,2026-02,32,senior,6506.06,0.0,741.45,0.0,0.0,0.0,0.0,154.47,895.92,5610.14,86.23,buen_ahorrador,2.8,2,11,expenseCheck_u26350274,es
32942,2026-01,27,junior,1588.88,0.0,0.0,0.0,0.0,0.0,0.0,472.89,472.89,1115.99,70.24,buen_ahorrador,2.8,0,16,u86382190,generic
4653,2024-11,31,medio,2057.9,0.0,0.0,0.0,161.71,0.0,0.0,151.15,312.86,1745.04,84.8,buen_ahorrador,1.5,1,13,u98235448,generic
171,2026-05,26,medio,1970.7,0.0,26.1,0.0,156.3,0.0,0.0,127.4,309.8,1660.9,84.28,buen_ahorrador,2.8,1,14,u98235448,generic
1664,2024-06,38,senior,3734.7,0.0,0.0,0.0,0.0,0.0,0.0,303.5,303.5,3431.2,91.87,buen_ahorrador,3.4,2,10,u82144157,generic
24152,2022-02,27,senior,3494.1,0.0,0.0,0.0,0.0,0.0,0.0,465.3,465.3,3028.8,86.68,buen_ahorrador,6.1,2,16,u82144157,generic
27008,2024-01,29,senior,7098.3,0.0,0.0,0.0,0.0,0.0,0.0,305.2,305.2,6793.1,95.7,buen_ahorrador,3.4,2,14,u82144157,generic
19195,2023-12,28,senior,3385.7,0.0,0.0,0.0,0.0,0.0,0.0,384.5,384.5,3001.2,88.64,buen_ahorrador,3.3,2,12,u82144157,generic
14465,2023-01,35,senior,3213.4,0.0,0.0,0.0,0.0,0.0,0.0,519.5,519.5,2693.9,83.83,buen_ahorrador,5.9,2,14,u82144157,generic
4658,2021-10,38,senior,3537.9,0.0,0.0,0.0,0.0,0.0,0.0,478.3,478.3,3059.6,86.48,buen_ahorrador,6.7,2,15,u82144157,generic
607,2025-07,40,medio,1800.0,0.0,76.4,0.0,168.38,0.0,0.0,101.45,346.23,1453.77,80.77,buen_ahorrador,2.8,1,14,u98235448,generic
33100,2026-07,40,junior,1650.09,0.0,0.0,0.0,0.0,0.0,0.0,546.85,546.85,1103.24,66.86,buen_ahorrador,2.8,0,16,u86382190,generic
6835,2025-07,27,medio,1927.0,0.0,100.76,0.0,157.0,0.0,0.0,96.7,354.46,1572.54,81.61,buen_ahorrador,2.8,1,15,u98235448,generic
39075,2023-09,28,senior,3413.2,0.0,0.0,0.0,0.0,0.0,0.0,363.6,363.6,3049.6,89.35,buen_ahorrador,1.9,2,11,u82144157,generic
13006,2026-04,40,senior,8795.61,0.0,148.1,0.0,0.0,0.0,0.0,186.86,334.96,8460.65,96.19,buen_ahorrador,2.8,2,10,expenseCheck_u24629591,generic
20233,2024-03,26,senior,4314.2,0.0,0.0,0.0,0.0,0.0,0.0,380.6,380.6,3933.6,91.18,buen_ahorrador,3.4,2,12,u82144157,generic
8386,2024-10,40,medio,1945.6,0.0,0.0,0.0,109.69,0.0,0.0,60.9,170.59,1775.01,91.23,buen_ahorrador,1.5,1,10,u98235448,generic
23375,2025-10,38,medio,2050.9,0.0,70.06,0.0,91.53,0.0,0.0,116.49,278.08,1772.82,86.44,buen_ahorrador,2.8,1,14,u98235448,generic
20802,2025-07,38,senior,8807.81,0.0,352.69,0.0,0.0,0.0,0.0,392.23,744.92,8062.89,91.54,buen_ahorrador,2.8,2,9,expenseCheck_u24629591,generic
37843,2026-06,37,senior,6167.27,0.0,401.93,0.0,0.0,0.0,0.0,108.47,510.4,5656.87,91.72,buen_ahorrador,2.8,2,12,expenseCheck_u26350274,es
4649,2026-02,36,senior,8864.87,7.8,301.53,0.0,0.0,0.0,0.0,429.8,739.13,8125.74,91.66,buen_ahorrador,2.8,2,9,expenseCheck_u24629591,generic
17061,2025-12,32,senior,9229.48,0.0,375.84,0.0,0.0,0.0,0.0,95.03,470.87,8758.61,94.9,buen_ahorrador,2.8,2,9,expenseCheck_u24629591,generic
30574,2022-09,37,senior,3596.3,0.0,0.0,0.0,0.0,0.0,0.0,472.8,472.8,3123.5,86.85,buen_ahorrador,10.2,2,15,u82144157,generic
4908,2024-11,32,medio,2060.7,0.0,52.7,0.0,150.1,0.0,0.0,90.5,293.3,1767.4,85.77,buen_ahorrador,1.5,1,14,u98235448,generic
31049,2024-08,38,medio,2054.66,0.0,117.55,0.0,289.29,0.0,0.0,41.8,448.64,1606.02,78.16,buen_ahorrador,3.4,1,16,u98235448,generic
16469,2022-02,27,senior,3382.6,0.0,0.0,0.0,0.0,0.0,0.0,398.3,398.3,2984.3,88.23,buen_ahorrador,6.1,2,13,u82144157,generic
35024,2026-05,31,junior,1663.14,0.0,0.0,0.0,0.0,0.0,0.0,270.98,270.98,1392.16,83.71,buen_ahorrador,2.8,0,13,u86382190,generic
9416,2025-07,37,medio,1955.4,0.0,44.5,0.0,207.3,0.0,0.0,110.9,362.7,1592.7,81.45,buen_ahorrador,2.8,1,14,u98235448,generic
8553,2023-02,26,senior,3079.8,0.0,0.0,0.0,0.0,0.0,0.0,349.4,349.4,2730.4,88.66,buen_ahorrador,5.9,2,11,u82144157,generic
18051,2024-10,32,medio,2084.2,0.0,0.0,0.0,177.84,0.0,0.0,78.7,256.54,1827.66,87.69,buen_ahorrador,1.5,1,15,u98235448,generic
7070,2026-01,27,senior,5567.74,0.0,418.35,0.0,0.0,0.0,0.0,268.21,686.56,4881.18,87.67,buen_ahorrador,2.8,2,14,expenseCheck_u26350274,es
6956,2023-01,30,senior,3405.7,0.0,0.0,0.0,0.0,0.0,0.0,375.8,375.8,3029.9,88.97,buen_ahorrador,5.9,2,12,u82144157,generic
29310,2025-09,33,senior,3453.1,0.0,0.0,0.0,0.0,0.0,0.0,440.6,440.6,3012.5,87.24,buen_ahorrador,2.8,2,13,u82144157,generic
4112,2025-10,34,senior,6059.32,0.0,189.95,0.0,0.0,0.0,0.0,142.78,332.73,5726.59,94.51,buen_ahorrador,2.8,2,11,expenseCheck_u26350274,es
29543,2025-11,39,senior,8166.18,0.0,417.12,0.0,0.0,0.0,0.0,334.5,751.62,7414.56,90.8,buen_ahorrador,2.8,2,7,expenseCheck_u24629591,generic
29593,2023-11,30,medio,2140.4,0.0,43.41,0.0,189.97,0.0,0.0,79.05,312.43,1827.97,85.4,buen_ahorrador,1.9,1,14,u98235448,generic
24826,2024-07,39,medio,2053.3,0.0,126.97,0.0,81.49,0.0,0.0,102.34,310.8,1742.5,84.86,buen_ahorrador,3.4,1,16,u98235448,generic
222,2026-02,32,senior,9056.49,39.5,110.66,0.0,0.0,0.0,0.0,170.11,320.27,8736.22,96.46,buen_ahorrador,2.8,2,9,expenseCheck_u24629591,generic
6447,2025-11,31,senior,8790.08,135.79,623.36,0.0,0.0,0.0,0.0,131.55,890.7,7899.38,89.87,buen_ahorrador,2.8,2,10,expenseCheck_u24629591,generic
12482,2026-06,26,medio,2062.0,0.0,28.4,0.0,107.2,0.0,0.0,67.73,203.33,1858.67,90.14,buen_ahorrador,2.8,1,11,u98235448,generic
15421,2026-03,37,senior,8988.52,0.0,155.45,0.0,0.0,0.0,0.0,565.75,721.2,8267.32,91.98,buen_ahorrador,2.8,2,8,expenseCheck_u24629591,generic
39078,2025-09,29,senior,5553.46,0.0,1169.81,0.0,0.0,0.0,0.0,123.92,1293.73,4259.73,76.7,buen_ahorrador,2.8,2,14,expenseCheck_u26350274,es
4597,2025-12,25,senior,9045.75,0.0,356.15,0.0,0.0,0.0,0.0,175.09,531.24,8514.51,94.13,buen_ahorrador,2.8,2,8,expenseCheck_u24629591,generic
16655,2022-09,36,senior,3480.2,0.0,0.0,0.0,0.0,0.0,0.0,462.2,462.2,3018.0,86.72,buen_ahorrador,10.2,2,13,u82144157,generic
10133,2024-08,27,senior,3503.0,0.0,0.0,0.0,0.0,0.0,0.0,420.9,420.9,3082.1,87.98,buen_ahorrador,3.4,2,13,u82144157,generic
10644,2025-09,40,senior,3481.1,0.0,0.0,0.0,0.0,0.0,0.0,360.5,360.5,3120.6,89.64,buen_ahorrador,2.8,2,14,u82144157,generic
4257,2023-06,26,senior,3343.2,0.0,0.0,0.0,0.0,0.0,0.0,339.1,339.1,3004.1,89.86,buen_ahorrador,1.9,2,11,u82144157,generic
31690,2025-05,26,senior,3525.8,0.0,0.0,0.0,0.0,0.0,0.0,283.3,283.3,3242.5,91.96,buen_ahorrador,2.8,2,10,u82144157,generic
16894,2025-11,39,senior,3601.5,0.0,0.0,0.0,0.0,0.0,0.0,353.0,353.0,3248.5,90.2,buen_ahorrador,2.8,2,12,u82144157,generic
28846,2023-05,31,medio,2009.3,0.0,0.0,0.0,195.9,0.0,0.0,43.9,239.8,1769.5,88.07,buen_ahorrador,5.9,1,10,u98235448,generic
4370,2024-12,33,senior,7720.3,0.0,0.0,0.0,0.0,0.0,0.0,264.7,264.7,7455.6,96.57,buen_ahorrador,2.8,2,12,u82144157,generic
26960,2025-09,25,senior,3219.6,0.0,0.0,0.0,0.0,0.0,0.0,313.0,313.0,2906.6,90.28,buen_ahorrador,2.8,2,12,u82144157,generic
1999,2022-07,36,senior,5720.3,0.0,0.0,0.0,0.0,0.0,0.0,271.4,271.4,5448.9,95.26,buen_ahorrador,10.2,2,11,u82144157,generic
20481,2022-03,39,senior,3490.9,0.0,0.0,0.0,0.0,0.0,0.0,403.9,403.9,3087.0,88.43,buen_ahorrador,6.1,2,13,u82144157,generic
9416,2026-05,37,medio,2012.2,0.0,35.2,0.0,166.8,0.0,0.0,89.6,291.6,1720.6,85.51,buen_ahorrador,2.8,1,15,u98235448,generic
17016,2026-02,33,senior,5741.72,0.0,392.45,0.0,0.0,0.0,0.0,82.79,475.24,5266.48,91.72,buen_ahorrador,2.8,2,12,expenseCheck_u26350274,es
9850,2026-02,30,senior,9160.31,77.08,33.36,0.0,0.0,0.0,0.0,225.2,335.64,8824.67,96.34,buen_ahorrador,2.8,2,10,expenseCheck_u24629591,generic
29635,2026-04,38,senior,8783.92,92.56,0.0,0.0,0.0,0.0,0.0,223.3,315.86,8468.06,96.4,buen_ahorrador,2.8,2,8,expenseCheck_u24629591,generic
34821,2022-02,33,senior,3115.8,0.0,0.0,0.0,0.0,0.0,0.0,337.6,337.6,2778.2,89.16,buen_ahorrador,6.1,2,13,u82144157,generic
19309,2026-06,29,senior,6457.08,0.0,562.2,0.0,0.0,0.0,0.0,152.56,714.76,5742.32,88.93,buen_ahorrador,2.8,2,14,expenseCheck_u26350274,es
21906,2026-02,37,junior,1684.75,0.0,0.0,0.0,0.0,0.0,0.0,431.01,431.01,1253.74,74.42,buen_ahorrador,2.8,0,12,u86382190,generic
9481,2022-11,27,senior,3105.2,0.0,0.0,0.0,0.0,0.0,0.0,358.6,358.6,2746.6,88.45,buen_ahorrador,10.2,2,13,u82144157,generic
4669,2025-12,31,medio,1987.4,0.0,50.7,0.0,242.9,0.0,0.0,120.77,414.37,1573.03,79.15,buen_ahorrador,2.8,1,15,u98235448,generic
37850,2026-04,38,senior,5521.38,0.0,339.89,0.0,53.31,0.0,0.0,267.11,660.31,4861.07,88.04,buen_ahorrador,2.8,2,13,expenseCheck_u26350274,es
16470,2025-01,32,medio,1988.8,0.0,176.29,0.0,110.7,0.0,0.0,43.8,330.79,1658.01,83.37,buen_ahorrador,2.8,1,11,u98235448,generic
20959,2024-05,30,senior,3489.8,0.0,0.0,0.0,0.0,0.0,0.0,337.8,337.8,3152.0,90.32,buen_ahorrador,3.4,2,12,u82144157,generic
35360,2022-12,28,senior,3624.0,0.0,0.0,0.0,0.0,0.0,0.0,404.1,404.1,3219.9,88.85,buen_ahorrador,5.7,2,14,u82144157,generic
10152,2023-11,40,medio,2059.8,0.0,43.7,0.0,78.9,0.0,0.0,165.3,287.9,1771.9,86.02,buen_ahorrador,1.9,1,12,u98235448,generic
179,2024-06,31,senior,3361.4,0.0,0.0,0.0,0.0,0.0,0.0,514.0,514.0,2847.4,84.71,buen_ahorrador,3.4,2,15,u82144157,generic
16667,2023-07,34,medio,1957.22,0.0,26.7,0.0,361.83,0.0,0.0,46.8,435.33,1521.89,77.76,buen_ahorrador,1.9,1,15,u98235448,generic
29387,2025-12,40,medio,1980.4,0.0,45.56,0.0,83.0,0.0,0.0,52.53,181.09,1799.31,90.86,buen_ahorrador,2.8,1,10,u98235448,generic
36235,2023-05,39,medio,1950.0,0.0,31.1,0.0,215.42,0.0,0.0,188.5,435.02,1514.98,77.69,buen_ahorrador,5.9,1,16,u98235448,generic
32632,2026-01,33,senior,5723.86,0.0,451.56,0.0,0.0,0.0,0.0,16.17,467.73,5256.13,91.83,buen_ahorrador,2.8,2,11,expenseCheck_u26350274,es
20612,2025-08,38,senior,9025.79,0.0,0.0,0.0,0.0,0.0,0.0,595.08,595.08,8430.71,93.41,buen_ahorrador,2.8,2,8,expenseCheck_u24629591,generic
9438,2026-05,25,senior,8706.96,0.0,98.19,0.0,0.0,0.0,0.0,247.99,346.18,8360.78,96.02,buen_ahorrador,2.8,2,8,expenseCheck_u24629591,generic
4671,2024-08,32,senior,4540.9,0.0,0.0,0.0,0.0,0.0,0.0,283.8,283.8,4257.1,93.75,buen_ahorrador,3.4,2,12,u82144157,generic
23634,2025-10,25,medio,2064.3,0.0,80.5,0.0,68.8,0.0,0.0,126.2,275.5,1788.8,86.65,buen_ahorrador,2.8,1,13,u98235448,generic
13103,2023-04,38,senior,4646.2,0.0,0.0,0.0,0.0,0.0,0.0,333.9,333.9,4312.3,92.81,buen_ahorrador,5.9,2,13,u82144157,generic
39108,2021-11,27,senior,4771.0,0.0,0.0,0.0,0.0,0.0,0.0,206.7,206.7,4564.3,95.67,buen_ahorrador,6.7,2,10,u82144157,generic
5317,2024-10,35,senior,3394.9,0.0,0.0,0.0,0.0,0.0,0.0,318.3,318.3,3076.6,90.62,buen_ahorrador,1.5,2,11,u82144157,generic
29466,2023-11,27,senior,6978.1,0.0,0.0,0.0,0.0,0.0,0.0,367.0,367.0,6611.1,94.74,buen_ahorrador,1.9,2,11,u82144157,generic
5700,2023-01,26,senior,3365.7,0.0,0.0,0.0,0.0,0.0,0.0,513.4,513.4,2852.3,84.75,buen_ahorrador,5.9,2,16,u82144157,generic
29497,2025-12,35,senior,5477.82,0.0,406.37,0.0,0.0,0.0,0.0,0.0,406.37,5071.45,92.58,buen_ahorrador,2.8,2,13,expenseCheck_u26350274,es
38020,2026-07,39,junior,1664.7,0.0,0.0,0.0,0.0,0.0,0.0,466.3,466.3,1198.4,71.99,buen_ahorrador,2.8,0,14,u86382190,generic
17028,2023-11,38,medio,2056.9,0.0,36.98,0.0,47.92,0.0,0.0,118.54,203.44,1853.46,90.11,buen_ahorrador,1.9,1,12,u98235448,generic
23725,2024-11,25,medio,1867.7,0.0,37.2,0.0,128.82,0.0,0.0,108.2,274.22,1593.48,85.32,buen_ahorrador,1.5,1,15,u98235448,generic
26978,2025-08,28,senior,5218.5,0.0,0.0,0.0,0.0,0.0,0.0,323.7,323.7,4894.8,93.8,buen_ahorrador,2.8,2,11,u82144157,generic
9147,2025-12,26,senior,6508.46,0.0,369.33,0.0,0.0,0.0,0.0,0.0,369.33,6139.13,94.33,buen_ahorrador,2.8,2,11,expenseCheck_u26350274,es
18751,2026-06,37,junior,620.4,0.0,0.0,0.0,0.0,0.0,0.0,390.5,390.5,229.9,37.06,buen_ahorrador,2.8,0,13,u60341395,generic
8672,2025-09,33,senior,3588.0,0.0,0.0,0.0,0.0,0.0,0.0,366.2,366.2,3221.8,89.79,buen_ahorrador,2.8,2,12,u82144157,generic
163,2025-10,35,senior,4305.6,0.0,0.0,0.0,0.0,0.0,0.0,338.5,338.5,3967.1,92.14,buen_ahorrador,2.8,2,13,u82144157,generic
12933,2026-06,39,junior,419.9,0.0,0.0,0.0,0.0,0.0,0.0,526.1,526.1,-106.2,-25.29,ahorro_insuficiente,2.8,0,15,u60341395,generic
4594,2026-05,35,junior,1568.72,0.0,0.0,0.0,0.0,0.0,0.0,284.29,284.29,1284.43,81.88,buen_ahorrador,2.8,0,12,u86382190,generic
544,2025-12,33,senior,6484.69,0.0,405.45,0.0,0.0,0.0,0.0,229.31,634.76,5849.93,90.21,buen_ahorrador,2.8,2,13,expenseCheck_u26350274,es
4078,2026-02,36,medio,2013.78,0.0,19.69,0.0,160.61,0.0,0.0,131.1,311.4,1702.38,84.54,buen_ahorrador,2.8,1,13,u98235448,generic
8581,2022-01,39,senior,3327.7,0.0,0.0,0.0,0.0,0.0,0.0,327.4,327.4,3000.3,90.16,buen_ahorrador,6.1,2,10,u82144157,generic
37660,2025-08,40,medio,2004.8,0.0,136.4,0.0,131.82,0.0,0.0,53.11,321.33,1683.47,83.97,buen_ahorrador,2.8,1,15,u98235448,generic
34536,2026-03,30,medio,2003.5,0.0,102.7,0.0,21.2,0.0,0.0,54.6,178.5,1825.0,91.09,buen_ahorrador,2.8,1,12,u98235448,generic
4179,2026-01,37,senior,8449.5,66.88,137.06,0.0,0.0,0.0,0.0,87.85,291.79,8157.71,96.55,buen_ahorrador,2.8,2,10,expenseCheck_u24629591,generic
9011,2024-06,31,medio,1969.6,0.0,31.0,0.0,131.2,0.0,0.0,170.13,332.33,1637.27,83.13,buen_ahorrador,3.4,1,12,u98235448,generic
5971,2023-08,25,senior,3425.4,0.0,0.0,0.0,0.0,0.0,0.0,393.1,393.1,3032.3,88.52,buen_ahorrador,1.9,2,13,u82144157,generic
1316,2024-09,28,medio,1894.5,0.0,72.9,0.0,98.0,0.0,0.0,115.8,286.7,1607.8,84.87,buen_ahorrador,1.5,1,14,u98235448,generic
26030,2024-02,40,senior,5332.4,0.0,0.0,0.0,0.0,0.0,0.0,256.5,256.5,5075.9,95.19,buen_ahorrador,3.4,2,12,u82144157,generic
12366,2026-02,33,senior,8990.7,48.09,515.88,0.0,0.0,0.0,0.0,608.28,1172.25,7818.45,86.96,buen_ahorrador,2.8,2,9,expenseCheck_u24629591,generic
11760,2025-06,27,medio,2051.51,0.0,151.55,0.0,84.82,0.0,0.0,164.7,401.07,1650.44,80.45,buen_ahorrador,2.8,1,16,u98235448,generic
25197,2026-06,35,medio,2032.5,0.0,61.1,0.0,109.63,0.0,0.0,150.5,321.23,1711.27,84.2,buen_ahorrador,2.8,1,14,u98235448,generic
20832,2023-10,39,senior,4597.8,0.0,0.0,0.0,0.0,0.0,0.0,483.4,483.4,4114.4,89.49,buen_ahorrador,1.9,2,13,u82144157,generic
6495,2024-01,35,senior,3380.2,0.0,0.0,0.0,0.0,0.0,0.0,508.1,508.1,2872.1,84.97,buen_ahorrador,3.4,2,14,u82144157,generic
23647,2025-05,37,medio,2041.1,0.0,42.9,0.0,208.8,0.0,0.0,0.0,251.7,1789.4,87.67,buen_ahorrador,2.8,1,11,u98235448,generic
36230,2026-03,35,senior,7058.79,0.0,495.63,0.0,0.0,0.0,0.0,73.27,568.9,6489.89,91.94,buen_ahorrador,2.8,2,11,expenseCheck_u26350274,es
29101,2026-03,32,junior,1674.51,0.0,0.0,0.0,0.0,0.0,0.0,525.66,525.66,1148.85,68.61,buen_ahorrador,2.8,0,14,u86382190,generic
7088,2026-04,36,medio,1951.8,0.0,129.0,0.0,46.3,0.0,0.0,162.5,337.8,1614.0,82.69,buen_ahorrador,2.8,1,14,u98235448,generic
12555,2023-11,27,medio,1855.9,0.0,114.2,0.0,39.8,0.0,0.0,110.02,264.02,1591.88,85.77,buen_ahorrador,1.9,1,13,u98235448,generic
708,2026-07,31,junior,429.5,0.0,0.0,0.0,0.0,0.0,0.0,340.7,340.7,88.8,20.68,buen_ahorrador,2.8,0,12,u60341395,generic
19771,2026-03,40,junior,1680.05,0.0,0.0,0.0,0.0,0.0,0.0,271.05,271.05,1409.0,83.87,buen_ahorrador,2.8,0,12,u86382190,generic
126,2023-07,34,medio,1966.47,0.0,25.8,0.0,139.43,0.0,0.0,42.5,207.73,1758.74,89.44,buen_ahorrador,1.9,1,12,u98235448,generic
12800,2023-12,38,senior,5181.5,0.0,0.0,0.0,0.0,0.0,0.0,384.9,384.9,4796.6,92.57,buen_ahorrador,3.3,2,14,u82144157,generic
4894,2025-04,34,medio,1982.0,0.0,70.4,0.0,85.44,0.0,0.0,194.25,350.09,1631.91,82.34,buen_ahorrador,2.8,1,12,u98235448,generic
733,2023-05,34,medio,1805.0,0.0,75.0,0.0,79.69,0.0,0.0,68.64,223.33,1581.67,87.63,buen_ahorrador,5.9,1,15,u98235448,generic
28870,2025-03,35,senior,5942.4,0.0,0.0,0.0,0.0,0.0,0.0,225.7,225.7,5716.7,96.2,buen_ahorrador,2.8,2,12,u82144157,generic
4573,2026-02,36,senior,5695.31,0.0,277.91,0.0,0.0,0.0,0.0,277.17,555.08,5140.23,90.25,buen_ahorrador,2.8,2,13,expenseCheck_u26350274,es
5719,2026-03,40,medio,1982.4,0.0,90.52,0.0,109.26,0.0,0.0,63.0,262.78,1719.62,86.74,buen_ahorrador,2.8,1,16,u98235448,generic
145,2023-02,33,senior,3389.8,0.0,0.0,0.0,0.0,0.0,0.0,420.8,420.8,2969.0,87.59,buen_ahorrador,5.9,2,13,u82144157,generic
29439,2026-04,34,senior,8808.44,0.0,472.24,0.0,0.0,0.0,0.0,90.67,562.91,8245.53,93.61,buen_ahorrador,2.8,2,12,expenseCheck_u26350274,es
31961,2024-04,36,medio,1810.0,0.0,145.6,0.0,101.0,0.0,0.0,79.88,326.48,1483.52,81.96,buen_ahorrador,3.4,1,15,u98235448,generic
13159,2025-01,32,medio,2074.12,0.0,28.6,0.0,48.4,0.0,0.0,105.2,182.2,1891.92,91.22,buen_ahorrador,2.8,1,12,u98235448,generic
26717,2025-12,25,senior,5535.07,0.0,617.22,0.0,61.18,0.0,0.0,157.66,836.06,4699.01,84.9,buen_ahorrador,2.8,2,11,expenseCheck_u26350274,es
1830,2023-12,40,medio,2103.2,0.0,94.51,0.0,123.34,0.0,0.0,68.3,286.15,1817.05,86.39,buen_ahorrador,3.3,1,10,u98235448,generic
16354,2025-05,38,senior,4088.7,0.0,0.0,0.0,0.0,0.0,0.0,656.1,656.1,3432.6,83.95,buen_ahorrador,2.8,2,16,u82144157,generic
4237,2024-11,39,medio,1862.7,0.0,9.13,0.0,64.0,0.0,0.0,209.56,282.69,1580.01,84.82,buen_ahorrador,1.5,1,13,u98235448,generic
27014,2024-08,37,medio,2055.2,0.0,24.9,0.0,118.42,0.0,0.0,102.6,245.92,1809.28,88.03,buen_ahorrador,3.4,1,14,u98235448,generic
703,2023-02,33,senior,3443.8,0.0,0.0,0.0,0.0,0.0,0.0,499.8,499.8,2944.0,85.49,buen_ahorrador,5.9,2,15,u82144157,generic
29456,2022-03,30,senior,3262.4,0.0,0.0,0.0,0.0,0.0,0.0,387.2,387.2,2875.2,88.13,buen_ahorrador,6.1,2,13,u82144157,generic
38901,2024-04,27,medio,1880.4,0.0,16.2,0.0,191.2,0.0,0.0,101.14,308.54,1571.86,83.59,buen_ahorrador,3.4,1,13,u98235448,generic
11186,2026-06,32,medio,1751.99,41.77,162.72,259.96,30.75,0.0,0.0,793.29,1288.49,463.5,26.46,buen_ahorrador,2.8,1,37,u74445512,de
8788,2021-09,37,senior,3487.4,0.0,0.0,0.0,0.0,0.0,0.0,484.3,484.3,3003.1,86.11,buen_ahorrador,6.7,2,12,u82144157,generic
9047,2025-04,34,medio,2019.0,0.0,91.6,0.0,91.1,0.0,0.0,175.5,358.2,1660.8,82.26,buen_ahorrador,2.8,1,13,u98235448,generic
4150,2025-11,28,senior,8638.4,178.85,87.55,0.0,0.0,0.0,0.0,222.49,488.89,8149.51,94.34,buen_ahorrador,2.8,2,9,expenseCheck_u24629591,generic
10,2023-12,33,senior,3719.5,0.0,0.0,0.0,0.0,0.0,0.0,456.7,456.7,3262.8,87.72,buen_ahorrador,3.3,2,15,u82144157,generic
29475,2026-06,38,junior,1554.7,0.0,0.0,0.0,0.0,0.0,0.0,1641.14,1641.14,-86.44,-5.56,ahorro_insuficiente,2.8,0,10,u83188312,generic
5476,2026-02,38,junior,1575.56,0.0,0.0,0.0,0.0,0.0,0.0,366.33,366.33,1209.23,76.75,buen_ahorrador,2.8,0,13,u86382190,generic
36202,2024-08,35,medio,2103.2,0.0,34.4,0.0,182.38,0.0,0.0,43.5,260.28,1842.92,87.62,buen_ahorrador,3.4,1,11,u98235448,generic
29394,2025-02,27,senior,3340.2,0.0,0.0,0.0,0.0,0.0,0.0,466.7,466.7,2873.5,86.03,buen_ahorrador,2.8,2,13,u82144157,generic
20832,2025-06,39,senior,5908.4,0.0,0.0,0.0,0.0,0.0,0.0,270.0,270.0,5638.4,95.43,buen_ahorrador,2.8,2,10,u82144157,generic
230,2024-07,32,medio,2028.8,0.0,57.9,0.0,107.86,0.0,0.0,167.76,333.52,1695.28,83.56,buen_ahorrador,3.4,1,14,u98235448,generic
23732,2025-10,35,senior,9118.59,141.4,181.77,0.0,0.0,0.0,0.0,413.77,736.94,8381.65,91.92,buen_ahorrador,2.8,2,7,expenseCheck_u24629591,generic
31119,2026-07,33,junior,1546.01,0.0,0.0,0.0,0.0,0.0,0.0,338.4,338.4,1207.61,78.11,buen_ahorrador,2.8,0,13,u86382190,generic
4624,2026-05,28,senior,5270.43,0.0,320.39,0.0,0.0,0.0,0.0,207.91,528.3,4742.13,89.98,buen_ahorrador,2.8,2,12,expenseCheck_u26350274,es
29315,2025-04,33,medio,1913.5,0.0,165.7,0.0,151.91,0.0,0.0,16.4,334.01,1579.49,82.54,buen_ahorrador,2.8,1,13,u98235448,generic
39089,2023-10,39,medio,2059.8,0.0,54.7,0.0,94.3,0.0,0.0,79.9,228.9,1830.9,88.89,buen_ahorrador,1.9,1,11,u98235448,generic
30279,2026-07,32,medio,2111.71,89.86,154.05,68.14,131.2,0.0,0.0,414.4,857.65,1254.06,59.39,buen_ahorrador,2.8,1,31,u74445512,de
18109,2022-08,38,senior,3499.1,0.0,0.0,0.0,0.0,0.0,0.0,486.1,486.1,3013.0,86.11,buen_ahorrador,10.2,2,13,u82144157,generic
14903,2025-02,30,medio,2023.5,0.0,61.8,0.0,145.0,0.0,0.0,30.7,237.5,1786.0,88.26,buen_ahorrador,2.8,1,14,u98235448,generic
4509,2026-07,36,senior,5836.74,0.0,764.57,0.0,0.0,0.0,0.0,148.8,913.37,4923.37,84.35,buen_ahorrador,2.8,2,16,expenseCheck_u26350274,es
4081,2023-04,35,senior,3196.4,0.0,0.0,0.0,0.0,0.0,0.0,362.9,362.9,2833.5,88.65,buen_ahorrador,5.9,2,13,u82144157,generic
27733,2023-09,35,senior,4896.2,0.0,0.0,0.0,0.0,0.0,0.0,408.1,408.1,4488.1,91.66,buen_ahorrador,1.9,2,12,u82144157,generic
12433,2023-10,26,medio,2004.3,0.0,55.5,0.0,90.1,0.0,0.0,99.73,245.33,1758.97,87.76,buen_ahorrador,1.9,1,13,u98235448,generic
29250,2025-12,29,senior,4996.25,0.0,830.25,0.0,0.0,0.0,0.0,83.88,914.13,4082.12,81.7,buen_ahorrador,2.8,2,13,expenseCheck_u26350274,es
29408,2021-10,27,senior,3511.4,0.0,0.0,0.0,0.0,0.0,0.0,446.6,446.6,3064.8,87.28,buen_ahorrador,6.7,2,13,u82144157,generic
29613,2026-02,28,junior,1632.44,0.0,0.0,0.0,0.0,0.0,0.0,440.36,440.36,1192.08,73.02,buen_ahorrador,2.8,0,12,u86382190,generic
7551,2023-11,38,senior,7152.3,0.0,0.0,0.0,0.0,0.0,0.0,375.0,375.0,6777.3,94.76,buen_ahorrador,1.9,2,15,u82144157,generic
11922,2026-06,36,medio,2101.9,0.0,57.18,0.0,137.69,0.0,0.0,68.3,263.17,1838.73,87.48,buen_ahorrador,2.8,1,13,u98235448,generic
32943,2023-12,39,medio,2184.79,0.0,87.36,0.0,100.8,0.0,0.0,89.2,277.36,1907.43,87.3,buen_ahorrador,3.3,1,16,u98235448,generic
13019,2022-05,32,senior,3527.6,0.0,0.0,0.0,0.0,0.0,0.0,347.3,347.3,3180.3,90.15,buen_ahorrador,6.1,2,13,u82144157,generic
761,2026-01,30,senior,6121.11,0.0,504.05,0.0,0.0,0.0,0.0,103.26,607.31,5513.8,90.08,buen_ahorrador,2.8,2,13,expenseCheck_u26350274,es
7490,2026-03,32,senior,5578.72,0.0,215.99,0.0,0.0,0.0,0.0,250.96,466.95,5111.77,91.63,buen_ahorrador,2.8,2,10,expenseCheck_u26350274,es
5919,2026-03,36,medio,1881.7,0.0,52.9,0.0,96.48,0.0,0.0,165.9,315.28,1566.42,83.24,buen_ahorrador,2.8,1,12,u98235448,generic
27020,2026-07,38,junior,1603.16,0.0,0.0,0.0,0.0,0.0,0.0,466.3,466.3,1136.86,70.91,buen_ahorrador,2.8,0,15,u86382190,generic
5903,2025-10,32,medio,2011.92,0.0,0.0,0.0,218.92,0.0,0.0,81.3,300.22,1711.7,85.08,buen_ahorrador,2.8,1,13,u98235448,generic
39309,2022-12,30,senior,3366.0,0.0,0.0,0.0,0.0,0.0,0.0,359.0,359.0,3007.0,89.33,buen_ahorrador,5.7,2,12,u82144157,generic
731,2026-06,31,medio,2046.11,0.0,61.3,0.0,124.9,0.0,0.0,117.06,303.26,1742.85,85.18,buen_ahorrador,2.8,1,15,u98235448,generic
4267,2026-03,30,senior,7621.23,0.0,218.01,0.0,0.0,0.0,0.0,225.89,443.9,7177.33,94.18,buen_ahorrador,2.8,2,11,expenseCheck_u26350274,es
23077,2025-12,37,senior,5433.79,0.0,219.59,0.0,0.0,0.0,0.0,464.0,683.59,4750.2,87.42,buen_ahorrador,2.8,2,15,expenseCheck_u26350274,es
4078,2025-08,36,medio,1953.5,0.0,90.44,0.0,229.7,0.0,0.0,55.5,375.64,1577.86,80.77,buen_ahorrador,2.8,1,15,u98235448,generic
7489,2025-04,27,medio,2027.5,0.0,5.1,0.0,89.72,0.0,0.0,147.38,242.2,1785.3,88.05,buen_ahorrador,2.8,1,11,u98235448,generic
18324,2024-10,28,senior,4035.5,0.0,0.0,0.0,0.0,0.0,0.0,295.1,295.1,3740.4,92.69,buen_ahorrador,1.5,2,12,u82144157,generic
4603,2024-08,39,senior,3590.2,0.0,0.0,0.0,0.0,0.0,0.0,589.8,589.8,3000.4,83.57,buen_ahorrador,3.4,2,15,u82144157,generic
13783,2022-08,40,senior,5623.9,0.0,0.0,0.0,0.0,0.0,0.0,284.7,284.7,5339.2,94.94,buen_ahorrador,10.2,2,11,u82144157,generic
5500,2024-05,32,medio,1877.8,0.0,83.77,0.0,98.6,0.0,0.0,49.17,231.54,1646.26,87.67,buen_ahorrador,3.4,1,14,u98235448,generic
18762,2026-03,34,junior,1649.99,0.0,0.0,0.0,0.0,0.0,0.0,228.96,228.96,1421.03,86.12,buen_ahorrador,2.8,0,10,u86382190,generic
20788,2024-07,33,medio,1805.4,0.0,40.1,0.0,123.88,0.0,0.0,91.72,255.7,1549.7,85.84,buen_ahorrador,3.4,1,14,u98235448,generic
4606,2021-08,32,senior,3672.4,0.0,0.0,0.0,0.0,0.0,0.0,526.8,526.8,3145.6,85.66,buen_ahorrador,6.7,2,15,u82144157,generic
20738,2025-11,34,senior,5521.15,0.0,238.79,0.0,0.0,0.0,0.0,212.42,451.21,5069.94,91.83,buen_ahorrador,2.8,2,10,expenseCheck_u26350274,es
5549,2024-01,28,senior,6831.5,0.0,0.0,0.0,0.0,0.0,0.0,403.5,403.5,6428.0,94.09,buen_ahorrador,3.4,2,12,u82144157,generic
4240,2022-10,32,senior,3589.3,0.0,0.0,0.0,0.0,0.0,0.0,300.1,300.1,3289.2,91.64,buen_ahorrador,10.2,2,11,u82144157,generic
8697,2026-06,36,junior,384.5,0.0,0.0,0.0,0.0,0.0,0.0,363.7,363.7,20.8,5.41,ahorro_moderado,2.8,0,11,u60341395,generic
16512,2026-04,26,medio,2104.8,0.0,63.14,0.0,112.7,0.0,0.0,181.2,357.04,1747.76,83.04,buen_ahorrador,2.8,1,14,u98235448,generic
21899,2026-01,38,medio,1929.18,0.0,41.9,0.0,201.6,0.0,0.0,57.92,301.42,1627.76,84.38,buen_ahorrador,2.8,1,14,u98235448,generic
6205,2023-03,40,senior,3268.5,0.0,0.0,0.0,0.0,0.0,0.0,403.0,403.0,2865.5,87.67,buen_ahorrador,5.9,2,11,u82144157,generic
39278,2024-04,27,senior,3777.7,0.0,0.0,0.0,0.0,0.0,0.0,542.9,542.9,3234.8,85.63,buen_ahorrador,3.4,2,16,u82144157,generic
28494,2025-12,35,senior,8810.24,0.0,123.1,0.0,0.0,0.0,0.0,558.95,682.05,8128.19,92.26,buen_ahorrador,2.8,2,10,expenseCheck_u24629591,generic
30235,2021-08,26,senior,3412.6,0.0,0.0,0.0,0.0,0.0,0.0,357.8,357.8,3054.8,89.52,buen_ahorrador,6.7,2,12,u82144157,generic
4302,2025-05,32,medio,1981.5,0.0,53.2,0.0,167.78,0.0,0.0,67.9,288.88,1692.62,85.42,buen_ahorrador,2.8,1,14,u98235448,generic
29447,2023-06,33,senior,5867.6,0.0,0.0,0.0,0.0,0.0,0.0,196.0,196.0,5671.6,96.66,buen_ahorrador,1.9,2,11,u82144157,generic
4134,2023-04,34,senior,5949.3,0.0,0.0,0.0,0.0,0.0,0.0,439.1,439.1,5510.2,92.62,buen_ahorrador,5.9,2,16,u82144157,generic
4111,2025-08,35,medio,1981.4,0.0,0.0,0.0,68.47,0.0,0.0,102.8,171.27,1810.13,91.36,buen_ahorrador,2.8,1,10,u98235448,generic
27020,2026-01,38,junior,1707.02,0.0,0.0,0.0,0.0,0.0,0.0,326.01,326.01,1381.01,80.9,buen_ahorrador,2.8,0,10,u86382190,generic
17063,2026-07,32,junior,1675.47,0.0,0.0,0.0,0.0,0.0,0.0,4283.17,4283.17,-2607.7,-155.64,ahorro_insuficiente,2.8,0,11,u83188312,generic
360,2022-01,28,senior,5611.0,0.0,0.0,0.0,0.0,0.0,0.0,427.8,427.8,5183.2,92.38,buen_ahorrador,6.1,2,15,u82144157,generic
4324,2025-04,26,medio,2032.9,0.0,86.7,0.0,33.0,0.0,0.0,82.0,201.7,1831.2,90.08,buen_ahorrador,2.8,1,13,u98235448,generic
13977,2025-07,37,medio,2054.2,0.0,12.0,0.0,148.8,0.0,0.0,107.76,268.56,1785.64,86.93,buen_ahorrador,2.8,1,12,u98235448,generic
9853,2026-04,32,senior,6547.66,0.0,456.19,0.0,0.0,0.0,0.0,0.0,456.19,6091.47,93.03,buen_ahorrador,2.8,2,10,expenseCheck_u26350274,es
20717,2024-02,35,medio,1875.8,0.0,45.8,0.0,205.62,0.0,0.0,61.3,312.72,1563.08,83.33,buen_ahorrador,3.4,1,15,u98235448,generic
9812,2024-02,33,medio,1971.3,0.0,49.4,0.0,138.4,0.0,0.0,69.7,257.5,1713.8,86.94,buen_ahorrador,3.4,1,11,u98235448,generic
26130,2021-09,36,senior,3338.3,0.0,0.0,0.0,0.0,0.0,0.0,399.4,399.4,2938.9,88.04,buen_ahorrador,6.7,2,13,u82144157,generic
18315,2023-05,39,senior,4417.5,0.0,0.0,0.0,0.0,0.0,0.0,419.5,419.5,3998.0,90.5,buen_ahorrador,5.9,2,14,u82144157,generic
6026,2026-03,39,medio,2141.3,0.0,78.2,0.0,192.2,0.0,0.0,40.6,311.0,1830.3,85.48,buen_ahorrador,2.8,1,11,u98235448,generic
32933,2023-11,29,senior,3550.2,0.0,0.0,0.0,0.0,0.0,0.0,371.3,371.3,3178.9,89.54,buen_ahorrador,1.9,2,12,u82144157,generic
32950,2023-01,26,senior,3655.4,0.0,0.0,0.0,0.0,0.0,0.0,398.5,398.5,3256.9,89.1,buen_ahorrador,5.9,2,11,u82144157,generic
23638,2026-05,36,junior,1709.93,0.0,0.0,0.0,0.0,0.0,0.0,335.61,335.61,1374.32,80.37,buen_ahorrador,2.8,0,14,u86382190,generic
13793,2026-06,31,junior,1682.98,0.0,0.0,0.0,0.0,0.0,0.0,346.55,346.55,1336.43,79.41,buen_ahorrador,2.8,0,10,u86382190,generic
11099,2025-02,28,medio,2009.7,0.0,16.4,0.0,74.6,0.0,0.0,75.16,166.16,1843.54,91.73,buen_ahorrador,2.8,1,10,u98235448,generic
6180,2023-09,40,medio,1998.5,0.0,38.4,0.0,126.5,0.0,0.0,108.94,273.84,1724.66,86.3,buen_ahorrador,1.9,1,12,u98235448,generic
7727,2022-04,29,senior,3678.5,0.0,0.0,0.0,0.0,0.0,0.0,375.9,375.9,3302.6,89.78,buen_ahorrador,6.1,2,13,u82144157,generic
5106,2025-11,31,senior,8666.87,0.0,59.4,0.0,0.0,0.0,0.0,86.47,145.87,8521.0,98.32,buen_ahorrador,2.8,2,9,expenseCheck_u24629591,generic
16950,2023-04,26,senior,5592.5,0.0,0.0,0.0,0.0,0.0,0.0,379.6,379.6,5212.9,93.21,buen_ahorrador,5.9,2,16,u82144157,generic
4632,2023-04,31,senior,5921.1,0.0,0.0,0.0,0.0,0.0,0.0,354.8,354.8,5566.3,94.01,buen_ahorrador,5.9,2,11,u82144157,generic
4285,2026-06,31,junior,1623.73,0.0,0.0,0.0,0.0,0.0,0.0,354.62,354.62,1269.11,78.16,buen_ahorrador,2.8,0,13,u86382190,generic
1663,2023-10,38,medio,1989.0,0.0,81.13,0.0,81.5,0.0,0.0,109.1,271.73,1717.27,86.34,buen_ahorrador,1.9,1,13,u98235448,generic
488,2026-04,28,medio,1861.8,0.0,63.11,0.0,168.07,0.0,0.0,146.36,377.54,1484.26,79.72,buen_ahorrador,2.8,1,15,u98235448,generic
1730,2025-11,31,medio,2090.6,0.0,152.2,0.0,111.0,0.0,0.0,89.69,352.89,1737.71,83.12,buen_ahorrador,2.8,1,14,u98235448,generic
67,2024-02,34,medio,1971.0,0.0,64.4,0.0,127.8,0.0,0.0,50.9,243.1,1727.9,87.67,buen_ahorrador,3.4,1,10,u98235448,generic
20318,2026-03,33,senior,9018.5,0.0,431.25,0.0,0.0,0.0,0.0,80.73,511.98,8506.52,94.32,buen_ahorrador,2.8,2,8,expenseCheck_u24629591,generic
130,2026-04,32,medio,1974.1,0.0,0.0,0.0,175.2,0.0,0.0,228.23,403.43,1570.67,79.56,buen_ahorrador,2.8,1,15,u98235448,generic
25864,2023-04,38,medio,2034.6,0.0,27.2,0.0,111.82,0.0,0.0,28.8,167.82,1866.78,91.75,buen_ahorrador,5.9,1,10,u98235448,generic
19158,2023-06,26,senior,4941.1,0.0,0.0,0.0,0.0,0.0,0.0,309.9,309.9,4631.2,93.73,buen_ahorrador,1.9,2,12,u82144157,generic
839,2026-05,40,medio,1882.52,68.35,1019.99,3.6,0.0,0.0,0.0,492.53,1584.47,298.05,15.83,buen_ahorrador,2.8,1,26,u74445512,de
9842,2023-05,29,medio,2029.5,0.0,45.54,0.0,115.9,0.0,0.0,112.6,274.04,1755.46,86.5,buen_ahorrador,5.9,1,13,u98235448,generic
4080,2025-11,36,senior,5822.46,0.0,540.62,0.0,0.0,0.0,0.0,315.32,855.94,4966.52,85.3,buen_ahorrador,2.8,2,14,expenseCheck_u26350274,es
6692,2025-06,35,senior,5811.1,0.0,0.0,0.0,0.0,0.0,0.0,359.8,359.8,5451.3,93.81,buen_ahorrador,2.8,2,13,u82144157,generic
13450,2024-07,26,medio,1805.0,0.0,46.2,0.0,112.43,0.0,0.0,31.8,190.43,1614.57,89.45,buen_ahorrador,3.4,1,11,u98235448,generic
8713,2026-01,30,senior,8908.08,98.32,189.33,0.0,0.0,0.0,0.0,572.3,859.95,8048.13,90.35,buen_ahorrador,2.8,2,10,expenseCheck_u24629591,generic
4631,2026-05,32,junior,1682.75,0.0,0.0,0.0,0.0,0.0,0.0,430.81,430.81,1251.94,74.4,buen_ahorrador,2.8,0,12,u86382190,generic
12938,2025-07,35,senior,8551.75,0.0,80.04,0.0,0.0,0.0,0.0,174.81,254.85,8296.9,97.02,buen_ahorrador,2.8,2,9,expenseCheck_u24629591,generic
30379,2025-07,32,senior,3926.4,0.0,0.0,0.0,0.0,0.0,0.0,330.4,330.4,3596.0,91.59,buen_ahorrador,2.8,2,11,u82144157,generic
7389,2025-10,26,medio,2092.46,0.0,30.8,0.0,104.55,0.0,0.0,188.59,323.94,1768.52,84.52,buen_ahorrador,2.8,1,12,u98235448,generic
18141,2026-07,29,junior,1544.83,0.0,0.0,0.0,0.0,0.0,0.0,438.11,438.11,1106.72,71.64,buen_ahorrador,2.8,0,16,u86382190,generic
783,2025-07,33,medio,1976.1,0.0,71.9,0.0,176.5,0.0,0.0,97.76,346.16,1629.94,82.48,buen_ahorrador,2.8,1,16,u98235448,generic
22593,2025-05,34,medio,1966.8,0.0,91.9,0.0,128.87,0.0,0.0,83.4,304.17,1662.63,84.53,buen_ahorrador,2.8,1,13,u98235448,generic
29271,2026-03,27,senior,6153.57,0.0,758.5,0.0,0.0,0.0,0.0,166.43,924.93,5228.64,84.97,buen_ahorrador,2.8,2,16,expenseCheck_u26350274,es
5892,2021-12,28,senior,4619.6,0.0,0.0,0.0,0.0,0.0,0.0,341.7,341.7,4277.9,92.6,buen_ahorrador,6.7,2,13,u82144157,generic
5221,2024-09,25,medio,1950.27,0.0,62.3,0.0,82.22,0.0,0.0,152.1,296.62,1653.65,84.79,buen_ahorrador,1.5,1,11,u98235448,generic
8461,2023-09,33,medio,1947.32,0.0,0.0,0.0,95.9,0.0,0.0,62.9,158.8,1788.52,91.85,buen_ahorrador,1.9,1,11,u98235448,generic
22746,2026-06,35,medio,1934.7,0.0,63.79,0.0,70.86,0.0,0.0,24.0,158.65,1776.05,91.8,buen_ahorrador,2.8,1,11,u98235448,generic
12243,2026-06,39,senior,5193.28,0.0,357.33,0.0,0.0,0.0,0.0,508.1,865.43,4327.85,83.34,buen_ahorrador,2.8,2,14,expenseCheck_u26350274,es
18692,2025-07,31,senior,9156.24,12.5,148.27,0.0,0.0,0.0,0.0,133.17,293.94,8862.3,96.79,buen_ahorrador,2.8,2,8,expenseCheck_u24629591,generic
20972,2025-12,32,medio,2018.5,0.0,24.8,0.0,80.8,0.0,0.0,118.89,224.49,1794.01,88.88,buen_ahorrador,2.8,1,12,u98235448,generic
4308,2023-01,25,senior,3610.8,0.0,0.0,0.0,0.0,0.0,0.0,400.5,400.5,3210.3,88.91,buen_ahorrador,5.9,2,13,u82144157,generic
17967,2026-03,40,senior,8457.2,0.0,116.85,0.0,0.0,0.0,0.0,243.59,360.44,8096.76,95.74,buen_ahorrador,2.8,2,9,expenseCheck_u24629591,generic
9021,2023-08,35,medio,1973.3,0.0,62.45,0.0,112.0,0.0,0.0,96.47,270.92,1702.38,86.27,buen_ahorrador,1.9,1,14,u98235448,generic
26311,2025-09,31,senior,8383.52,0.0,250.14,0.0,0.0,0.0,0.0,182.96,433.1,7950.42,94.83,buen_ahorrador,2.8,2,8,expenseCheck_u24629591,generic
5648,2022-10,38,senior,5127.2,0.0,0.0,0.0,0.0,0.0,0.0,532.9,532.9,4594.3,89.61,buen_ahorrador,10.2,2,16,u82144157,generic
27496,2021-08,38,senior,3649.8,0.0,0.0,0.0,0.0,0.0,0.0,244.7,244.7,3405.1,93.3,buen_ahorrador,6.7,2,12,u82144157,generic
29524,2025-02,35,senior,3415.7,0.0,0.0,0.0,0.0,0.0,0.0,484.2,484.2,2931.5,85.82,buen_ahorrador,2.8,2,13,u82144157,generic
4754,2025-01,29,medio,1904.7,0.0,5.8,0.0,74.5,0.0,0.0,224.01,304.31,1600.39,84.02,buen_ahorrador,2.8,1,11,u98235448,generic
14076,2025-08,27,senior,8604.29,27.95,82.28,0.0,0.0,0.0,0.0,194.14,304.37,8299.92,96.46,buen_ahorrador,2.8,2,8,expenseCheck_u24629591,generic
4206,2022-05,30,senior,3845.0,0.0,0.0,0.0,0.0,0.0,0.0,234.3,234.3,3610.7,93.91,buen_ahorrador,6.1,2,11,u82144157,generic
21246,2025-11,39,senior,5180.26,0.0,453.91,0.0,0.0,0.0,0.0,157.51,611.42,4568.84,88.2,buen_ahorrador,2.8,2,12,expenseCheck_u26350274,es
9896,2025-04,30,medio,1956.9,0.0,35.9,0.0,109.8,0.0,0.0,107.5,253.2,1703.7,87.06,buen_ahorrador,2.8,1,10,u98235448,generic
6673,2026-07,26,medio,2083.67,0.0,134.03,27.01,0.0,0.0,0.0,1395.71,1556.75,526.92,25.29,buen_ahorrador,2.8,1,25,u74445512,de
25115,2024-02,36,medio,2015.0,0.0,45.0,0.0,98.7,0.0,0.0,97.7,241.4,1773.6,88.02,buen_ahorrador,3.4,1,12,u98235448,generic
9226,2026-01,35,senior,8903.93,0.0,218.43,0.0,0.0,0.0,0.0,335.59,554.02,8349.91,93.78,buen_ahorrador,2.8,2,9,expenseCheck_u24629591,generic
757,2026-06,35,medio,1882.1,6.12,80.22,31.06,0.0,0.0,0.0,811.41,928.81,953.29,50.65,buen_ahorrador,2.8,1,31,u74445512,de
29502,2025-08,38,medio,2066.9,0.0,37.4,0.0,137.2,0.0,0.0,35.2,209.8,1857.1,89.85,buen_ahorrador,2.8,1,11,u98235448,generic
4040,2025-02,28,senior,3136.9,0.0,0.0,0.0,0.0,0.0,0.0,494.3,494.3,2642.6,84.24,buen_ahorrador,2.8,2,16,u82144157,generic
20818,2025-02,31,senior,3481.9,0.0,0.0,0.0,0.0,0.0,0.0,358.1,358.1,3123.8,89.72,buen_ahorrador,2.8,2,14,u82144157,generic
20484,2026-01,30,senior,5179.8,0.0,395.32,0.0,0.0,0.0,0.0,112.53,507.85,4671.95,90.2,buen_ahorrador,2.8,2,14,expenseCheck_u26350274,es
6867,2024-11,28,medio,1983.6,0.0,126.1,0.0,127.0,0.0,0.0,76.3,329.4,1654.2,83.39,buen_ahorrador,1.5,1,15,u98235448,generic
20793,2026-02,26,senior,8481.41,0.0,452.66,0.0,0.0,0.0,0.0,219.49,672.15,7809.26,92.08,buen_ahorrador,2.8,2,15,expenseCheck_u26350274,es
6491,2026-07,40,medio,1943.4,29.58,250.89,100.38,0.0,0.0,0.0,1170.01,1550.86,392.54,20.2,buen_ahorrador,2.8,1,35,u74445512,de
29089,2026-06,33,medio,1839.37,19.23,362.16,154.72,71.73,0.0,0.0,1234.95,1842.79,-3.42,-0.19,ahorro_insuficiente,2.8,1,37,u74445512,de
31463,2024-06,38,medio,2135.7,0.0,100.33,0.0,116.4,0.0,0.0,86.2,302.93,1832.77,85.82,buen_ahorrador,3.4,1,14,u98235448,generic
627,2025-11,31,medio,1930.2,0.0,51.6,0.0,84.29,0.0,0.0,164.0,299.89,1630.31,84.46,buen_ahorrador,2.8,1,12,u98235448,generic
4727,2021-09,34,senior,3421.9,0.0,0.0,0.0,0.0,0.0,0.0,358.2,358.2,3063.7,89.53,buen_ahorrador,6.7,2,12,u82144157,generic
13719,2025-10,29,senior,3314.6,0.0,0.0,0.0,0.0,0.0,0.0,377.3,377.3,2937.3,88.62,buen_ahorrador,2.8,2,13,u82144157,generic
12346,2021-08,35,senior,3456.2,0.0,0.0,0.0,0.0,0.0,0.0,560.0,560.0,2896.2,83.8,buen_ahorrador,6.7,2,15,u82144157,generic
37437,2023-12,25,senior,3467.4,0.0,0.0,0.0,0.0,0.0,0.0,387.4,387.4,3080.0,88.83,buen_ahorrador,3.3,2,14,u82144157,generic
4663,2022-08,27,senior,3549.4,0.0,0.0,0.0,0.0,0.0,0.0,462.8,462.8,3086.6,86.96,buen_ahorrador,10.2,2,14,u82144157,generic
4671,2025-01,32,senior,3076.2,0.0,0.0,0.0,0.0,0.0,0.0,439.6,439.6,2636.6,85.71,buen_ahorrador,2.8,2,14,u82144157,generic
10615,2025-10,32,senior,5455.65,0.0,792.84,0.0,0.0,0.0,0.0,334.88,1127.72,4327.93,79.33,buen_ahorrador,2.8,2,15,expenseCheck_u26350274,es
4663,2023-05,27,senior,4381.4,0.0,0.0,0.0,0.0,0.0,0.0,431.0,431.0,3950.4,90.16,buen_ahorrador,5.9,2,12,u82144157,generic
36,2026-02,29,senior,8953.29,0.0,361.36,0.0,0.0,0.0,0.0,55.52,416.88,8536.41,95.34,buen_ahorrador,2.8,2,10,expenseCheck_u24629591,generic
8542,2024-09,27,medio,1953.0,0.0,58.0,0.0,102.5,0.0,0.0,114.6,275.1,1677.9,85.91,buen_ahorrador,1.5,1,11,u98235448,generic
847,2025-05,38,medio,1943.2,0.0,87.09,0.0,89.37,0.0,0.0,139.81,316.27,1626.93,83.72,buen_ahorrador,2.8,1,14,u98235448,generic
8359,2022-06,39,senior,3384.2,0.0,0.0,0.0,0.0,0.0,0.0,272.7,272.7,3111.5,91.94,buen_ahorrador,10.2,2,10,u82144157,generic
4194,2025-03,34,senior,4604.0,0.0,0.0,0.0,0.0,0.0,0.0,330.8,330.8,4273.2,92.81,buen_ahorrador,2.8,2,10,u82144157,generic
30218,2025-09,25,medio,1953.76,0.0,96.0,0.0,120.1,0.0,0.0,189.73,405.83,1547.93,79.23,buen_ahorrador,2.8,1,16,u98235448,generic
6021,2026-02,26,senior,8973.7,28.6,181.81,0.0,0.0,0.0,0.0,146.72,357.13,8616.57,96.02,buen_ahorrador,2.8,2,9,expenseCheck_u24629591,generic
36207,2026-02,32,medio,2069.63,0.0,62.6,0.0,191.0,0.0,0.0,35.4,289.0,1780.63,86.04,buen_ahorrador,2.8,1,14,u98235448,generic
11156,2025-03,38,medio,1978.1,0.0,144.82,0.0,152.45,0.0,0.0,29.9,327.17,1650.93,83.46,buen_ahorrador,2.8,1,13,u98235448,generic
20967,2026-06,34,junior,578.1,0.0,0.0,0.0,0.0,0.0,0.0,370.78,370.78,207.32,35.86,buen_ahorrador,2.8,0,12,u60341395,generic
27683,2025-10,39,senior,8720.44,30.26,0.0,0.0,0.0,0.0,0.0,567.0,597.26,8123.18,93.15,buen_ahorrador,2.8,2,8,expenseCheck_u24629591,generic
9812,2025-04,33,medio,2018.39,0.0,41.1,0.0,148.82,0.0,0.0,84.4,274.32,1744.07,86.41,buen_ahorrador,2.8,1,12,u98235448,generic
34512,2023-10,26,senior,4471.3,0.0,0.0,0.0,0.0,0.0,0.0,304.8,304.8,4166.5,93.18,buen_ahorrador,1.9,2,11,u82144157,generic
4618,2026-04,37,junior,1631.13,0.0,0.0,0.0,0.0,0.0,0.0,477.72,477.72,1153.41,70.71,buen_ahorrador,2.8,0,14,u86382190,generic
21658,2025-08,25,senior,6266.52,0.0,492.76,0.0,0.0,0.0,0.0,259.99,752.75,5513.77,87.99,buen_ahorrador,2.8,2,15,expenseCheck_u26350274,es
15208,2026-06,38,junior,1580.0,0.0,0.0,0.0,0.0,0.0,0.0,815.82,815.82,764.18,48.37,buen_ahorrador,2.8,0,12,u83188312,generic
8963,2026-07,34,medio,1958.0,32.16,275.58,152.3,0.0,0.0,0.0,1269.78,1729.82,228.18,11.65,ahorro_moderado,2.8,1,28,u74445512,de
9911,2024-04,31,medio,2047.5,0.0,69.7,0.0,141.93,0.0,0.0,105.6,317.23,1730.27,84.51,buen_ahorrador,3.4,1,15,u98235448,generic
38334,2023-05,27,medio,1919.5,0.0,48.9,0.0,72.6,0.0,0.0,84.67,206.17,1713.33,89.26,buen_ahorrador,5.9,1,12,u98235448,generic
19926,2023-10,38,senior,3665.1,0.0,0.0,0.0,0.0,0.0,0.0,477.0,477.0,3188.1,86.99,buen_ahorrador,1.9,2,14,u82144157,generic
14386,2021-08,39,senior,3518.1,0.0,0.0,0.0,0.0,0.0,0.0,511.2,511.2,3006.9,85.47,buen_ahorrador,6.7,2,16,u82144157,generic
4187,2025-07,31,medio,1949.1,0.0,53.9,0.0,76.99,0.0,0.0,61.6,192.49,1756.61,90.12,buen_ahorrador,2.8,1,10,u98235448,generic
1735,2025-06,26,medio,2002.5,0.0,35.6,0.0,82.7,0.0,0.0,128.55,246.85,1755.65,87.67,buen_ahorrador,2.8,1,12,u98235448,generic
4112,2025-09,34,senior,6395.53,0.0,673.31,0.0,0.0,0.0,0.0,140.58,813.89,5581.64,87.27,buen_ahorrador,2.8,2,16,expenseCheck_u26350274,es
32927,2026-07,33,junior,419.6,0.0,0.0,0.0,0.0,0.0,0.0,397.5,397.5,22.1,5.27,ahorro_moderado,2.8,0,15,u60341395,generic
16530,2023-05,39,medio,2016.2,0.0,41.1,0.0,145.7,0.0,0.0,138.6,325.4,1690.8,83.86,buen_ahorrador,5.9,1,14,u98235448,generic
29566,2024-10,40,senior,3431.1,0.0,0.0,0.0,0.0,0.0,0.0,471.9,471.9,2959.2,86.25,buen_ahorrador,1.5,2,14,u82144157,generic
30031,2026-04,29,medio,1919.7,0.0,42.3,0.0,100.11,0.0,0.0,32.3,174.71,1744.99,90.9,buen_ahorrador,2.8,1,14,u98235448,generic
29431,2022-11,36,senior,3727.6,0.0,0.0,0.0,0.0,0.0,0.0,460.6,460.6,3267.0,87.64,buen_ahorrador,10.2,2,15,u82144157,generic
14148,2023-04,30,medio,1878.35,0.0,44.6,0.0,203.2,0.0,0.0,81.11,328.91,1549.44,82.49,buen_ahorrador,5.9,1,16,u98235448,generic
4563,2022-05,33,freelance,3652.1,0.0,0.0,0.0,0.0,0.0,0.0,280.1,280.1,3372.0,92.33,buen_ahorrador,6.1,3,12,u82144157,generic
21266,2023-04,38,freelance,3453.4,0.0,0.0,0.0,0.0,0.0,0.0,233.3,233.3,3220.1,93.24,buen_ahorrador,5.9,3,11,u82144157,generic
31565,2023-08,33,senior,3588.1,0.0,0.0,0.0,0.0,0.0,0.0,496.5,496.5,3091.6,86.16,buen_ahorrador,1.9,2,15,u82144157,generic
4671,2022-03,32,senior,3622.2,0.0,0.0,0.0,0.0,0.0,0.0,338.4,338.4,3283.8,90.66,buen_ahorrador,6.1,2,12,u82144157,generic
9472,2026-04,31,junior,1578.4,0.0,0.0,0.0,0.0,0.0,0.0,494.1,494.1,1084.3,68.7,buen_ahorrador,2.8,0,16,u86382190,generic
11730,2026-04,37,senior,8795.82,19.06,361.84,0.0,0.0,0.0,0.0,0.0,380.9,8414.92,95.67,buen_ahorrador,2.8,2,8,expenseCheck_u24629591,generic
26231,2023-07,26,medio,2069.23,0.0,0.0,0.0,193.7,0.0,0.0,45.61,239.31,1829.92,88.43,buen_ahorrador,1.9,1,13,u98235448,generic
22575,2026-01,33,junior,1724.1,0.0,0.0,0.0,0.0,0.0,0.0,307.43,307.43,1416.67,82.17,buen_ahorrador,2.8,0,13,u86382190,generic
37385,2026-07,30,junior,1581.16,0.0,0.0,0.0,0.0,0.0,0.0,386.23,386.23,1194.93,75.57,buen_ahorrador,2.8,0,12,u86382190,generic
29449,2025-10,29,senior,8841.06,85.09,379.84,0.0,0.0,0.0,0.0,331.51,796.44,8044.62,90.99,buen_ahorrador,2.8,2,7,expenseCheck_u24629591,generic
9244,2026-05,27,senior,9497.47,0.0,92.19,0.0,0.0,0.0,0.0,127.44,219.63,9277.84,97.69,buen_ahorrador,2.8,2,8,expenseCheck_u24629591,generic
16417,2025-10,25,medio,2067.3,0.0,14.0,0.0,162.91,0.0,0.0,112.46,289.37,1777.93,86.0,buen_ahorrador,2.8,1,15,u98235448,generic
786,2024-04,30,medio,2014.2,0.0,82.9,0.0,127.8,0.0,0.0,26.05,236.75,1777.45,88.25,buen_ahorrador,3.4,1,10,u98235448,generic
29264,2024-07,38,senior,3526.4,0.0,0.0,0.0,0.0,0.0,0.0,402.5,402.5,3123.9,88.59,buen_ahorrador,3.4,2,11,u82144157,generic
20586,2026-03,29,junior,1753.4,0.0,0.0,0.0,0.0,0.0,0.0,273.4,273.4,1480.0,84.41,buen_ahorrador,2.8,0,13,u86382190,generic
4151,2024-01,39,medio,1883.8,0.0,65.8,0.0,127.1,0.0,0.0,36.1,229.0,1654.8,87.84,buen_ahorrador,3.4,1,12,u98235448,generic
4636,2026-01,30,medio,2023.1,0.0,59.5,0.0,51.36,0.0,0.0,108.7,219.56,1803.54,89.15,buen_ahorrador,2.8,1,11,u98235448,generic
14739,2024-06,36,medio,2042.5,0.0,50.3,0.0,108.02,0.0,0.0,29.66,187.98,1854.52,90.8,buen_ahorrador,3.4,1,13,u98235448,generic
203,2023-02,38,senior,4415.2,0.0,0.0,0.0,0.0,0.0,0.0,454.0,454.0,3961.2,89.72,buen_ahorrador,5.9,2,14,u82144157,generic
15379,2024-03,31,medio,1912.3,0.0,34.2,0.0,133.64,0.0,0.0,103.9,271.74,1640.56,85.79,buen_ahorrador,3.4,1,13,u98235448,generic
14713,2026-03,34,medio,1938.1,0.0,73.16,0.0,144.0,0.0,0.0,114.7,331.86,1606.24,82.88,buen_ahorrador,2.8,1,14,u98235448,generic
4731,2022-04,34,senior,3483.8,0.0,0.0,0.0,0.0,0.0,0.0,374.8,374.8,3109.0,89.24,buen_ahorrador,6.1,2,11,u82144157,generic
20872,2025-12,32,senior,5371.61,0.0,111.73,0.0,60.98,0.0,0.0,371.64,544.35,4827.26,89.87,buen_ahorrador,2.8,2,11,expenseCheck_u26350274,es
37486,2025-12,29,senior,5033.19,0.0,1669.8,0.0,0.0,0.0,0.0,166.3,1836.1,3197.09,63.52,buen_ahorrador,2.8,2,12,expenseCheck_u26350274,es
231,2024-12,29,senior,3454.4,0.0,0.0,0.0,0.0,0.0,0.0,315.8,315.8,3138.6,90.86,buen_ahorrador,2.8,2,11,u82144157,generic
9048,2025-10,26,senior,5472.11,0.0,404.76,0.0,0.0,0.0,0.0,115.96,520.72,4951.39,90.48,buen_ahorrador,2.8,2,12,expenseCheck_u26350274,es
12435,2026-07,30,senior,5558.02,0.0,449.56,0.0,0.0,0.0,0.0,251.68,701.24,4856.78,87.38,buen_ahorrador,2.8,2,11,expenseCheck_u26350274,es
8362,2022-11,29,senior,3607.5,0.0,0.0,0.0,0.0,0.0,0.0,345.5,345.5,3262.0,90.42,buen_ahorrador,10.2,2,12,u82144157,generic
30770,2024-06,32,senior,3357.2,0.0,0.0,0.0,0.0,0.0,0.0,425.8,425.8,2931.4,87.32,buen_ahorrador,3.4,2,13,u82144157,generic
30378,2025-02,29,medio,1952.8,0.0,84.7,0.0,129.9,0.0,0.0,126.3,340.9,1611.9,82.54,buen_ahorrador,2.8,1,12,u98235448,generic
29460,2025-12,36,medio,1908.9,0.0,72.35,0.0,63.3,0.0,0.0,213.89,349.54,1559.36,81.69,buen_ahorrador,2.8,1,16,u98235448,generic
9457,2025-12,27,senior,8756.93,44.2,98.59,0.0,0.0,0.0,0.0,69.45,212.24,8544.69,97.58,buen_ahorrador,2.8,2,7,expenseCheck_u24629591,generic
14471,2022-10,34,senior,3467.1,0.0,0.0,0.0,0.0,0.0,0.0,493.4,493.4,2973.7,85.77,buen_ahorrador,10.2,2,16,u82144157,generic
26931,2024-06,32,medio,2018.4,0.0,53.2,0.0,135.32,0.0,0.0,89.0,277.52,1740.88,86.25,buen_ahorrador,3.4,1,10,u98235448,generic
6143,2024-09,37,medio,1986.9,0.0,13.7,0.0,101.2,0.0,0.0,82.8,197.7,1789.2,90.05,buen_ahorrador,1.5,1,12,u98235448,generic
36895,2024-07,25,senior,3432.0,0.0,0.0,0.0,0.0,0.0,0.0,494.3,494.3,2937.7,85.6,buen_ahorrador,3.4,2,15,u82144157,generic
7131,2021-11,27,senior,3377.6,0.0,0.0,0.0,0.0,0.0,0.0,339.4,339.4,3038.2,89.95,buen_ahorrador,6.7,2,11,u82144157,generic
11080,2026-04,39,senior,8627.15,0.0,235.57,0.0,0.0,0.0,0.0,473.42,708.99,7918.16,91.78,buen_ahorrador,2.8,2,10,expenseCheck_u24629591,generic
5468,2025-10,26,senior,3301.2,0.0,0.0,0.0,0.0,0.0,0.0,271.7,271.7,3029.5,91.77,buen_ahorrador,2.8,2,11,u82144157,generic
14266,2023-09,37,senior,3142.0,0.0,0.0,0.0,0.0,0.0,0.0,417.5,417.5,2724.5,86.71,buen_ahorrador,1.9,2,12,u82144157,generic
13675,2025-01,30,senior,5687.1,0.0,0.0,0.0,0.0,0.0,0.0,269.1,269.1,5418.0,95.27,buen_ahorrador,2.8,2,10,u82144157,generic
14315,2026-05,29,medio,2028.08,0.0,163.04,27.92,0.0,0.0,0.0,320.33,511.29,1516.79,74.79,buen_ahorrador,2.8,1,25,u74445512,de
23654,2026-06,38,junior,1586.3,0.0,0.0,0.0,0.0,0.0,0.0,1969.2,1969.2,-382.9,-24.14,ahorro_insuficiente,2.8,0,13,u83188312,generic
36216,2026-05,39,medio,2018.1,0.0,97.6,0.0,187.8,0.0,0.0,108.86,394.26,1623.84,80.46,buen_ahorrador,2.8,1,15,u98235448,generic
8597,2022-06,40,senior,3566.4,0.0,0.0,0.0,0.0,0.0,0.0,432.1,432.1,3134.3,87.88,buen_ahorrador,10.2,2,13,u82144157,generic
113,2023-11,32,medio,2058.39,0.0,196.79,0.0,276.73,0.0,0.0,57.1,530.62,1527.77,74.22,buen_ahorrador,1.9,1,16,u98235448,generic
36895,2025-05,25,senior,6217.2,0.0,0.0,0.0,0.0,0.0,0.0,306.3,306.3,5910.9,95.07,buen_ahorrador,2.8,2,13,u82144157,generic
20861,2024-05,36,medio,1965.3,0.0,0.0,0.0,151.1,0.0,0.0,68.71,219.81,1745.49,88.82,buen_ahorrador,3.4,1,13,u98235448,generic
22580,2023-10,35,medio,1963.8,0.0,54.6,0.0,103.1,0.0,0.0,31.5,189.2,1774.6,90.37,buen_ahorrador,1.9,1,13,u98235448,generic
4576,2025-12,37,senior,5594.26,0.0,629.94,0.0,0.0,0.0,0.0,132.62,762.56,4831.7,86.37,buen_ahorrador,2.8,2,12,expenseCheck_u26350274,es
567,2024-12,28,senior,3429.5,0.0,0.0,0.0,0.0,0.0,0.0,302.0,302.0,3127.5,91.19,buen_ahorrador,2.8,2,11,u82144157,generic
4869,2022-07,27,senior,3291.9,0.0,0.0,0.0,0.0,0.0,0.0,364.6,364.6,2927.3,88.92,buen_ahorrador,10.2,2,11,u82144157,generic
37803,2024-03,36,medio,2002.4,0.0,5.8,0.0,45.2,0.0,0.0,106.3,157.3,1845.1,92.14,buen_ahorrador,3.4,1,12,u98235448,generic
28252,2022-01,31,senior,4912.2,0.0,0.0,0.0,0.0,0.0,0.0,367.2,367.2,4545.0,92.52,buen_ahorrador,6.1,2,12,u82144157,generic
31168,2025-10,28,senior,8913.21,0.0,782.01,0.0,0.0,0.0,0.0,315.64,1097.65,7815.56,87.69,buen_ahorrador,2.8,2,10,expenseCheck_u24629591,generic
16353,2025-12,39,senior,8451.93,154.95,81.6,0.0,0.0,0.0,0.0,210.05,446.6,8005.33,94.72,buen_ahorrador,2.8,2,7,expenseCheck_u24629591,generic
9192,2026-01,37,junior,1684.3,0.0,0.0,0.0,0.0,0.0,0.0,448.12,448.12,1236.18,73.39,buen_ahorrador,2.8,0,14,u86382190,generic
22602,2022-10,29,senior,3516.1,0.0,0.0,0.0,0.0,0.0,0.0,356.2,356.2,3159.9,89.87,buen_ahorrador,10.2,2,11,u82144157,generic
30348,2022-10,40,senior,3422.5,0.0,0.0,0.0,0.0,0.0,0.0,482.0,482.0,2940.5,85.92,buen_ahorrador,10.2,2,13,u82144157,generic
29520,2023-11,36,medio,2152.7,0.0,93.85,0.0,61.7,0.0,0.0,268.7,424.25,1728.45,80.29,buen_ahorrador,1.9,1,15,u98235448,generic
29431,2024-07,36,senior,6714.1,0.0,0.0,0.0,0.0,0.0,0.0,282.4,282.4,6431.7,95.79,buen_ahorrador,3.4,2,11,u82144157,generic
6417,2026-05,29,medio,1857.77,0.0,97.6,0.0,65.0,0.0,0.0,113.55,276.15,1581.62,85.14,buen_ahorrador,2.8,1,13,u98235448,generic
4491,2026-01,26,senior,5716.24,0.0,251.58,0.0,0.0,0.0,0.0,198.99,450.57,5265.67,92.12,buen_ahorrador,2.8,2,11,expenseCheck_u26350274,es
11239,2023-12,34,senior,4436.2,0.0,0.0,0.0,0.0,0.0,0.0,500.8,500.8,3935.4,88.71,buen_ahorrador,3.3,2,13,u82144157,generic
24797,2025-02,39,senior,3653.2,0.0,0.0,0.0,0.0,0.0,0.0,289.7,289.7,3363.5,92.07,buen_ahorrador,2.8,2,12,u82144157,generic
5541,2024-07,29,medio,1989.4,0.0,81.05,0.0,78.9,0.0,0.0,139.94,299.89,1689.51,84.93,buen_ahorrador,3.4,1,16,u98235448,generic
37679,2023-12,30,senior,7642.5,0.0,0.0,0.0,0.0,0.0,0.0,395.4,395.4,7247.1,94.83,buen_ahorrador,3.3,2,14,u82144157,generic
36192,2021-09,39,senior,3285.4,0.0,0.0,0.0,0.0,0.0,0.0,362.0,362.0,2923.4,88.98,buen_ahorrador,6.7,2,13,u82144157,generic
29473,2022-11,31,senior,3503.6,0.0,0.0,0.0,0.0,0.0,0.0,367.3,367.3,3136.3,89.52,buen_ahorrador,10.2,2,14,u82144157,generic
27738,2023-07,31,medio,1944.6,0.0,51.9,0.0,254.13,0.0,0.0,39.41,345.44,1599.16,82.24,buen_ahorrador,1.9,1,12,u98235448,generic
10680,2026-01,27,junior,1557.24,0.0,0.0,0.0,0.0,0.0,0.0,283.59,283.59,1273.65,81.79,buen_ahorrador,2.8,0,11,u86382190,generic
29412,2022-05,27,senior,4815.2,0.0,0.0,0.0,0.0,0.0,0.0,271.1,271.1,4544.1,94.37,buen_ahorrador,6.1,2,13,u82144157,generic
30839,2025-06,35,senior,5864.2,0.0,0.0,0.0,0.0,0.0,0.0,427.9,427.9,5436.3,92.7,buen_ahorrador,2.8,2,12,u82144157,generic
16999,2026-05,25,senior,8905.49,0.0,477.63,0.0,0.0,0.0,0.0,58.59,536.22,8369.27,93.98,buen_ahorrador,2.8,2,9,expenseCheck_u24629591,generic
25059,2026-01,25,senior,5362.28,0.0,355.73,0.0,0.0,0.0,0.0,289.37,645.1,4717.18,87.97,buen_ahorrador,2.8,2,13,expenseCheck_u26350274,es
20769,2026-04,40,medio,2143.7,0.0,163.08,0.0,0.0,0.0,0.0,181.4,344.48,1799.22,83.93,buen_ahorrador,2.8,1,12,u98235448,generic
28788,2025-11,25,medio,2015.62,0.0,68.3,0.0,83.1,0.0,0.0,84.2,235.6,1780.02,88.31,buen_ahorrador,2.8,1,11,u98235448,generic
29307,2023-10,27,medio,1949.0,0.0,58.0,0.0,202.21,0.0,0.0,37.8,298.01,1650.99,84.71,buen_ahorrador,1.9,1,13,u98235448,generic
5108,2025-05,35,medio,1902.5,0.0,56.6,0.0,66.7,0.0,0.0,62.9,186.2,1716.3,90.21,buen_ahorrador,2.8,1,12,u98235448,generic
21218,2026-02,37,senior,8488.03,0.0,677.72,0.0,0.0,0.0,0.0,305.63,983.35,7504.68,88.41,buen_ahorrador,2.8,2,10,expenseCheck_u24629591,generic
4663,2023-08,27,senior,3660.7,0.0,0.0,0.0,0.0,0.0,0.0,287.2,287.2,3373.5,92.15,buen_ahorrador,1.9,2,10,u82144157,generic
28168,2026-05,27,medio,2224.4,0.0,10.5,0.0,135.43,0.0,0.0,85.03,230.96,1993.44,89.62,buen_ahorrador,2.8,1,11,u98235448,generic
47,2025-08,30,senior,8771.68,447.79,503.82,0.0,0.0,0.0,0.0,71.86,1023.47,7748.21,88.33,buen_ahorrador,2.8,2,8,expenseCheck_u24629591,generic
4739,2026-05,29,junior,1548.15,0.0,0.0,0.0,0.0,0.0,0.0,288.68,288.68,1259.47,81.35,buen_ahorrador,2.8,0,13,u86382190,generic
4715,2025-05,40,senior,3367.0,0.0,0.0,0.0,0.0,0.0,0.0,501.5,501.5,2865.5,85.11,buen_ahorrador,2.8,2,14,u82144157,generic
35672,2024-02,28,medio,2014.57,0.0,11.2,0.0,275.8,0.0,0.0,63.5,350.5,1664.07,82.6,buen_ahorrador,3.4,1,14,u98235448,generic
16005,2024-07,31,medio,2074.9,0.0,0.0,0.0,106.42,0.0,0.0,76.1,182.52,1892.38,91.2,buen_ahorrador,3.4,1,10,u98235448,generic
5328,2023-07,39,medio,1969.9,0.0,128.66,0.0,106.6,0.0,0.0,40.7,275.96,1693.94,85.99,buen_ahorrador,1.9,1,15,u98235448,generic
4061,2023-04,40,medio,1956.0,0.0,54.6,0.0,135.0,0.0,0.0,71.69,261.29,1694.71,86.64,buen_ahorrador,5.9,1,15,u98235448,generic
41,2025-05,26,senior,5360.6,0.0,0.0,0.0,0.0,0.0,0.0,400.7,400.7,4959.9,92.53,buen_ahorrador,2.8,2,13,u82144157,generic
25992,2023-10,31,senior,3285.3,0.0,0.0,0.0,0.0,0.0,0.0,452.7,452.7,2832.6,86.22,buen_ahorrador,1.9,2,14,u82144157,generic
15240,2024-12,36,medio,2129.68,0.0,32.5,0.0,85.53,0.0,0.0,115.1,233.13,1896.55,89.05,buen_ahorrador,2.8,1,13,u98235448,generic
8728,2023-04,30,senior,3346.8,0.0,0.0,0.0,0.0,0.0,0.0,549.5,549.5,2797.3,83.58,buen_ahorrador,5.9,2,15,u82144157,generic
22721,2026-07,31,junior,402.2,0.0,0.0,0.0,0.0,0.0,0.0,288.8,288.8,113.4,28.19,buen_ahorrador,2.8,0,11,u60341395,generic
4028,2023-10,35,senior,3421.7,0.0,0.0,0.0,0.0,0.0,0.0,482.1,482.1,2939.6,85.91,buen_ahorrador,1.9,2,15,u82144157,generic
8615,2023-10,40,medio,1977.1,0.0,86.0,0.0,192.5,0.0,0.0,47.7,326.2,1650.9,83.5,buen_ahorrador,1.9,1,15,u98235448,generic
5615,2022-10,31,senior,3329.8,0.0,0.0,0.0,0.0,0.0,0.0,487.3,487.3,2842.5,85.37,buen_ahorrador,10.2,2,14,u82144157,generic
4624,2026-04,28,senior,7500.72,0.0,449.06,0.0,22.88,0.0,0.0,57.91,529.85,6970.87,92.94,buen_ahorrador,2.8,2,13,expenseCheck_u26350274,es
38333,2024-01,38,medio,2096.9,0.0,52.5,0.0,132.5,0.0,0.0,69.3,254.3,1842.6,87.87,buen_ahorrador,3.4,1,13,u98235448,generic
13928,2023-12,39,senior,5679.5,0.0,0.0,0.0,0.0,0.0,0.0,510.7,510.7,5168.8,91.01,buen_ahorrador,3.3,2,15,u82144157,generic
20717,2026-02,35,medio,2038.19,0.0,42.2,0.0,146.95,0.0,0.0,146.5,335.65,1702.54,83.53,buen_ahorrador,2.8,1,12,u98235448,generic
1713,2022-08,30,senior,5860.1,0.0,0.0,0.0,0.0,0.0,0.0,504.8,504.8,5355.3,91.39,buen_ahorrador,10.2,2,16,u82144157,generic
567,2024-03,28,senior,3502.5,0.0,0.0,0.0,0.0,0.0,0.0,438.7,438.7,3063.8,87.47,buen_ahorrador,3.4,2,14,u82144157,generic
31950,2026-05,38,medio,2022.1,0.0,31.2,0.0,108.11,0.0,0.0,134.3,273.61,1748.49,86.47,buen_ahorrador,2.8,1,11,u98235448,generic
26584,2025-12,30,senior,4984.08,0.0,833.55,0.0,0.0,0.0,0.0,26.4,859.95,4124.13,82.75,buen_ahorrador,2.8,2,11,expenseCheck_u26350274,es
16656,2022-01,28,senior,3307.2,0.0,0.0,0.0,0.0,0.0,0.0,470.2,470.2,2837.0,85.78,buen_ahorrador,6.1,2,13,u82144157,generic
10173,2023-02,35,senior,3411.3,0.0,0.0,0.0,0.0,0.0,0.0,498.4,498.4,2912.9,85.39,buen_ahorrador,5.9,2,15,u82144157,generic
29394,2024-08,27,senior,5214.5,0.0,0.0,0.0,0.0,0.0,0.0,299.3,299.3,4915.2,94.26,buen_ahorrador,3.4,2,12,u82144157,generic
39076,2026-06,31,medio,1811.56,0.0,2581.54,28.8,1154.34,0.0,0.0,1256.6,5021.28,-3209.72,-177.18,ahorro_insuficiente,2.8,1,34,u74445512,de
788,2026-06,40,junior,1476.0,0.0,0.0,0.0,0.0,0.0,0.0,816.83,816.83,659.17,44.66,buen_ahorrador,2.8,0,11,u83188312,generic
5281,2023-11,33,senior,3484.0,0.0,0.0,0.0,0.0,0.0,0.0,307.2,307.2,3176.8,91.18,buen_ahorrador,1.9,2,10,u82144157,generic
36399,2025-09,25,senior,3644.0,0.0,0.0,0.0,0.0,0.0,0.0,436.1,436.1,3207.9,88.03,buen_ahorrador,2.8,2,12,u82144157,generic
15100,2025-10,40,senior,8817.22,8.46,163.82,0.0,0.0,0.0,0.0,96.62,268.9,8548.32,96.95,buen_ahorrador,2.8,2,7,expenseCheck_u24629591,generic
29453,2025-12,37,medio,1939.1,0.0,148.9,0.0,78.7,0.0,0.0,116.3,343.9,1595.2,82.26,buen_ahorrador,2.8,1,14,u98235448,generic
30551,2025-01,40,medio,2014.4,0.0,29.8,0.0,110.96,0.0,0.0,115.86,256.62,1757.78,87.26,buen_ahorrador,2.8,1,15,u98235448,generic
19724,2023-12,34,medio,1951.0,0.0,58.6,0.0,56.57,0.0,0.0,93.5,208.67,1742.33,89.3,buen_ahorrador,3.3,1,13,u98235448,generic
9423,2026-07,39,junior,1614.6,0.0,0.0,0.0,0.0,0.0,0.0,474.75,474.75,1139.85,70.6,buen_ahorrador,2.8,0,15,u86382190,generic
29439,2025-11,34,senior,5063.74,0.0,496.29,0.0,0.0,0.0,0.0,0.0,496.29,4567.45,90.2,buen_ahorrador,2.8,2,10,expenseCheck_u26350274,es
29444,2021-08,30,senior,3457.3,0.0,0.0,0.0,0.0,0.0,0.0,259.7,259.7,3197.6,92.49,buen_ahorrador,6.7,2,10,u82144157,generic
21899,2024-09,38,medio,1989.4,0.0,62.64,0.0,96.8,0.0,0.0,107.18,266.62,1722.78,86.6,buen_ahorrador,1.5,1,12,u98235448,generic
6990,2024-06,38,medio,1995.4,0.0,40.3,0.0,141.88,0.0,0.0,47.7,229.88,1765.52,88.48,buen_ahorrador,3.4,1,10,u98235448,generic
14292,2024-12,32,medio,2091.9,0.0,58.6,0.0,180.37,0.0,0.0,35.7,274.67,1817.23,86.87,buen_ahorrador,2.8,1,11,u98235448,generic
4043,2025-08,26,medio,1977.6,0.0,98.4,0.0,158.32,0.0,0.0,30.3,287.02,1690.58,85.49,buen_ahorrador,2.8,1,12,u98235448,generic
4617,2025-03,31,senior,3938.2,0.0,0.0,0.0,0.0,0.0,0.0,304.7,304.7,3633.5,92.26,buen_ahorrador,2.8,2,11,u82144157,generic
26122,2023-08,39,medio,2053.0,0.0,82.4,0.0,182.43,0.0,0.0,76.74,341.57,1711.43,83.36,buen_ahorrador,1.9,1,16,u98235448,generic
29713,2022-06,27,senior,5060.5,0.0,0.0,0.0,0.0,0.0,0.0,292.3,292.3,4768.2,94.22,buen_ahorrador,10.2,2,13,u82144157,generic
5924,2024-05,25,medio,2089.4,0.0,112.7,0.0,50.6,0.0,0.0,112.9,276.2,1813.2,86.78,buen_ahorrador,3.4,1,11,u98235448,generic
4648,2024-06,35,senior,4557.8,0.0,0.0,0.0,0.0,0.0,0.0,418.1,418.1,4139.7,90.83,buen_ahorrador,3.4,2,13,u82144157,generic
36056,2025-02,36,senior,3316.3,0.0,0.0,0.0,0.0,0.0,0.0,361.8,361.8,2954.5,89.09,buen_ahorrador,2.8,2,14,u82144157,generic
17814,2025-09,27,medio,2059.6,0.0,174.8,0.0,121.14,0.0,0.0,87.8,383.74,1675.86,81.37,buen_ahorrador,2.8,1,14,u98235448,generic
29540,2026-01,37,medio,1944.68,0.0,40.0,0.0,125.5,0.0,0.0,115.0,280.5,1664.18,85.58,buen_ahorrador,2.8,1,12,u98235448,generic
22382,2023-05,35,senior,3432.6,0.0,0.0,0.0,0.0,0.0,0.0,495.0,495.0,2937.6,85.58,buen_ahorrador,5.9,2,16,u82144157,generic
8359,2023-01,39,senior,4812.7,0.0,0.0,0.0,0.0,0.0,0.0,461.5,461.5,4351.2,90.41,buen_ahorrador,5.9,2,15,u82144157,generic
31486,2025-10,33,medio,1942.9,0.0,10.5,0.0,151.05,0.0,0.0,86.88,248.43,1694.47,87.21,buen_ahorrador,2.8,1,15,u98235448,generic
32641,2025-08,30,senior,6013.19,0.0,491.12,0.0,0.0,0.0,0.0,159.78,650.9,5362.29,89.18,buen_ahorrador,2.8,2,11,expenseCheck_u26350274,es
9006,2025-02,31,senior,5807.8,0.0,0.0,0.0,0.0,0.0,0.0,330.1,330.1,5477.7,94.32,buen_ahorrador,2.8,2,14,u82144157,generic
7672,2026-07,26,medio,1884.23,0.0,104.27,100.13,0.0,0.0,0.0,640.71,845.11,1039.12,55.15,buen_ahorrador,2.8,1,27,u74445512,de
9671,2025-09,32,senior,6480.99,0.0,472.22,0.0,0.0,0.0,0.0,69.82,542.04,5938.95,91.64,buen_ahorrador,2.8,2,12,expenseCheck_u26350274,es
36076,2022-11,37,senior,3337.1,0.0,0.0,0.0,0.0,0.0,0.0,466.0,466.0,2871.1,86.04,buen_ahorrador,10.2,2,11,u82144157,generic
15471,2026-04,31,medio,2005.1,0.0,0.0,0.0,104.4,0.0,0.0,69.6,174.0,1831.1,91.32,buen_ahorrador,2.8,1,11,u98235448,generic
13266,2024-12,32,senior,4538.5,0.0,0.0,0.0,0.0,0.0,0.0,390.8,390.8,4147.7,91.39,buen_ahorrador,2.8,2,15,u82144157,generic
835,2022-08,33,senior,3528.6,0.0,0.0,0.0,0.0,0.0,0.0,538.2,538.2,2990.4,84.75,buen_ahorrador,10.2,2,16,u82144157,generic
12353,2026-06,34,medio,2031.2,0.0,28.0,0.0,156.03,0.0,0.0,60.6,244.63,1786.57,87.96,buen_ahorrador,2.8,1,16,u98235448,generic
724,2024-07,32,senior,4653.9,0.0,0.0,0.0,0.0,0.0,0.0,369.5,369.5,4284.4,92.06,buen_ahorrador,3.4,2,12,u82144157,generic
8355,2026-07,37,junior,410.63,0.0,0.0,0.0,0.0,0.0,0.0,407.34,407.34,3.29,0.8,ahorro_insuficiente,2.8,0,13,u60341395,generic
4615,2023-08,34,senior,3469.7,0.0,0.0,0.0,0.0,0.0,0.0,308.3,308.3,3161.4,91.11,buen_ahorrador,1.9,2,10,u82144157,generic
14693,2025-08,27,senior,8807.42,160.52,146.23,0.0,0.0,0.0,0.0,0.0,306.75,8500.67,96.52,buen_ahorrador,2.8,2,7,expenseCheck_u24629591,generic
38141,2022-04,29,senior,5849.1,0.0,0.0,0.0,0.0,0.0,0.0,380.3,380.3,5468.8,93.5,buen_ahorrador,6.1,2,16,u82144157,generic
13874,2024-05,26,senior,6482.3,0.0,0.0,0.0,0.0,0.0,0.0,308.7,308.7,6173.6,95.24,buen_ahorrador,3.4,2,16,u82144157,generic
6442,2025-11,32,senior,8743.77,76.04,160.23,0.0,0.0,0.0,0.0,132.98,369.25,8374.52,95.78,buen_ahorrador,2.8,2,9,expenseCheck_u24629591,generic
15181,2025-08,29,senior,8848.71,0.0,254.3,0.0,0.0,0.0,0.0,279.05,533.35,8315.36,93.97,buen_ahorrador,2.8,2,10,expenseCheck_u24629591,generic
6889,2026-03,28,junior,1656.63,0.0,0.0,0.0,0.0,0.0,0.0,483.94,483.94,1172.69,70.79,buen_ahorrador,2.8,0,13,u86382190,generic
20970,2026-05,39,senior,9357.4,4.3,191.0,0.0,0.0,0.0,0.0,330.57,525.87,8831.53,94.38,buen_ahorrador,2.8,2,10,expenseCheck_u24629591,generic
5685,2026-06,40,medio,2085.0,0.0,114.0,0.0,0.0,0.0,0.0,185.15,299.15,1785.85,85.65,buen_ahorrador,2.8,1,13,u98235448,generic
8670,2022-03,40,senior,6877.4,0.0,0.0,0.0,0.0,0.0,0.0,233.5,233.5,6643.9,96.6,buen_ahorrador,6.1,2,11,u82144157,generic
29495,2024-05,31,medio,2073.3,0.0,40.4,0.0,67.37,0.0,0.0,92.41,200.18,1873.12,90.34,buen_ahorrador,3.4,1,15,u98235448,generic
29531,2025-08,29,senior,8941.87,339.16,237.57,0.0,0.0,0.0,0.0,197.04,773.77,8168.1,91.35,buen_ahorrador,2.8,2,8,expenseCheck_u24629591,generic
15875,2025-04,34,medio,2070.31,0.0,36.34,0.0,141.2,0.0,0.0,98.59,276.13,1794.18,86.66,buen_ahorrador,2.8,1,12,u98235448,generic
23641,2025-07,33,medio,1942.6,0.0,41.4,0.0,80.47,0.0,0.0,132.45,254.32,1688.28,86.91,buen_ahorrador,2.8,1,16,u98235448,generic
664,2026-03,40,medio,1995.3,0.0,0.0,0.0,225.9,0.0,0.0,58.2,284.1,1711.2,85.76,buen_ahorrador,2.8,1,11,u98235448,generic
798,2026-05,28,senior,5348.06,0.0,448.9,0.0,0.0,0.0,0.0,47.53,496.43,4851.63,90.72,buen_ahorrador,2.8,2,14,expenseCheck_u26350274,es
5885,2025-09,34,medio,2058.1,0.0,65.33,0.0,116.7,0.0,0.0,63.0,245.03,1813.07,88.09,buen_ahorrador,2.8,1,11,u98235448,generic
34610,2023-12,34,medio,1866.76,0.0,25.4,0.0,50.4,0.0,0.0,150.6,226.4,1640.36,87.87,buen_ahorrador,3.3,1,10,u98235448,generic
29546,2021-10,32,senior,6360.4,0.0,0.0,0.0,0.0,0.0,0.0,446.6,446.6,5913.8,92.98,buen_ahorrador,6.7,2,15,u82144157,generic
19891,2024-03,30,medio,2141.9,0.0,72.5,0.0,211.37,0.0,0.0,85.7,369.57,1772.33,82.75,buen_ahorrador,3.4,1,14,u98235448,generic
22861,2025-03,27,medio,2049.42,0.0,34.4,0.0,194.07,0.0,0.0,35.3,263.77,1785.65,87.13,buen_ahorrador,2.8,1,13,u98235448,generic
417,2025-05,28,medio,2022.1,0.0,15.7,0.0,115.91,0.0,0.0,116.4,248.01,1774.09,87.74,buen_ahorrador,2.8,1,14,u98235448,generic
4573,2026-05,36,senior,6353.62,0.0,258.0,0.0,0.0,0.0,0.0,166.47,424.47,5929.15,93.32,buen_ahorrador,2.8,2,12,expenseCheck_u26350274,es
12440,2024-03,27,senior,3386.4,0.0,0.0,0.0,0.0,0.0,0.0,312.1,312.1,3074.3,90.78,buen_ahorrador,3.4,2,11,u82144157,generic
9219,2025-08,39,senior,3336.7,0.0,0.0,0.0,0.0,0.0,0.0,329.3,329.3,3007.4,90.13,buen_ahorrador,2.8,2,12,u82144157,generic
4154,2023-07,27,senior,3415.6,0.0,0.0,0.0,0.0,0.0,0.0,352.6,352.6,3063.0,89.68,buen_ahorrador,1.9,2,13,u82144157,generic
10210,2026-06,39,medio,2035.7,0.0,85.7,0.0,209.4,0.0,0.0,34.2,329.3,1706.4,83.82,buen_ahorrador,2.8,1,15,u98235448,generic
194,2024-03,40,medio,1967.7,0.0,68.24,0.0,60.53,0.0,0.0,94.7,223.47,1744.23,88.64,buen_ahorrador,3.4,1,11,u98235448,generic
5215,2025-12,39,medio,2047.8,0.0,105.9,0.0,131.38,0.0,0.0,14.2,251.48,1796.32,87.72,buen_ahorrador,2.8,1,12,u98235448,generic
463,2025-12,37,medio,1926.5,0.0,14.36,0.0,162.48,0.0,0.0,43.5,220.34,1706.16,88.56,buen_ahorrador,2.8,1,13,u98235448,generic
755,2026-04,26,senior,5621.25,0.0,564.81,0.0,0.0,0.0,0.0,86.03,650.84,4970.41,88.42,buen_ahorrador,2.8,2,15,expenseCheck_u26350274,es
8571,2022-05,31,senior,3794.9,0.0,0.0,0.0,0.0,0.0,0.0,537.8,537.8,3257.1,85.83,buen_ahorrador,6.1,2,14,u82144157,generic
18296,2026-04,34,junior,1692.46,0.0,0.0,0.0,0.0,0.0,0.0,246.58,246.58,1445.88,85.43,buen_ahorrador,2.8,0,10,u86382190,generic
8448,2026-04,27,senior,5892.63,0.0,449.47,0.0,0.0,0.0,0.0,174.98,624.45,5268.18,89.4,buen_ahorrador,2.8,2,10,expenseCheck_u26350274,es
536,2025-12,32,senior,9111.44,20.71,265.11,0.0,0.0,0.0,0.0,366.91,652.73,8458.71,92.84,buen_ahorrador,2.8,2,9,expenseCheck_u24629591,generic
15372,2025-11,25,senior,5313.16,0.0,639.46,0.0,0.0,0.0,0.0,143.56,783.02,4530.14,85.26,buen_ahorrador,2.8,2,14,expenseCheck_u26350274,es
18757,2025-07,28,senior,8925.89,76.12,221.21,0.0,0.0,0.0,0.0,415.61,712.94,8212.95,92.01,buen_ahorrador,2.8,2,8,expenseCheck_u24629591,generic
4572,2021-08,36,senior,5046.7,0.0,0.0,0.0,0.0,0.0,0.0,454.9,454.9,4591.8,90.99,buen_ahorrador,6.7,2,12,u82144157,generic
1736,2021-09,25,senior,3490.2,0.0,0.0,0.0,0.0,0.0,0.0,400.0,400.0,3090.2,88.54,buen_ahorrador,6.7,2,11,u82144157,generic
792,2025-10,36,medio,1977.7,0.0,97.39,0.0,37.9,0.0,0.0,162.26,297.55,1680.15,84.95,buen_ahorrador,2.8,1,11,u98235448,generic
4671,2022-10,32,senior,3564.4,0.0,0.0,0.0,0.0,0.0,0.0,491.7,491.7,3072.7,86.21,buen_ahorrador,10.2,2,13,u82144157,generic
18754,2025-05,37,senior,5759.1,0.0,0.0,0.0,0.0,0.0,0.0,369.1,369.1,5390.0,93.59,buen_ahorrador,2.8,2,13,u82144157,generic
4124,2026-06,30,medio,2180.69,46.46,43.12,157.88,59.03,0.0,0.0,966.43,1272.92,907.77,41.63,buen_ahorrador,2.8,1,38,u74445512,de
23945,2026-02,30,senior,6797.74,0.0,262.3,0.0,0.0,0.0,0.0,170.95,433.25,6364.49,93.63,buen_ahorrador,2.8,2,11,expenseCheck_u26350274,es
4592,2023-08,32,senior,3102.4,0.0,0.0,0.0,0.0,0.0,0.0,267.4,267.4,2835.0,91.38,buen_ahorrador,1.9,2,12,u82144157,generic
6452,2024-03,33,senior,6985.7,0.0,0.0,0.0,0.0,0.0,0.0,309.6,309.6,6676.1,95.57,buen_ahorrador,3.4,2,14,u82144157,generic
4093,2026-01,38,senior,5566.95,0.0,212.17,0.0,0.0,0.0,0.0,244.38,456.55,5110.4,91.8,buen_ahorrador,2.8,2,12,expenseCheck_u26350274,es
5206,2025-08,29,senior,8361.1,28.2,184.72,0.0,0.0,0.0,0.0,293.62,506.54,7854.56,93.94,buen_ahorrador,2.8,2,9,expenseCheck_u24629591,generic
5759,2023-02,39,senior,3285.7,0.0,0.0,0.0,0.0,0.0,0.0,545.8,545.8,2739.9,83.39,buen_ahorrador,5.9,2,16,u82144157,generic
12416,2026-06,39,junior,1640.77,0.0,0.0,0.0,0.0,0.0,0.0,454.72,454.72,1186.05,72.29,buen_ahorrador,2.8,0,13,u86382190,generic
32956,2026-02,36,senior,8603.67,0.0,76.34,0.0,0.0,0.0,0.0,465.42,541.76,8061.91,93.7,buen_ahorrador,2.8,2,10,expenseCheck_u24629591,generic
35581,2026-07,40,medio,2147.92,2.5,1373.29,47.21,31.24,0.0,0.0,1556.89,3011.13,-863.21,-40.19,ahorro_insuficiente,2.8,1,38,u74445512,de
37631,2026-01,37,senior,5334.57,0.0,235.58,0.0,0.0,0.0,0.0,365.59,601.17,4733.4,88.73,buen_ahorrador,2.8,2,12,expenseCheck_u26350274,es
23438,2024-11,32,senior,3451.7,0.0,0.0,0.0,0.0,0.0,0.0,305.1,305.1,3146.6,91.16,buen_ahorrador,1.5,2,11,u82144157,generic
18787,2025-09,34,senior,6518.91,0.0,405.09,0.0,0.0,0.0,0.0,64.37,469.46,6049.45,92.8,buen_ahorrador,2.8,2,11,expenseCheck_u26350274,es
19073,2026-06,38,junior,1600.97,0.0,0.0,0.0,0.0,0.0,0.0,282.89,282.89,1318.08,82.33,buen_ahorrador,2.8,0,14,u86382190,generic
8841,2025-07,35,senior,4426.5,0.0,0.0,0.0,0.0,0.0,0.0,259.7,259.7,4166.8,94.13,buen_ahorrador,2.8,2,10,u82144157,generic
554,2024-12,34,senior,3388.4,0.0,0.0,0.0,0.0,0.0,0.0,360.7,360.7,3027.7,89.35,buen_ahorrador,2.8,2,11,u82144157,generic
13091,2026-03,35,medio,1844.3,0.0,41.3,0.0,26.5,0.0,0.0,95.5,163.3,1681.0,91.15,buen_ahorrador,2.8,1,10,u98235448,generic
248,2023-04,31,senior,4730.2,0.0,0.0,0.0,0.0,0.0,0.0,240.2,240.2,4490.0,94.92,buen_ahorrador,5.9,2,10,u82144157,generic
3,2025-08,32,medio,1992.0,0.0,68.6,0.0,194.98,0.0,0.0,40.1,303.68,1688.32,84.76,buen_ahorrador,2.8,1,13,u98235448,generic
12974,2025-08,33,senior,4384.8,0.0,0.0,0.0,0.0,0.0,0.0,336.0,336.0,4048.8,92.34,buen_ahorrador,2.8,2,11,u82144157,generic
12357,2025-06,27,senior,4767.6,0.0,0.0,0.0,0.0,0.0,0.0,393.7,393.7,4373.9,91.74,buen_ahorrador,2.8,2,14,u82144157,generic
27685,2023-06,32,senior,3354.5,0.0,0.0,0.0,0.0,0.0,0.0,510.1,510.1,2844.4,84.79,buen_ahorrador,1.9,2,14,u82144157,generic
8346,2025-11,34,medio,2096.3,0.0,88.3,0.0,209.45,0.0,0.0,41.7,339.45,1756.85,83.81,buen_ahorrador,2.8,1,15,u98235448,generic
12364,2026-03,40,senior,8745.46,0.0,48.12,0.0,0.0,0.0,0.0,208.55,256.67,8488.79,97.07,buen_ahorrador,2.8,2,10,expenseCheck_u24629591,generic
4731,2022-12,34,senior,3408.1,0.0,0.0,0.0,0.0,0.0,0.0,253.9,253.9,3154.2,92.55,buen_ahorrador,5.7,2,10,u82144157,generic
30457,2023-09,38,medio,1880.2,0.0,36.55,0.0,51.96,0.0,0.0,90.73,179.24,1700.96,90.47,buen_ahorrador,1.9,1,10,u98235448,generic
7796,2026-06,28,junior,404.9,0.0,0.0,0.0,0.0,0.0,0.0,479.11,479.11,-74.21,-18.33,ahorro_insuficiente,2.8,0,15,u60341395,generic
37368,2023-06,36,medio,2141.0,0.0,123.8,0.0,128.53,0.0,0.0,34.3,286.63,1854.37,86.61,buen_ahorrador,1.9,1,13,u98235448,generic
29641,2022-04,34,senior,3109.4,0.0,0.0,0.0,0.0,0.0,0.0,396.8,396.8,2712.6,87.24,buen_ahorrador,6.1,2,15,u82144157,generic
37600,2024-01,32,senior,3518.0,0.0,0.0,0.0,0.0,0.0,0.0,377.0,377.0,3141.0,89.28,buen_ahorrador,3.4,2,12,u82144157,generic
26312,2024-08,32,medio,2033.6,0.0,39.0,0.0,26.8,0.0,0.0,245.33,311.13,1722.47,84.7,buen_ahorrador,3.4,1,16,u98235448,generic
13454,2024-10,39,medio,1981.1,0.0,4.9,0.0,142.3,0.0,0.0,121.11,268.31,1712.79,86.46,buen_ahorrador,1.5,1,14,u98235448,generic
29429,2026-04,35,junior,1678.42,0.0,0.0,0.0,0.0,0.0,0.0,496.06,496.06,1182.36,70.44,buen_ahorrador,2.8,0,15,u86382190,generic
4796,2025-11,40,senior,8535.48,0.0,291.73,0.0,0.0,0.0,0.0,478.24,769.97,7765.51,90.98,buen_ahorrador,2.8,2,10,expenseCheck_u24629591,generic
10149,2024-05,33,medio,1995.2,0.0,47.05,0.0,117.7,0.0,0.0,78.3,243.05,1752.15,87.82,buen_ahorrador,3.4,1,14,u98235448,generic
4522,2024-12,39,medio,2009.6,0.0,23.4,0.0,90.1,0.0,0.0,82.97,196.47,1813.13,90.22,buen_ahorrador,2.8,1,11,u98235448,generic
16860,2023-07,26,medio,2008.0,0.0,86.88,0.0,28.9,0.0,0.0,123.2,238.98,1769.02,88.1,buen_ahorrador,1.9,1,13,u98235448,generic
26502,2025-02,25,medio,1982.34,0.0,84.9,0.0,116.8,0.0,0.0,86.2,287.9,1694.44,85.48,buen_ahorrador,2.8,1,12,u98235448,generic
9874,2024-06,32,medio,1977.4,0.0,48.8,0.0,92.1,0.0,0.0,21.3,162.2,1815.2,91.8,buen_ahorrador,3.4,1,11,u98235448,generic
4151,2024-04,39,medio,2017.1,0.0,13.4,0.0,86.4,0.0,0.0,136.1,235.9,1781.2,88.3,buen_ahorrador,3.4,1,13,u98235448,generic
19118,2022-09,30,senior,3446.9,0.0,0.0,0.0,0.0,0.0,0.0,394.6,394.6,3052.3,88.55,buen_ahorrador,10.2,2,11,u82144157,generic
16507,2025-12,30,senior,6153.58,0.0,709.97,0.0,0.0,0.0,0.0,0.0,709.97,5443.61,88.46,buen_ahorrador,2.8,2,10,expenseCheck_u26350274,es
7114,2025-12,40,medio,1956.2,0.0,37.0,0.0,94.5,0.0,0.0,69.51,201.01,1755.19,89.72,buen_ahorrador,2.8,1,11,u98235448,generic
13472,2022-02,40,senior,4303.7,0.0,0.0,0.0,0.0,0.0,0.0,531.0,531.0,3772.7,87.66,buen_ahorrador,6.1,2,16,u82144157,generic
29534,2024-01,33,senior,4763.7,0.0,0.0,0.0,0.0,0.0,0.0,225.9,225.9,4537.8,95.26,buen_ahorrador,3.4,2,10,u82144157,generic
1701,2023-11,38,medio,1949.79,0.0,42.36,0.0,95.98,0.0,0.0,106.5,244.84,1704.95,87.44,buen_ahorrador,1.9,1,14,u98235448,generic
648,2025-08,36,senior,8655.4,3.45,197.64,0.0,0.0,0.0,0.0,0.0,201.09,8454.31,97.68,buen_ahorrador,2.8,2,7,expenseCheck_u24629591,generic
29444,2024-04,30,senior,3471.2,0.0,0.0,0.0,0.0,0.0,0.0,364.3,364.3,3106.9,89.51,buen_ahorrador,3.4,2,14,u82144157,generic
4026,2025-07,34,senior,3285.3,0.0,0.0,0.0,0.0,0.0,0.0,380.2,380.2,2905.1,88.43,buen_ahorrador,2.8,2,14,u82144157,generic
31468,2025-09,40,medio,2053.38,0.0,40.4,0.0,134.31,0.0,0.0,161.8,336.51,1716.87,83.61,buen_ahorrador,2.8,1,14,u98235448,generic
29452,2025-03,35,medio,1907.89,0.0,41.63,0.0,72.37,0.0,0.0,103.8,217.8,1690.09,88.58,buen_ahorrador,2.8,1,12,u98235448,generic
13704,2024-06,28,medio,2226.7,0.0,43.4,0.0,112.5,0.0,0.0,61.8,217.7,2009.0,90.22,buen_ahorrador,3.4,1,14,u98235448,generic
37246,2024-09,35,medio,1951.7,0.0,97.95,0.0,99.13,0.0,0.0,80.5,277.58,1674.12,85.78,buen_ahorrador,1.5,1,12,u98235448,generic
5745,2024-01,39,medio,1949.0,0.0,105.19,0.0,161.54,0.0,0.0,134.7,401.43,1547.57,79.4,buen_ahorrador,3.4,1,16,u98235448,generic
36461,2026-02,25,senior,9238.61,0.0,275.69,0.0,0.0,0.0,0.0,334.47,610.16,8628.45,93.4,buen_ahorrador,2.8,2,9,expenseCheck_u24629591,generic
13003,2025-04,26,senior,5411.9,0.0,0.0,0.0,0.0,0.0,0.0,515.6,515.6,4896.3,90.47,buen_ahorrador,2.8,2,12,u82144157,generic
15177,2021-09,25,senior,4113.1,0.0,0.0,0.0,0.0,0.0,0.0,528.8,528.8,3584.3,87.14,buen_ahorrador,6.7,2,15,u82144157,generic
33674,2024-09,36,senior,4818.3,0.0,0.0,0.0,0.0,0.0,0.0,356.2,356.2,4462.1,92.61,buen_ahorrador,1.5,2,15,u82144157,generic
609,2025-09,34,senior,3379.3,0.0,0.0,0.0,0.0,0.0,0.0,501.3,501.3,2878.0,85.17,buen_ahorrador,2.8,2,15,u82144157,generic
38335,2026-01,30,senior,8170.94,24.82,159.47,0.0,0.0,0.0,0.0,75.75,260.04,7910.9,96.82,buen_ahorrador,2.8,2,7,expenseCheck_u24629591,generic
3,2024-11,32,medio,1965.1,0.0,47.1,0.0,135.71,0.0,0.0,82.73,265.54,1699.56,86.49,buen_ahorrador,1.5,1,15,u98235448,generic
29431,2022-04,36,senior,7981.7,0.0,0.0,0.0,0.0,0.0,0.0,398.3,398.3,7583.4,95.01,buen_ahorrador,6.1,2,15,u82144157,generic
16503,2021-12,36,senior,3579.0,0.0,0.0,0.0,0.0,0.0,0.0,448.0,448.0,3131.0,87.48,buen_ahorrador,6.7,2,15,u82144157,generic
1739,2021-09,32,senior,4181.3,0.0,0.0,0.0,0.0,0.0,0.0,394.0,394.0,3787.3,90.58,buen_ahorrador,6.7,2,13,u82144157,generic
5848,2026-06,34,junior,420.3,0.0,0.0,0.0,0.0,0.0,0.0,430.27,430.27,-9.97,-2.37,ahorro_insuficiente,2.8,0,12,u60341395,generic
4632,2024-02,31,senior,3299.5,0.0,0.0,0.0,0.0,0.0,0.0,255.1,255.1,3044.4,92.27,buen_ahorrador,3.4,2,12,u82144157,generic
4230,2024-09,37,medio,1996.6,0.0,41.67,0.0,192.0,0.0,0.0,10.5,244.17,1752.43,87.77,buen_ahorrador,1.5,1,13,u98235448,generic
39136,2025-06,32,medio,1885.8,0.0,60.7,0.0,111.2,0.0,0.0,70.6,242.5,1643.3,87.14,buen_ahorrador,2.8,1,10,u98235448,generic
10685,2025-10,38,senior,9039.24,0.0,58.51,0.0,0.0,0.0,0.0,389.51,448.02,8591.22,95.04,buen_ahorrador,2.8,2,9,expenseCheck_u24629591,generic
1508,2025-07,31,medio,1942.6,0.0,32.87,0.0,98.3,0.0,0.0,110.5,241.67,1700.93,87.56,buen_ahorrador,2.8,1,14,u98235448,generic
10674,2024-07,38,medio,2138.2,0.0,3.2,0.0,81.7,0.0,0.0,123.2,208.1,1930.1,90.27,buen_ahorrador,3.4,1,10,u98235448,generic
21827,2026-07,33,junior,412.7,0.0,0.0,0.0,0.0,0.0,0.0,317.72,317.72,94.98,23.01,buen_ahorrador,2.8,0,14,u60341395,generic
19450,2025-10,38,senior,9404.31,169.28,330.08,0.0,0.0,0.0,0.0,26.21,525.57,8878.74,94.41,buen_ahorrador,2.8,2,8,expenseCheck_u24629591,generic
16350,2022-07,37,senior,4455.1,0.0,0.0,0.0,0.0,0.0,0.0,308.0,308.0,4147.1,93.09,buen_ahorrador,10.2,2,12,u82144157,generic
27015,2025-04,30,medio,1894.7,0.0,76.3,0.0,108.7,0.0,0.0,73.0,258.0,1636.7,86.38,buen_ahorrador,2.8,1,13,u98235448,generic
25207,2022-01,29,senior,3471.9,0.0,0.0,0.0,0.0,0.0,0.0,347.8,347.8,3124.1,89.98,buen_ahorrador,6.1,2,11,u82144157,generic
4652,2026-02,40,junior,1587.36,0.0,0.0,0.0,0.0,0.0,0.0,288.58,288.58,1298.78,81.82,buen_ahorrador,2.8,0,11,u86382190,generic
4119,2023-10,26,senior,3458.1,0.0,0.0,0.0,0.0,0.0,0.0,377.5,377.5,3080.6,89.08,buen_ahorrador,1.9,2,12,u82144157,generic
651,2026-05,33,senior,8664.75,0.0,150.66,0.0,0.0,0.0,0.0,275.47,426.13,8238.62,95.08,buen_ahorrador,2.8,2,8,expenseCheck_u24629591,generic
5419,2024-05,38,medio,1978.6,0.0,40.5,0.0,336.82,0.0,0.0,70.7,448.02,1530.58,77.36,buen_ahorrador,3.4,1,16,u98235448,generic
11743,2026-04,34,senior,8422.67,34.49,100.6,0.0,0.0,0.0,0.0,457.8,592.89,7829.78,92.96,buen_ahorrador,2.8,2,10,expenseCheck_u24629591,generic
10982,2026-05,35,junior,1693.45,0.0,0.0,0.0,0.0,0.0,0.0,460.82,460.82,1232.63,72.79,buen_ahorrador,2.8,0,16,u86382190,generic
6851,2023-11,35,medio,2163.7,0.0,149.69,0.0,193.9,0.0,0.0,64.0,407.59,1756.11,81.16,buen_ahorrador,1.9,1,15,u98235448,generic
577,2021-08,25,senior,3463.6,0.0,0.0,0.0,0.0,0.0,0.0,387.4,387.4,3076.2,88.82,buen_ahorrador,6.7,2,13,u82144157,generic
12556,2025-11,31,senior,9041.62,102.83,414.57,0.0,0.0,0.0,0.0,103.14,620.54,8421.08,93.14,buen_ahorrador,2.8,2,10,expenseCheck_u24629591,generic
362,2026-07,26,junior,1621.56,0.0,0.0,0.0,0.0,0.0,0.0,279.49,279.49,1342.07,82.76,buen_ahorrador,2.8,0,11,u86382190,generic
12929,2024-06,26,senior,3479.1,0.0,0.0,0.0,0.0,0.0,0.0,475.1,475.1,3004.0,86.34,buen_ahorrador,3.4,2,15,u82144157,generic
39537,2023-02,28,senior,5155.3,0.0,0.0,0.0,0.0,0.0,0.0,465.3,465.3,4690.0,90.97,buen_ahorrador,5.9,2,15,u82144157,generic
15154,2021-11,39,senior,3225.3,0.0,0.0,0.0,0.0,0.0,0.0,442.9,442.9,2782.4,86.27,buen_ahorrador,6.7,2,15,u82144157,generic
10522,2023-08,26,senior,5994.4,0.0,0.0,0.0,0.0,0.0,0.0,325.9,325.9,5668.5,94.56,buen_ahorrador,1.9,2,11,u82144157,generic
26024,2022-11,33,senior,3356.1,0.0,0.0,0.0,0.0,0.0,0.0,529.0,529.0,2827.1,84.24,buen_ahorrador,10.2,2,15,u82144157,generic
29433,2023-02,30,senior,4282.2,0.0,0.0,0.0,0.0,0.0,0.0,465.9,465.9,3816.3,89.12,buen_ahorrador,5.9,2,15,u82144157,generic
7734,2021-11,35,senior,3543.9,0.0,0.0,0.0,0.0,0.0,0.0,333.3,333.3,3210.6,90.6,buen_ahorrador,6.7,2,11,u82144157,generic
11086,2025-05,32,medio,2034.9,0.0,68.8,0.0,158.57,0.0,0.0,58.38,285.75,1749.15,85.96,buen_ahorrador,2.8,1,14,u98235448,generic
200,2026-02,26,senior,8177.11,0.0,110.59,0.0,0.0,0.0,0.0,113.45,224.04,7953.07,97.26,buen_ahorrador,2.8,2,9,expenseCheck_u24629591,generic
36191,2026-04,33,junior,1601.02,0.0,0.0,0.0,0.0,0.0,0.0,398.29,398.29,1202.73,75.12,buen_ahorrador,2.8,0,13,u86382190,generic
37431,2022-03,26,senior,4311.3,0.0,0.0,0.0,0.0,0.0,0.0,495.9,495.9,3815.4,88.5,buen_ahorrador,6.1,2,16,u82144157,generic
4979,2025-04,32,medio,2062.19,0.0,101.4,0.0,155.0,0.0,0.0,55.8,312.2,1749.99,84.86,buen_ahorrador,2.8,1,14,u98235448,generic
26204,2024-12,26,medio,2061.4,0.0,42.4,0.0,102.73,0.0,0.0,47.4,192.53,1868.87,90.66,buen_ahorrador,2.8,1,12,u98235448,generic
20474,2024-07,38,medio,2010.5,0.0,153.6,0.0,170.11,0.0,0.0,29.95,353.66,1656.84,82.41,buen_ahorrador,3.4,1,16,u98235448,generic
32127,2024-05,28,senior,3433.4,0.0,0.0,0.0,0.0,0.0,0.0,338.4,338.4,3095.0,90.14,buen_ahorrador,3.4,2,10,u82144157,generic
20798,2023-06,34,senior,3265.6,0.0,0.0,0.0,0.0,0.0,0.0,591.6,591.6,2674.0,81.88,buen_ahorrador,1.9,2,16,u82144157,generic
13471,2025-12,27,senior,8599.5,54.16,196.26,0.0,0.0,0.0,0.0,314.34,564.76,8034.74,93.43,buen_ahorrador,2.8,2,10,expenseCheck_u24629591,generic
16516,2022-10,31,senior,6176.4,0.0,0.0,0.0,0.0,0.0,0.0,377.4,377.4,5799.0,93.89,buen_ahorrador,10.2,2,13,u82144157,generic
38418,2023-04,26,senior,3342.3,0.0,0.0,0.0,0.0,0.0,0.0,382.5,382.5,2959.8,88.56,buen_ahorrador,5.9,2,12,u82144157,generic
39059,2022-10,30,senior,3992.1,0.0,0.0,0.0,0.0,0.0,0.0,274.1,274.1,3718.0,93.13,buen_ahorrador,10.2,2,12,u82144157,generic
29527,2024-05,37,medio,1996.4,0.0,23.2,0.0,174.95,0.0,0.0,75.2,273.35,1723.05,86.31,buen_ahorrador,3.4,1,13,u98235448,generic
7981,2024-02,31,medio,1834.6,0.0,48.1,0.0,153.78,0.0,0.0,81.9,283.78,1550.82,84.53,buen_ahorrador,3.4,1,10,u98235448,generic
15106,2026-04,36,senior,6079.92,0.0,1330.24,0.0,0.0,0.0,0.0,63.7,1393.94,4685.98,77.07,buen_ahorrador,2.8,2,14,expenseCheck_u26350274,es
796,2026-06,39,junior,1664.69,0.0,0.0,0.0,0.0,0.0,0.0,2655.82,2655.82,-991.13,-59.54,ahorro_insuficiente,2.8,0,16,u83188312,generic
4646,2026-05,31,senior,6095.9,0.0,209.76,0.0,0.0,0.0,0.0,752.74,962.5,5133.4,84.21,buen_ahorrador,2.8,2,10,expenseCheck_u26350274,es
25159,2022-03,39,senior,4422.3,0.0,0.0,0.0,0.0,0.0,0.0,281.8,281.8,4140.5,93.63,buen_ahorrador,6.1,2,11,u82144157,generic
19188,2026-05,25,medio,1941.7,0.0,35.1,0.0,176.8,0.0,0.0,42.0,253.9,1687.8,86.92,buen_ahorrador,2.8,1,11,u98235448,generic
7774,2024-04,36,senior,3614.8,0.0,0.0,0.0,0.0,0.0,0.0,252.3,252.3,3362.5,93.02,buen_ahorrador,3.4,2,12,u82144157,generic
580,2025-08,38,medio,1991.4,0.0,49.7,0.0,68.73,0.0,0.0,39.6,158.03,1833.37,92.06,buen_ahorrador,2.8,1,12,u98235448,generic
1464,2026-01,36,medio,2076.8,0.0,23.1,0.0,92.3,0.0,0.0,100.3,215.7,1861.1,89.61,buen_ahorrador,2.8,1,11,u98235448,generic
4495,2025-10,37,senior,9278.86,0.0,244.5,0.0,0.0,0.0,0.0,307.25,551.75,8727.11,94.05,buen_ahorrador,2.8,2,9,expenseCheck_u24629591,generic
17640,2025-05,25,senior,3501.2,0.0,0.0,0.0,0.0,0.0,0.0,522.4,522.4,2978.8,85.08,buen_ahorrador,2.8,2,15,u82144157,generic
20102,2026-03,28,medio,2135.8,0.0,24.9,0.0,195.51,0.0,0.0,59.3,279.71,1856.09,86.9,buen_ahorrador,2.8,1,11,u98235448,generic
8710,2025-03,29,medio,1966.2,0.0,0.0,0.0,244.69,0.0,0.0,17.0,261.69,1704.51,86.69,buen_ahorrador,2.8,1,14,u98235448,generic
14506,2023-04,37,senior,3344.3,0.0,0.0,0.0,0.0,0.0,0.0,601.0,601.0,2743.3,82.03,buen_ahorrador,5.9,2,16,u82144157,generic
596,2023-06,37,medio,2044.4,0.0,69.0,0.0,84.98,0.0,0.0,37.56,191.54,1852.86,90.63,buen_ahorrador,1.9,1,16,u98235448,generic
4685,2023-11,40,senior,3550.3,0.0,0.0,0.0,0.0,0.0,0.0,224.4,224.4,3325.9,93.68,buen_ahorrador,1.9,2,10,u82144157,generic
12444,2026-03,35,senior,5288.78,0.0,563.6,0.0,0.0,0.0,0.0,27.72,591.32,4697.46,88.82,buen_ahorrador,2.8,2,13,expenseCheck_u26350274,es
18470,2025-10,36,senior,4454.4,0.0,0.0,0.0,0.0,0.0,0.0,300.2,300.2,4154.2,93.26,buen_ahorrador,2.8,2,13,u82144157,generic
28223,2026-04,37,junior,1726.02,0.0,0.0,0.0,0.0,0.0,0.0,487.74,487.74,1238.28,71.74,buen_ahorrador,2.8,0,16,u86382190,generic
4122,2024-04,36,senior,3354.9,0.0,0.0,0.0,0.0,0.0,0.0,432.0,432.0,2922.9,87.12,buen_ahorrador,3.4,2,11,u82144157,generic
26032,2025-09,40,senior,6612.95,0.0,833.08,0.0,0.0,0.0,0.0,205.96,1039.04,5573.91,84.29,buen_ahorrador,2.8,2,14,expenseCheck_u26350274,es
11092,2025-01,29,medio,1897.3,0.0,41.7,0.0,142.14,0.0,0.0,81.6,265.44,1631.86,86.01,buen_ahorrador,2.8,1,11,u98235448,generic
35159,2024-03,34,medio,2079.5,0.0,145.5,0.0,58.2,0.0,0.0,175.1,378.8,1700.7,81.78,buen_ahorrador,3.4,1,14,u98235448,generic
23634,2025-07,25,medio,2027.3,0.0,38.1,0.0,142.84,0.0,0.0,103.7,284.64,1742.66,85.96,buen_ahorrador,2.8,1,11,u98235448,generic
4078,2025-09,36,medio,1956.1,0.0,130.88,0.0,165.85,0.0,0.0,74.8,371.53,1584.57,81.01,buen_ahorrador,2.8,1,16,u98235448,generic
29399,2023-07,40,medio,1941.1,0.0,27.85,0.0,49.3,0.0,0.0,137.98,215.13,1725.97,88.92,buen_ahorrador,1.9,1,12,u98235448,generic
30203,2025-03,28,medio,1992.2,0.0,119.2,0.0,169.4,0.0,0.0,51.1,339.7,1652.5,82.95,buen_ahorrador,2.8,1,16,u98235448,generic
13503,2025-11,36,senior,5411.12,0.0,511.29,0.0,0.0,0.0,0.0,108.08,619.37,4791.75,88.55,buen_ahorrador,2.8,2,10,expenseCheck_u26350274,es
13923,2022-02,31,senior,3211.2,0.0,0.0,0.0,0.0,0.0,0.0,358.4,358.4,2852.8,88.84,buen_ahorrador,6.1,2,13,u82144157,generic
390,2025-12,27,medio,2061.9,0.0,195.6,0.0,60.4,0.0,0.0,47.1,303.1,1758.8,85.3,buen_ahorrador,2.8,1,15,u98235448,generic
202,2022-06,32,senior,4855.6,0.0,0.0,0.0,0.0,0.0,0.0,551.5,551.5,4304.1,88.64,buen_ahorrador,10.2,2,16,u82144157,generic
10981,2023-02,29,senior,8063.9,0.0,0.0,0.0,0.0,0.0,0.0,271.5,271.5,7792.4,96.63,buen_ahorrador,5.9,2,10,u82144157,generic
6882,2023-04,37,medio,2100.3,0.0,23.8,0.0,101.7,0.0,0.0,40.11,165.61,1934.69,92.11,buen_ahorrador,5.9,1,11,u98235448,generic
16951,2026-04,25,junior,1653.9,0.0,0.0,0.0,0.0,0.0,0.0,467.14,467.14,1186.76,71.76,buen_ahorrador,2.8,0,14,u86382190,generic
4592,2022-01,32,senior,7703.6,0.0,0.0,0.0,0.0,0.0,0.0,321.2,321.2,7382.4,95.83,buen_ahorrador,6.1,2,15,u82144157,generic
25862,2023-10,39,medio,1908.4,0.0,37.8,0.0,195.83,0.0,0.0,92.9,326.53,1581.87,82.89,buen_ahorrador,1.9,1,14,u98235448,generic
10543,2022-10,32,senior,3301.8,0.0,0.0,0.0,0.0,0.0,0.0,580.8,580.8,2721.0,82.41,buen_ahorrador,10.2,2,16,u82144157,generic
534,2024-06,40,senior,3524.5,0.0,0.0,0.0,0.0,0.0,0.0,344.7,344.7,3179.8,90.22,buen_ahorrador,3.4,2,12,u82144157,generic
16515,2021-08,27,senior,5018.7,0.0,0.0,0.0,0.0,0.0,0.0,330.4,330.4,4688.3,93.42,buen_ahorrador,6.7,2,13,u82144157,generic
36407,2025-06,39,medio,1970.2,0.0,136.94,0.0,123.28,0.0,0.0,71.2,331.42,1638.78,83.18,buen_ahorrador,2.8,1,16,u98235448,generic
6489,2023-05,39,senior,3593.0,0.0,0.0,0.0,0.0,0.0,0.0,465.0,465.0,3128.0,87.06,buen_ahorrador,5.9,2,13,u82144157,generic
20844,2025-09,34,senior,8818.06,0.0,78.17,0.0,0.0,0.0,0.0,267.79,345.96,8472.1,96.08,buen_ahorrador,2.8,2,9,expenseCheck_u24629591,generic
20970,2025-11,39,senior,9252.2,0.0,290.33,0.0,0.0,0.0,0.0,361.84,652.17,8600.03,92.95,buen_ahorrador,2.8,2,7,expenseCheck_u24629591,generic
30510,2025-01,32,senior,3558.2,0.0,0.0,0.0,0.0,0.0,0.0,296.2,296.2,3262.0,91.68,buen_ahorrador,2.8,2,10,u82144157,generic
9452,2021-09,32,senior,3675.5,0.0,0.0,0.0,0.0,0.0,0.0,443.2,443.2,3232.3,87.94,buen_ahorrador,6.7,2,14,u82144157,generic
22178,2025-04,37,medio,1895.24,0.0,18.7,0.0,54.0,0.0,0.0,127.36,200.06,1695.18,89.44,buen_ahorrador,2.8,1,12,u98235448,generic
31704,2025-06,26,senior,3406.3,0.0,0.0,0.0,0.0,0.0,0.0,373.2,373.2,3033.1,89.04,buen_ahorrador,2.8,2,11,u82144157,generic
24679,2024-04,27,senior,3139.8,0.0,0.0,0.0,0.0,0.0,0.0,449.8,449.8,2690.0,85.67,buen_ahorrador,3.4,2,16,u82144157,generic
30343,2024-12,27,medio,2171.4,0.0,0.0,0.0,187.88,0.0,0.0,85.8,273.68,1897.72,87.4,buen_ahorrador,2.8,1,15,u98235448,generic
33675,2024-12,38,medio,1940.4,0.0,47.3,0.0,41.0,0.0,0.0,186.1,274.4,1666.0,85.86,buen_ahorrador,2.8,1,16,u98235448,generic
21779,2026-04,32,junior,1589.36,0.0,0.0,0.0,0.0,0.0,0.0,446.86,446.86,1142.5,71.88,buen_ahorrador,2.8,0,12,u86382190,generic
39145,2025-12,28,medio,2183.4,0.0,0.0,0.0,42.9,0.0,0.0,119.5,162.4,2021.0,92.56,buen_ahorrador,2.8,1,11,u98235448,generic
4715,2025-04,40,senior,3441.6,0.0,0.0,0.0,0.0,0.0,0.0,302.2,302.2,3139.4,91.22,buen_ahorrador,2.8,2,11,u82144157,generic
25158,2026-05,31,junior,1731.6,0.0,0.0,0.0,0.0,0.0,0.0,306.07,306.07,1425.53,82.32,buen_ahorrador,2.8,0,13,u86382190,generic
23005,2026-06,36,senior,5755.09,0.0,545.73,0.0,0.0,0.0,0.0,74.0,619.73,5135.36,89.23,buen_ahorrador,2.8,2,11,expenseCheck_u26350274,es
7404,2023-04,39,medio,2026.0,0.0,84.58,0.0,71.83,0.0,0.0,183.45,339.86,1686.14,83.23,buen_ahorrador,5.9,1,15,u98235448,generic
11614,2023-10,37,senior,3427.3,0.0,0.0,0.0,0.0,0.0,0.0,264.3,264.3,3163.0,92.29,buen_ahorrador,1.9,2,10,u82144157,generic
26695,2024-04,27,medio,2051.5,0.0,109.9,0.0,114.0,0.0,0.0,101.4,325.3,1726.2,84.14,buen_ahorrador,3.4,1,13,u98235448,generic
1530,2026-02,31,medio,1978.1,0.0,35.4,0.0,176.75,0.0,0.0,117.53,329.68,1648.42,83.33,buen_ahorrador,2.8,1,15,u98235448,generic
4290,2022-12,35,senior,4939.1,0.0,0.0,0.0,0.0,0.0,0.0,398.5,398.5,4540.6,91.93,buen_ahorrador,5.7,2,15,u82144157,generic
14995,2025-07,33,senior,4660.9,0.0,0.0,0.0,0.0,0.0,0.0,466.8,466.8,4194.1,89.98,buen_ahorrador,2.8,2,16,u82144157,generic
1687,2022-07,34,senior,4636.5,0.0,0.0,0.0,0.0,0.0,0.0,212.6,212.6,4423.9,95.41,buen_ahorrador,10.2,2,12,u82144157,generic
26553,2025-09,38,senior,3453.1,0.0,0.0,0.0,0.0,0.0,0.0,452.8,452.8,3000.3,86.89,buen_ahorrador,2.8,2,14,u82144157,generic
4290,2024-09,35,senior,3702.3,0.0,0.0,0.0,0.0,0.0,0.0,299.4,299.4,3402.9,91.91,buen_ahorrador,1.5,2,12,u82144157,generic
4058,2025-05,32,senior,5557.0,0.0,0.0,0.0,0.0,0.0,0.0,332.3,332.3,5224.7,94.02,buen_ahorrador,2.8,2,14,u82144157,generic
4603,2025-06,39,senior,3678.7,0.0,0.0,0.0,0.0,0.0,0.0,359.1,359.1,3319.6,90.24,buen_ahorrador,2.8,2,13,u82144157,generic
28841,2026-07,39,medio,2072.1,0.0,922.89,66.66,0.0,0.0,0.0,759.51,1749.06,323.04,15.59,buen_ahorrador,2.8,1,29,u74445512,de
29286,2025-09,39,senior,8482.24,188.31,808.36,0.0,0.0,0.0,0.0,87.53,1084.2,7398.04,87.22,buen_ahorrador,2.8,2,10,expenseCheck_u24629591,generic
4271,2021-08,39,senior,4613.2,0.0,0.0,0.0,0.0,0.0,0.0,277.4,277.4,4335.8,93.99,buen_ahorrador,6.7,2,11,u82144157,generic
29462,2024-05,36,medio,2063.5,0.0,79.2,0.0,63.99,0.0,0.0,131.97,275.16,1788.34,86.67,buen_ahorrador,3.4,1,15,u98235448,generic
20731,2026-01,37,junior,1673.03,0.0,0.0,0.0,0.0,0.0,0.0,414.35,414.35,1258.68,75.23,buen_ahorrador,2.8,0,14,u86382190,generic
9873,2024-03,40,medio,2089.8,0.0,14.9,0.0,182.91,0.0,0.0,47.75,245.56,1844.24,88.25,buen_ahorrador,3.4,1,13,u98235448,generic
6020,2025-05,32,medio,2108.0,0.0,20.9,0.0,83.8,0.0,0.0,87.5,192.2,1915.8,90.88,buen_ahorrador,2.8,1,13,u98235448,generic
13945,2026-05,37,senior,5420.43,0.0,641.32,0.0,0.0,0.0,0.0,167.58,808.9,4611.53,85.08,buen_ahorrador,2.8,2,10,expenseCheck_u26350274,es
4260,2024-01,31,medio,1981.3,0.0,31.7,0.0,96.92,0.0,0.0,79.5,208.12,1773.18,89.5,buen_ahorrador,3.4,1,10,u98235448,generic
21481,2026-04,35,medio,1975.7,0.0,74.62,0.0,127.7,0.0,0.0,69.7,272.02,1703.68,86.23,buen_ahorrador,2.8,1,12,u98235448,generic
8822,2026-05,26,medio,2238.12,2.5,36.17,0.0,4.59,0.0,0.0,381.1,424.36,1813.76,81.04,buen_ahorrador,2.8,1,25,u74445512,de
6384,2025-06,37,senior,4334.2,0.0,0.0,0.0,0.0,0.0,0.0,415.1,415.1,3919.1,90.42,buen_ahorrador,2.8,2,16,u82144157,generic
5639,2025-04,40,senior,5958.5,0.0,0.0,0.0,0.0,0.0,0.0,356.8,356.8,5601.7,94.01,buen_ahorrador,2.8,2,12,u82144157,generic
4189,2026-07,32,junior,427.3,0.0,0.0,0.0,0.0,0.0,0.0,631.5,631.5,-204.2,-47.79,ahorro_insuficiente,2.8,0,16,u60341395,generic
14673,2024-08,32,senior,3403.1,0.0,0.0,0.0,0.0,0.0,0.0,350.1,350.1,3053.0,89.71,buen_ahorrador,3.4,2,13,u82144157,generic
29445,2023-01,30,senior,3514.6,0.0,0.0,0.0,0.0,0.0,0.0,348.1,348.1,3166.5,90.1,buen_ahorrador,5.9,2,12,u82144157,generic
13,2022-02,39,senior,3507.3,0.0,0.0,0.0,0.0,0.0,0.0,285.6,285.6,3221.7,91.86,buen_ahorrador,6.1,2,12,u82144157,generic
20479,2026-02,34,junior,1664.4,0.0,0.0,0.0,0.0,0.0,0.0,434.76,434.76,1229.64,73.88,buen_ahorrador,2.8,0,14,u86382190,generic
308,2021-12,37,senior,7808.7,0.0,0.0,0.0,0.0,0.0,0.0,276.9,276.9,7531.8,96.45,buen_ahorrador,6.7,2,11,u82144157,generic
16357,2023-09,35,senior,8144.8,0.0,0.0,0.0,0.0,0.0,0.0,248.0,248.0,7896.8,96.96,buen_ahorrador,1.9,2,13,u82144157,generic
26366,2026-07,35,medio,1903.89,188.99,1228.12,0.0,7.17,0.0,0.0,1041.81,2466.09,-562.2,-29.53,ahorro_insuficiente,2.8,1,38,u74445512,de
4624,2025-10,28,senior,5462.39,0.0,644.55,0.0,0.0,0.0,0.0,1564.28,2208.83,3253.56,59.56,buen_ahorrador,2.8,2,16,expenseCheck_u26350274,es
39520,2026-01,29,junior,1555.05,0.0,0.0,0.0,0.0,0.0,0.0,390.69,390.69,1164.36,74.88,buen_ahorrador,2.8,0,11,u86382190,generic
39499,2026-05,33,junior,1689.98,0.0,0.0,0.0,0.0,0.0,0.0,522.17,522.17,1167.81,69.1,buen_ahorrador,2.8,0,15,u86382190,generic
6918,2023-09,38,medio,1965.6,0.0,85.72,0.0,69.86,0.0,0.0,78.1,233.68,1731.92,88.11,buen_ahorrador,1.9,1,12,u98235448,generic
30372,2025-10,37,senior,6767.17,0.0,987.9,0.0,0.0,0.0,0.0,22.03,1009.93,5757.24,85.08,buen_ahorrador,2.8,2,14,expenseCheck_u26350274,es
8924,2024-02,38,medio,2052.26,0.0,55.8,0.0,155.64,0.0,0.0,131.3,342.74,1709.52,83.3,buen_ahorrador,3.4,1,16,u98235448,generic
17050,2021-12,26,senior,3388.0,0.0,0.0,0.0,0.0,0.0,0.0,388.1,388.1,2999.9,88.54,buen_ahorrador,6.7,2,11,u82144157,generic
37835,2024-11,31,senior,5461.6,0.0,0.0,0.0,0.0,0.0,0.0,356.2,356.2,5105.4,93.48,buen_ahorrador,1.5,2,11,u82144157,generic
12875,2025-10,30,senior,8207.92,0.0,559.28,0.0,20.19,0.0,0.0,194.08,773.55,7434.37,90.58,buen_ahorrador,2.8,2,16,expenseCheck_u26350274,es
19172,2025-11,28,senior,9057.7,0.0,164.9,0.0,0.0,0.0,0.0,322.57,487.47,8570.23,94.62,buen_ahorrador,2.8,2,9,expenseCheck_u24629591,generic
5212,2021-11,30,senior,4571.2,0.0,0.0,0.0,0.0,0.0,0.0,458.2,458.2,4113.0,89.98,buen_ahorrador,6.7,2,15,u82144157,generic
18795,2024-04,40,medio,1967.4,0.0,169.17,0.0,34.3,0.0,0.0,29.4,232.87,1734.53,88.16,buen_ahorrador,3.4,1,13,u98235448,generic
12819,2025-08,38,senior,4479.9,0.0,0.0,0.0,0.0,0.0,0.0,371.2,371.2,4108.7,91.71,buen_ahorrador,2.8,2,14,u82144157,generic
825,2023-04,36,medio,2036.11,0.0,55.0,0.0,127.62,0.0,0.0,76.3,258.92,1777.19,87.28,buen_ahorrador,5.9,1,14,u98235448,generic
30227,2022-02,31,senior,3452.6,0.0,0.0,0.0,0.0,0.0,0.0,412.7,412.7,3039.9,88.05,buen_ahorrador,6.1,2,14,u82144157,generic
27202,2025-11,25,senior,4545.0,0.0,0.0,0.0,0.0,0.0,0.0,370.8,370.8,4174.2,91.84,buen_ahorrador,2.8,2,12,u82144157,generic
5646,2026-02,37,medio,1900.5,0.0,64.1,0.0,172.44,0.0,0.0,59.4,295.94,1604.56,84.43,buen_ahorrador,2.8,1,15,u98235448,generic
5732,2025-12,27,senior,9198.3,40.98,89.88,0.0,0.0,0.0,0.0,239.5,370.36,8827.94,95.97,buen_ahorrador,2.8,2,9,expenseCheck_u24629591,generic
4628,2022-08,25,senior,3312.8,0.0,0.0,0.0,0.0,0.0,0.0,260.5,260.5,3052.3,92.14,buen_ahorrador,10.2,2,10,u82144157,generic
29408,2022-09,27,senior,4580.5,0.0,0.0,0.0,0.0,0.0,0.0,314.1,314.1,4266.4,93.14,buen_ahorrador,10.2,2,13,u82144157,generic
18123,2023-08,31,senior,5586.4,0.0,0.0,0.0,0.0,0.0,0.0,492.2,492.2,5094.2,91.19,buen_ahorrador,1.9,2,15,u82144157,generic
30203,2026-05,28,medio,2049.4,0.0,134.05,0.0,190.9,0.0,0.0,48.6,373.55,1675.85,81.77,buen_ahorrador,2.8,1,14,u98235448,generic
4294,2022-03,33,senior,4911.7,0.0,0.0,0.0,0.0,0.0,0.0,378.1,378.1,4533.6,92.3,buen_ahorrador,6.1,2,14,u82144157,generic
29550,2026-05,39,senior,8398.13,0.0,39.07,0.0,0.0,0.0,0.0,500.47,539.54,7858.59,93.58,buen_ahorrador,2.8,2,7,expenseCheck_u24629591,generic
4321,2023-12,25,medio,1992.62,0.0,37.53,0.0,167.7,0.0,0.0,117.8,323.03,1669.59,83.79,buen_ahorrador,3.3,1,16,u98235448,generic
29514,2026-07,28,junior,420.8,0.0,0.0,0.0,0.0,0.0,0.0,523.96,523.96,-103.16,-24.52,ahorro_insuficiente,2.8,0,16,u60341395,generic
1337,2026-03,38,senior,6379.69,0.0,645.2,0.0,0.0,0.0,0.0,23.44,668.64,5711.05,89.52,buen_ahorrador,2.8,2,14,expenseCheck_u26350274,es
655,2025-09,32,medio,2139.3,0.0,82.2,0.0,84.2,0.0,0.0,161.3,327.7,1811.6,84.68,buen_ahorrador,2.8,1,14,u98235448,generic
34648,2023-05,34,senior,3517.4,0.0,0.0,0.0,0.0,0.0,0.0,517.2,517.2,3000.2,85.3,buen_ahorrador,5.9,2,15,u82144157,generic
28164,2024-08,33,medio,1905.7,0.0,42.4,0.0,169.36,0.0,0.0,100.48,312.24,1593.46,83.62,buen_ahorrador,3.4,1,13,u98235448,generic
724,2025-02,32,senior,3488.1,0.0,0.0,0.0,0.0,0.0,0.0,339.6,339.6,3148.5,90.26,buen_ahorrador,2.8,2,12,u82144157,generic
16408,2023-08,39,senior,6049.3,0.0,0.0,0.0,0.0,0.0,0.0,439.9,439.9,5609.4,92.73,buen_ahorrador,1.9,2,16,u82144157,generic
11717,2026-06,37,medio,2396.35,0.0,1025.4,38.81,0.0,0.0,0.0,1154.74,2218.95,177.4,7.4,ahorro_moderado,2.8,1,32,u74445512,de
1660,2024-03,35,senior,3429.3,0.0,0.0,0.0,0.0,0.0,0.0,410.8,410.8,3018.5,88.02,buen_ahorrador,3.4,2,11,u82144157,generic
25984,2026-01,33,senior,8883.0,55.47,133.09,0.0,0.0,0.0,0.0,228.57,417.13,8465.87,95.3,buen_ahorrador,2.8,2,8,expenseCheck_u24629591,generic
10058,2025-11,25,senior,11022.4,0.0,0.0,0.0,0.0,0.0,0.0,277.8,277.8,10744.6,97.48,buen_ahorrador,2.8,2,13,u82144157,generic
29078,2022-10,36,senior,3325.8,0.0,0.0,0.0,0.0,0.0,0.0,426.9,426.9,2898.9,87.16,buen_ahorrador,10.2,2,15,u82144157,generic
25215,2026-01,26,medio,1952.25,0.0,16.7,0.0,219.9,0.0,0.0,43.0,279.6,1672.65,85.68,buen_ahorrador,2.8,1,16,u98235448,generic
22822,2026-05,39,medio,2004.69,0.0,57.54,97.9,281.7,0.0,0.0,1658.68,2095.82,-91.13,-4.55,ahorro_insuficiente,2.8,1,29,u74445512,de
4278,2024-07,39,senior,5766.9,0.0,0.0,0.0,0.0,0.0,0.0,314.8,314.8,5452.1,94.54,buen_ahorrador,3.4,2,12,u82144157,generic
8936,2023-10,25,medio,1908.2,0.0,15.21,0.0,143.89,0.0,0.0,146.43,305.53,1602.67,83.99,buen_ahorrador,1.9,1,11,u98235448,generic
26887,2023-02,31,senior,3325.3,0.0,0.0,0.0,0.0,0.0,0.0,460.0,460.0,2865.3,86.17,buen_ahorrador,5.9,2,15,u82144157,generic
30345,2024-07,36,senior,3521.9,0.0,0.0,0.0,0.0,0.0,0.0,468.8,468.8,3053.1,86.69,buen_ahorrador,3.4,2,14,u82144157,generic
28165,2026-03,32,medio,2009.6,0.0,101.8,0.0,122.3,0.0,0.0,57.4,281.5,1728.1,85.99,buen_ahorrador,2.8,1,11,u98235448,generic
4671,2024-02,32,senior,4829.3,0.0,0.0,0.0,0.0,0.0,0.0,367.1,367.1,4462.2,92.4,buen_ahorrador,3.4,2,15,u82144157,generic
15669,2025-11,39,medio,1991.0,0.0,25.56,0.0,114.42,0.0,0.0,238.5,378.48,1612.52,80.99,buen_ahorrador,2.8,1,16,u98235448,generic
12949,2024-12,35,senior,6593.6,0.0,0.0,0.0,0.0,0.0,0.0,414.9,414.9,6178.7,93.71,buen_ahorrador,2.8,2,15,u82144157,generic
29533,2024-07,40,medio,1963.23,0.0,34.18,0.0,106.36,0.0,0.0,202.17,342.71,1620.52,82.54,buen_ahorrador,3.4,1,15,u98235448,generic
5561,2026-05,39,medio,1909.8,2.73,199.01,130.6,0.0,0.0,0.0,1360.01,1692.35,217.45,11.39,ahorro_moderado,2.8,1,37,u74445512,de
261,2026-05,33,junior,1556.96,0.0,0.0,0.0,0.0,0.0,0.0,369.34,369.34,1187.62,76.28,buen_ahorrador,2.8,0,12,u86382190,generic
36011,2026-01,34,junior,1581.47,0.0,0.0,0.0,0.0,0.0,0.0,363.8,363.8,1217.67,77.0,buen_ahorrador,2.8,0,13,u86382190,generic
21138,2026-07,27,junior,1690.5,0.0,0.0,0.0,0.0,0.0,0.0,228.99,228.99,1461.51,86.45,buen_ahorrador,2.8,0,10,u86382190,generic
37611,2022-07,29,senior,3875.1,0.0,0.0,0.0,0.0,0.0,0.0,350.9,350.9,3524.2,90.94,buen_ahorrador,10.2,2,12,u82144157,generic
9069,2026-06,29,junior,424.5,0.0,0.0,0.0,0.0,0.0,0.0,418.24,418.24,6.26,1.47,ahorro_insuficiente,2.8,0,14,u60341395,generic
4615,2025-02,34,senior,3454.3,0.0,0.0,0.0,0.0,0.0,0.0,325.0,325.0,3129.3,90.59,buen_ahorrador,2.8,2,13,u82144157,generic
18316,2024-04,39,senior,3458.1,0.0,0.0,0.0,0.0,0.0,0.0,361.4,361.4,3096.7,89.55,buen_ahorrador,3.4,2,12,u82144157,generic
7154,2023-09,31,senior,4497.9,0.0,0.0,0.0,0.0,0.0,0.0,400.3,400.3,4097.6,91.1,buen_ahorrador,1.9,2,13,u82144157,generic
37830,2024-07,29,medio,2148.7,0.0,35.2,0.0,104.71,0.0,0.0,0.0,139.91,2008.79,93.49,buen_ahorrador,3.4,1,11,u98235448,generic
216,2025-01,35,medio,1912.8,0.0,146.65,0.0,22.4,0.0,0.0,116.6,285.65,1627.15,85.07,buen_ahorrador,2.8,1,15,u98235448,generic
26944,2022-01,28,senior,3535.1,0.0,0.0,0.0,0.0,0.0,0.0,425.6,425.6,3109.5,87.96,buen_ahorrador,6.1,2,12,u82144157,generic
34253,2022-09,32,senior,3449.8,0.0,0.0,0.0,0.0,0.0,0.0,551.7,551.7,2898.1,84.01,buen_ahorrador,10.2,2,13,u82144157,generic
14530,2023-09,40,medio,1943.0,0.0,58.4,0.0,181.9,0.0,0.0,198.04,438.34,1504.66,77.44,buen_ahorrador,1.9,1,16,u98235448,generic
281,2024-02,34,medio,2010.5,0.0,134.7,0.0,69.01,0.0,0.0,96.13,299.84,1710.66,85.09,buen_ahorrador,3.4,1,11,u98235448,generic
71,2026-05,39,senior,8693.03,0.0,193.17,0.0,0.0,0.0,0.0,56.65,249.82,8443.21,97.13,buen_ahorrador,2.8,2,8,expenseCheck_u24629591,generic
29409,2022-02,34,senior,3327.4,0.0,0.0,0.0,0.0,0.0,0.0,370.8,370.8,2956.6,88.86,buen_ahorrador,6.1,2,11,u82144157,generic
21337,2026-05,26,senior,8801.48,20.66,88.86,0.0,0.0,0.0,0.0,378.0,487.52,8313.96,94.46,buen_ahorrador,2.8,2,9,expenseCheck_u24629591,generic
31435,2025-07,33,senior,8655.8,47.51,45.35,0.0,0.0,0.0,0.0,511.5,604.36,8051.44,93.02,buen_ahorrador,2.8,2,7,expenseCheck_u24629591,generic
5391,2025-11,36,senior,8483.9,0.0,164.45,0.0,0.0,0.0,0.0,139.75,304.2,8179.7,96.41,buen_ahorrador,2.8,2,8,expenseCheck_u24629591,generic
18129,2026-07,36,senior,5756.59,0.0,659.48,0.0,0.0,0.0,0.0,107.51,766.99,4989.6,86.68,buen_ahorrador,2.8,2,13,expenseCheck_u26350274,es
15471,2024-05,31,medio,1894.0,0.0,43.4,0.0,186.23,0.0,0.0,100.14,329.77,1564.23,82.59,buen_ahorrador,3.4,1,15,u98235448,generic
814,2026-05,32,medio,2133.2,0.0,116.46,0.0,92.6,0.0,0.0,42.9,251.96,1881.24,88.19,buen_ahorrador,2.8,1,10,u98235448,generic
39167,2026-02,34,junior,1546.47,0.0,0.0,0.0,0.0,0.0,0.0,338.94,338.94,1207.53,78.08,buen_ahorrador,2.8,0,13,u86382190,generic
4253,2025-05,28,senior,3594.7,0.0,0.0,0.0,0.0,0.0,0.0,418.8,418.8,3175.9,88.35,buen_ahorrador,2.8,2,11,u82144157,generic
1371,2025-08,36,medio,2036.7,0.0,23.8,0.0,158.3,0.0,0.0,10.5,192.6,1844.1,90.54,buen_ahorrador,2.8,1,12,u98235448,generic
32962,2026-01,30,medio,1991.9,0.0,21.5,0.0,157.4,0.0,0.0,52.9,231.8,1760.1,88.36,buen_ahorrador,2.8,1,15,u98235448,generic
9427,2024-10,38,senior,4413.8,0.0,0.0,0.0,0.0,0.0,0.0,273.8,273.8,4140.0,93.8,buen_ahorrador,1.5,2,11,u82144157,generic
12445,2021-12,31,senior,3373.3,0.0,0.0,0.0,0.0,0.0,0.0,351.2,351.2,3022.1,89.59,buen_ahorrador,6.7,2,13,u82144157,generic
39537,2023-09,28,senior,4325.3,0.0,0.0,0.0,0.0,0.0,0.0,320.2,320.2,4005.1,92.6,buen_ahorrador,1.9,2,10,u82144157,generic
29394,2022-06,27,senior,3536.1,0.0,0.0,0.0,0.0,0.0,0.0,411.9,411.9,3124.2,88.35,buen_ahorrador,10.2,2,13,u82144157,generic
37934,2023-10,27,medio,1928.9,0.0,219.9,0.0,81.6,0.0,0.0,65.02,366.52,1562.38,81.0,buen_ahorrador,1.9,1,15,u98235448,generic
29587,2025-08,30,senior,5743.88,0.0,751.33,0.0,0.0,0.0,0.0,268.32,1019.65,4724.23,82.25,buen_ahorrador,2.8,2,16,expenseCheck_u26350274,es
7362,2025-01,37,medio,1988.53,0.0,28.8,0.0,235.05,0.0,0.0,57.6,321.45,1667.08,83.83,buen_ahorrador,2.8,1,13,u98235448,generic
13063,2023-12,26,medio,2087.3,0.0,121.7,0.0,35.3,0.0,0.0,39.44,196.44,1890.86,90.59,buen_ahorrador,3.3,1,14,u98235448,generic
4123,2026-02,27,junior,1598.02,0.0,0.0,0.0,0.0,0.0,0.0,332.93,332.93,1265.09,79.17,buen_ahorrador,2.8,0,11,u86382190,generic
15175,2024-05,31,senior,3286.0,0.0,0.0,0.0,0.0,0.0,0.0,346.0,346.0,2940.0,89.47,buen_ahorrador,3.4,2,11,u82144157,generic
473,2022-11,36,senior,5365.5,0.0,0.0,0.0,0.0,0.0,0.0,441.9,441.9,4923.6,91.76,buen_ahorrador,10.2,2,14,u82144157,generic
26109,2026-01,28,senior,5533.18,0.0,1706.75,0.0,0.0,0.0,0.0,255.1,1961.85,3571.33,64.54,buen_ahorrador,2.8,2,15,expenseCheck_u26350274,es
577,2023-08,25,senior,3387.2,0.0,0.0,0.0,0.0,0.0,0.0,526.8,526.8,2860.4,84.45,buen_ahorrador,1.9,2,16,u82144157,generic
37837,2024-08,37,senior,5532.2,0.0,0.0,0.0,0.0,0.0,0.0,441.6,441.6,5090.6,92.02,buen_ahorrador,3.4,2,14,u82144157,generic
5218,2024-05,34,medio,1968.9,0.0,54.74,0.0,116.0,0.0,0.0,33.42,204.16,1764.74,89.63,buen_ahorrador,3.4,1,12,u98235448,generic
29456,2025-02,30,senior,3379.3,0.0,0.0,0.0,0.0,0.0,0.0,519.0,519.0,2860.3,84.64,buen_ahorrador,2.8,2,16,u82144157,generic
15682,2025-12,28,senior,8939.73,20.62,258.91,0.0,0.0,0.0,0.0,446.58,726.11,8213.62,91.88,buen_ahorrador,2.8,2,9,expenseCheck_u24629591,generic
4188,2024-08,31,senior,3308.6,0.0,0.0,0.0,0.0,0.0,0.0,389.4,389.4,2919.2,88.23,buen_ahorrador,3.4,2,13,u82144157,generic
616,2026-03,28,junior,1620.38,0.0,0.0,0.0,0.0,0.0,0.0,490.38,490.38,1130.0,69.74,buen_ahorrador,2.8,0,15,u86382190,generic
1501,2025-07,29,senior,9026.11,0.0,197.9,0.0,0.0,0.0,0.0,278.69,476.59,8549.52,94.72,buen_ahorrador,2.8,2,8,expenseCheck_u24629591,generic
9449,2022-12,33,senior,3432.5,0.0,0.0,0.0,0.0,0.0,0.0,349.8,349.8,3082.7,89.81,buen_ahorrador,5.7,2,15,u82144157,generic
16704,2026-05,26,senior,8497.24,0.0,507.69,0.0,0.0,0.0,0.0,101.37,609.06,7888.18,92.83,buen_ahorrador,2.8,2,13,expenseCheck_u26350274,es
1603,2025-11,36,senior,3333.4,0.0,0.0,0.0,0.0,0.0,0.0,323.5,323.5,3009.9,90.3,buen_ahorrador,2.8,2,11,u82144157,generic
16772,2023-12,26,senior,5141.5,0.0,0.0,0.0,0.0,0.0,0.0,296.8,296.8,4844.7,94.23,buen_ahorrador,3.3,2,12,u82144157,generic
31447,2025-03,29,senior,3470.0,0.0,0.0,0.0,0.0,0.0,0.0,499.0,499.0,2971.0,85.62,buen_ahorrador,2.8,2,13,u82144157,generic
22855,2024-11,31,senior,3252.6,0.0,0.0,0.0,0.0,0.0,0.0,385.1,385.1,2867.5,88.16,buen_ahorrador,1.5,2,10,u82144157,generic
4673,2026-04,32,senior,9024.1,0.0,362.68,0.0,0.0,0.0,0.0,224.61,587.29,8436.81,93.49,buen_ahorrador,2.8,2,10,expenseCheck_u24629591,generic
20704,2025-04,38,senior,4878.4,0.0,0.0,0.0,0.0,0.0,0.0,383.0,383.0,4495.4,92.15,buen_ahorrador,2.8,2,12,u82144157,generic
27800,2022-04,30,senior,4628.4,0.0,0.0,0.0,0.0,0.0,0.0,331.3,331.3,4297.1,92.84,buen_ahorrador,6.1,2,13,u82144157,generic
4632,2024-07,31,senior,3562.1,0.0,0.0,0.0,0.0,0.0,0.0,280.9,280.9,3281.2,92.11,buen_ahorrador,3.4,2,10,u82144157,generic
4562,2022-10,28,senior,3409.0,0.0,0.0,0.0,0.0,0.0,0.0,507.5,507.5,2901.5,85.11,buen_ahorrador,10.2,2,14,u82144157,generic
4969,2023-10,36,senior,3168.6,0.0,0.0,0.0,0.0,0.0,0.0,369.2,369.2,2799.4,88.35,buen_ahorrador,1.9,2,14,u82144157,generic
11156,2023-09,38,medio,1987.5,0.0,39.7,0.0,152.5,0.0,0.0,75.6,267.8,1719.7,86.53,buen_ahorrador,1.9,1,15,u98235448,generic
29520,2024-02,36,medio,2140.0,0.0,55.12,0.0,241.64,0.0,0.0,78.0,374.76,1765.24,82.49,buen_ahorrador,3.4,1,16,u98235448,generic
6126,2023-10,26,medio,2007.5,0.0,93.2,0.0,101.2,0.0,0.0,258.8,453.2,1554.3,77.42,buen_ahorrador,1.9,1,15,u98235448,generic
4839,2024-08,28,senior,3580.1,0.0,0.0,0.0,0.0,0.0,0.0,418.6,418.6,3161.5,88.31,buen_ahorrador,3.4,2,15,u82144157,generic
29063,2026-07,32,junior,1487.68,0.0,0.0,0.0,0.0,0.0,0.0,972.83,972.83,514.85,34.61,buen_ahorrador,2.8,0,14,u83188312,generic
4040,2025-10,28,senior,5982.2,0.0,0.0,0.0,0.0,0.0,0.0,316.0,316.0,5666.2,94.72,buen_ahorrador,2.8,2,11,u82144157,generic
33294,2026-06,38,senior,5330.43,0.0,828.39,0.0,0.0,0.0,0.0,125.06,953.45,4376.98,82.11,buen_ahorrador,2.8,2,13,expenseCheck_u26350274,es
18888,2022-08,28,senior,7729.3,0.0,0.0,0.0,0.0,0.0,0.0,437.4,437.4,7291.9,94.34,buen_ahorrador,10.2,2,16,u82144157,generic
8901,2025-10,37,medio,2066.7,0.0,34.8,0.0,49.4,0.0,0.0,84.1,168.3,1898.4,91.86,buen_ahorrador,2.8,1,13,u98235448,generic
4251,2023-07,33,medio,2222.5,0.0,84.2,0.0,45.4,0.0,0.0,168.7,298.3,1924.2,86.58,buen_ahorrador,1.9,1,13,u98235448,generic
18914,2025-03,37,medio,1948.1,0.0,30.16,0.0,45.9,0.0,0.0,66.4,142.46,1805.64,92.69,buen_ahorrador,2.8,1,11,u98235448,generic
834,2025-05,30,senior,3448.7,0.0,0.0,0.0,0.0,0.0,0.0,397.5,397.5,3051.2,88.47,buen_ahorrador,2.8,2,13,u82144157,generic
31676,2024-12,39,medio,2074.7,0.0,44.2,0.0,97.7,0.0,0.0,49.5,191.4,1883.3,90.77,buen_ahorrador,2.8,1,12,u98235448,generic
10686,2025-03,32,senior,5235.7,0.0,0.0,0.0,0.0,0.0,0.0,328.8,328.8,4906.9,93.72,buen_ahorrador,2.8,2,11,u82144157,generic
38779,2025-12,27,medio,1967.72,0.0,131.27,0.0,69.5,0.0,0.0,82.4,283.17,1684.55,85.61,buen_ahorrador,2.8,1,12,u98235448,generic
31167,2026-01,35,junior,1627.5,0.0,0.0,0.0,0.0,0.0,0.0,333.0,333.0,1294.5,79.54,buen_ahorrador,2.8,0,13,u86382190,generic
12455,2022-01,35,senior,3528.2,0.0,0.0,0.0,0.0,0.0,0.0,444.3,444.3,3083.9,87.41,buen_ahorrador,6.1,2,14,u82144157,generic
4099,2025-07,34,senior,9175.49,87.26,160.38,0.0,0.0,0.0,0.0,90.21,337.85,8837.64,96.32,buen_ahorrador,2.8,2,11,expenseCheck_u24629591,generic
7073,2025-09,33,senior,5754.61,0.0,190.62,0.0,0.0,0.0,0.0,1365.24,1555.86,4198.75,72.96,buen_ahorrador,2.8,2,11,expenseCheck_u26350274,es
4671,2023-04,32,senior,5187.7,0.0,0.0,0.0,0.0,0.0,0.0,386.2,386.2,4801.5,92.56,buen_ahorrador,5.9,2,14,u82144157,generic
24658,2026-02,28,medio,2116.7,0.0,33.5,0.0,106.33,0.0,0.0,116.2,256.03,1860.67,87.9,buen_ahorrador,2.8,1,11,u98235448,generic
29093,2024-07,25,medio,1899.4,0.0,37.5,0.0,106.3,0.0,0.0,160.98,304.78,1594.62,83.95,buen_ahorrador,3.4,1,12,u98235448,generic
26617,2024-10,38,medio,1882.6,0.0,106.7,0.0,126.02,0.0,0.0,34.3,267.02,1615.58,85.82,buen_ahorrador,1.5,1,12,u98235448,generic
37256,2025-01,30,medio,2064.57,0.0,90.34,0.0,174.7,0.0,0.0,80.36,345.4,1719.17,83.27,buen_ahorrador,2.8,1,15,u98235448,generic
15177,2025-01,25,senior,6321.2,0.0,0.0,0.0,0.0,0.0,0.0,383.5,383.5,5937.7,93.93,buen_ahorrador,2.8,2,12,u82144157,generic
4679,2025-11,38,senior,9565.22,4.2,311.88,0.0,0.0,0.0,0.0,307.75,623.83,8941.39,93.48,buen_ahorrador,2.8,2,10,expenseCheck_u24629591,generic
31568,2025-03,29,medio,2042.11,0.0,21.99,0.0,73.63,0.0,0.0,206.2,301.82,1740.29,85.22,buen_ahorrador,2.8,1,13,u98235448,generic
20559,2025-04,31,senior,3466.0,0.0,0.0,0.0,0.0,0.0,0.0,317.2,317.2,3148.8,90.85,buen_ahorrador,2.8,2,10,u82144157,generic
10787,2024-09,26,senior,5687.2,0.0,0.0,0.0,0.0,0.0,0.0,308.1,308.1,5379.1,94.58,buen_ahorrador,1.5,2,10,u82144157,generic
18049,2026-03,36,medio,1863.8,0.0,46.6,0.0,73.9,0.0,0.0,116.2,236.7,1627.1,87.3,buen_ahorrador,2.8,1,12,u98235448,generic
30570,2022-12,29,senior,3363.0,0.0,0.0,0.0,0.0,0.0,0.0,510.8,510.8,2852.2,84.81,buen_ahorrador,5.7,2,14,u82144157,generic
26748,2026-05,36,senior,9138.91,38.63,257.89,0.0,0.0,0.0,0.0,0.0,296.52,8842.39,96.76,buen_ahorrador,2.8,2,7,expenseCheck_u24629591,generic
11617,2024-04,29,medio,2010.7,0.0,52.36,0.0,129.6,0.0,0.0,11.58,193.54,1817.16,90.37,buen_ahorrador,3.4,1,12,u98235448,generic
20853,2025-10,38,medio,1932.3,0.0,72.7,0.0,138.99,0.0,0.0,94.59,306.28,1626.02,84.15,buen_ahorrador,2.8,1,15,u98235448,generic
8035,2026-02,29,senior,8921.15,39.31,240.08,0.0,0.0,0.0,0.0,296.96,576.35,8344.8,93.54,buen_ahorrador,2.8,2,10,expenseCheck_u24629591,generic
6236,2026-01,25,senior,8777.53,46.51,401.42,0.0,0.0,0.0,0.0,89.85,537.78,8239.75,93.87,buen_ahorrador,2.8,2,10,expenseCheck_u24629591,generic
6493,2025-10,39,senior,9019.08,0.0,407.17,0.0,0.0,0.0,0.0,194.77,601.94,8417.14,93.33,buen_ahorrador,2.8,2,9,expenseCheck_u24629591,generic
38665,2026-04,25,junior,1540.55,0.0,0.0,0.0,0.0,0.0,0.0,397.57,397.57,1142.98,74.19,buen_ahorrador,2.8,0,15,u86382190,generic
6969,2025-10,26,senior,6194.94,0.0,368.72,0.0,38.56,0.0,0.0,216.46,623.74,5571.2,89.93,buen_ahorrador,2.8,2,13,expenseCheck_u26350274,es
23793,2026-03,37,senior,9022.49,0.0,332.23,0.0,0.0,0.0,0.0,86.28,418.51,8603.98,95.36,buen_ahorrador,2.8,2,7,expenseCheck_u24629591,generic
145,2025-06,33,senior,4298.8,0.0,0.0,0.0,0.0,0.0,0.0,459.3,459.3,3839.5,89.32,buen_ahorrador,2.8,2,15,u82144157,generic
1360,2021-12,33,senior,6099.2,0.0,0.0,0.0,0.0,0.0,0.0,221.3,221.3,5877.9,96.37,buen_ahorrador,6.7,2,10,u82144157,generic
4821,2025-08,34,senior,7308.2,0.0,643.87,0.0,0.0,0.0,0.0,47.31,691.18,6617.02,90.54,buen_ahorrador,2.8,2,15,expenseCheck_u26350274,es
26048,2026-03,36,medio,2031.6,0.0,59.0,0.0,43.7,0.0,0.0,97.6,200.3,1831.3,90.14,buen_ahorrador,2.8,1,10,u98235448,generic
26820,2026-07,32,junior,416.1,0.0,0.0,0.0,0.0,0.0,0.0,311.78,311.78,104.32,25.07,buen_ahorrador,2.8,0,10,u60341395,generic
10874,2021-12,28,senior,3419.8,0.0,0.0,0.0,0.0,0.0,0.0,415.1,415.1,3004.7,87.86,buen_ahorrador,6.7,2,12,u82144157,generic
32945,2025-10,37,senior,6274.83,0.0,315.5,0.0,0.0,0.0,0.0,378.37,693.87,5580.96,88.94,buen_ahorrador,2.8,2,14,expenseCheck_u26350274,es
4715,2025-09,40,senior,3327.4,0.0,0.0,0.0,0.0,0.0,0.0,418.0,418.0,2909.4,87.44,buen_ahorrador,2.8,2,13,u82144157,generic
11051,2026-02,36,medio,1949.7,0.0,16.4,0.0,86.4,0.0,0.0,95.8,198.6,1751.1,89.81,buen_ahorrador,2.8,1,10,u98235448,generic
8295,2023-12,32,senior,6118.4,0.0,0.0,0.0,0.0,0.0,0.0,332.2,332.2,5786.2,94.57,buen_ahorrador,3.3,2,15,u82144157,generic
11416,2023-05,33,senior,6707.9,0.0,0.0,0.0,0.0,0.0,0.0,273.9,273.9,6434.0,95.92,buen_ahorrador,5.9,2,11,u82144157,generic
7079,2026-06,40,medio,2682.97,31.05,147.99,54.99,0.0,0.0,0.0,370.8,604.83,2078.14,77.46,buen_ahorrador,2.8,1,33,u74445512,de
29589,2024-06,29,senior,4738.6,0.0,0.0,0.0,0.0,0.0,0.0,341.1,341.1,4397.5,92.8,buen_ahorrador,3.4,2,14,u82144157,generic
11161,2021-11,29,senior,3332.8,0.0,0.0,0.0,0.0,0.0,0.0,499.6,499.6,2833.2,85.01,buen_ahorrador,6.7,2,15,u82144157,generic
39124,2024-09,25,senior,3585.8,0.0,0.0,0.0,0.0,0.0,0.0,355.3,355.3,3230.5,90.09,buen_ahorrador,1.5,2,12,u82144157,generic
8001,2024-09,32,senior,3508.5,0.0,0.0,0.0,0.0,0.0,0.0,361.0,361.0,3147.5,89.71,buen_ahorrador,1.5,2,12,u82144157,generic
5971,2023-01,25,senior,3312.2,0.0,0.0,0.0,0.0,0.0,0.0,414.7,414.7,2897.5,87.48,buen_ahorrador,5.9,2,13,u82144157,generic
9419,2025-10,34,senior,6261.03,0.0,468.18,0.0,0.0,0.0,0.0,112.52,580.7,5680.33,90.73,buen_ahorrador,2.8,2,12,expenseCheck_u26350274,es
4061,2024-09,40,medio,1869.7,0.0,40.2,0.0,99.47,0.0,0.0,54.6,194.27,1675.43,89.61,buen_ahorrador,1.5,1,14,u98235448,generic
4663,2022-09,27,senior,3317.0,0.0,0.0,0.0,0.0,0.0,0.0,463.7,463.7,2853.3,86.02,buen_ahorrador,10.2,2,14,u82144157,generic
29482,2026-04,34,senior,5501.25,0.0,535.02,0.0,23.43,0.0,0.0,94.05,652.5,4848.75,88.14,buen_ahorrador,2.8,2,12,expenseCheck_u26350274,es
18733,2025-06,30,medio,2107.8,0.0,0.0,0.0,222.0,0.0,0.0,113.4,335.4,1772.4,84.09,buen_ahorrador,2.8,1,13,u98235448,generic
16129,2022-02,33,senior,4266.6,0.0,0.0,0.0,0.0,0.0,0.0,449.1,449.1,3817.5,89.47,buen_ahorrador,6.1,2,12,u82144157,generic
30229,2025-07,26,senior,8713.53,0.0,180.99,0.0,0.0,0.0,0.0,253.98,434.97,8278.56,95.01,buen_ahorrador,2.8,2,7,expenseCheck_u24629591,generic
45,2024-11,26,freelance,4769.8,0.0,0.0,0.0,0.0,0.0,0.0,330.1,330.1,4439.7,93.08,buen_ahorrador,1.5,3,11,u82144157,generic
13964,2026-06,25,junior,1585.39,0.0,0.0,0.0,0.0,0.0,0.0,321.42,321.42,1263.97,79.73,buen_ahorrador,2.8,0,13,u86382190,generic
4178,2023-11,30,senior,3585.9,0.0,0.0,0.0,0.0,0.0,0.0,363.5,363.5,3222.4,89.86,buen_ahorrador,1.9,2,13,u82144157,generic
4061,2024-02,40,medio,2028.2,0.0,56.5,0.0,102.66,0.0,0.0,71.62,230.78,1797.42,88.62,buen_ahorrador,3.4,1,13,u98235448,generic
12930,2024-08,26,senior,3493.5,0.0,0.0,0.0,0.0,0.0,0.0,405.1,405.1,3088.4,88.4,buen_ahorrador,3.4,2,13,u82144157,generic
4134,2024-08,34,senior,3388.1,0.0,0.0,0.0,0.0,0.0,0.0,311.9,311.9,3076.2,90.79,buen_ahorrador,3.4,2,10,u82144157,generic
13097,2023-06,27,senior,3401.8,0.0,0.0,0.0,0.0,0.0,0.0,301.8,301.8,3100.0,91.13,buen_ahorrador,1.9,2,11,u82144157,generic
6413,2025-07,35,senior,8888.9,0.0,475.1,0.0,0.0,0.0,0.0,112.66,587.76,8301.14,93.39,buen_ahorrador,2.8,2,11,expenseCheck_u24629591,generic
11888,2023-04,28,senior,3060.0,0.0,0.0,0.0,0.0,0.0,0.0,464.3,464.3,2595.7,84.83,buen_ahorrador,5.9,2,16,u82144157,generic
21623,2023-11,26,medio,2125.1,0.0,54.5,0.0,29.8,0.0,0.0,75.4,159.7,1965.4,92.49,buen_ahorrador,1.9,1,10,u98235448,generic
27012,2026-02,36,junior,1695.93,0.0,0.0,0.0,0.0,0.0,0.0,307.98,307.98,1387.95,81.84,buen_ahorrador,2.8,0,12,u86382190,generic
524,2025-10,27,senior,7302.72,0.0,559.16,0.0,0.0,0.0,0.0,59.98,619.14,6683.58,91.52,buen_ahorrador,2.8,2,13,expenseCheck_u26350274,es
31120,2022-11,25,senior,5854.7,0.0,0.0,0.0,0.0,0.0,0.0,236.0,236.0,5618.7,95.97,buen_ahorrador,10.2,2,12,u82144157,generic
6452,2023-03,33,senior,4634.8,0.0,0.0,0.0,0.0,0.0,0.0,353.3,353.3,4281.5,92.38,buen_ahorrador,5.9,2,14,u82144157,generic
6617,2024-05,35,medio,2058.8,0.0,56.1,0.0,92.56,0.0,0.0,46.8,195.46,1863.34,90.51,buen_ahorrador,3.4,1,10,u98235448,generic
28855,2025-01,28,medio,1820.6,0.0,28.6,0.0,103.62,0.0,0.0,158.99,291.21,1529.39,84.0,buen_ahorrador,2.8,1,12,u98235448,generic
20861,2025-11,36,medio,2020.0,0.0,74.8,0.0,122.67,0.0,0.0,103.41,300.88,1719.12,85.1,buen_ahorrador,2.8,1,15,u98235448,generic
568,2026-06,37,junior,1590.3,0.0,0.0,0.0,0.0,0.0,0.0,532.37,532.37,1057.93,66.52,buen_ahorrador,2.8,0,15,u86382190,generic
23623,2023-10,35,medio,2066.3,0.0,72.9,0.0,118.39,0.0,0.0,0.0,191.29,1875.01,90.74,buen_ahorrador,1.9,1,11,u98235448,generic
25849,2026-07,26,senior,5582.44,0.0,338.74,0.0,0.0,0.0,0.0,344.89,683.63,4898.81,87.75,buen_ahorrador,2.8,2,14,expenseCheck_u26350274,es
12958,2025-11,35,senior,4686.7,0.0,0.0,0.0,0.0,0.0,0.0,356.1,356.1,4330.6,92.4,buen_ahorrador,2.8,2,12,u82144157,generic
32943,2025-10,39,medio,2042.14,0.0,61.4,0.0,118.91,0.0,0.0,121.1,301.41,1740.73,85.24,buen_ahorrador,2.8,1,13,u98235448,generic
9838,2025-10,26,senior,8900.24,0.0,347.97,0.0,0.0,0.0,0.0,215.65,563.62,8336.62,93.67,buen_ahorrador,2.8,2,8,expenseCheck_u24629591,generic
6918,2024-01,38,medio,2020.3,0.0,0.0,0.0,240.62,0.0,0.0,86.7,327.32,1692.98,83.8,buen_ahorrador,3.4,1,15,u98235448,generic
32948,2026-04,35,medio,1997.38,0.0,14.5,0.0,198.35,0.0,0.0,24.0,236.85,1760.53,88.14,buen_ahorrador,2.8,1,12,u98235448,generic
11239,2023-02,34,senior,3654.6,0.0,0.0,0.0,0.0,0.0,0.0,374.7,374.7,3279.9,89.75,buen_ahorrador,5.9,2,11,u82144157,generic
13412,2025-02,30,medio,2072.7,0.0,40.8,0.0,90.8,0.0,0.0,53.24,184.84,1887.86,91.08,buen_ahorrador,2.8,1,10,u98235448,generic
26804,2026-07,36,senior,5437.89,0.0,127.39,0.0,0.0,0.0,0.0,301.06,428.45,5009.44,92.12,buen_ahorrador,2.8,2,11,expenseCheck_u26350274,es
36345,2025-08,36,senior,5559.22,0.0,319.35,0.0,0.0,0.0,0.0,123.24,442.59,5116.63,92.04,buen_ahorrador,2.8,2,11,expenseCheck_u26350274,es
30109,2026-07,39,junior,428.5,0.0,0.0,0.0,0.0,0.0,0.0,419.26,419.26,9.24,2.16,ahorro_insuficiente,2.8,0,13,u60341395,generic
5221,2023-04,25,medio,1877.79,0.0,55.11,0.0,120.67,0.0,0.0,81.97,257.75,1620.04,86.27,buen_ahorrador,5.9,1,13,u98235448,generic
1547,2025-05,28,senior,3507.2,0.0,0.0,0.0,0.0,0.0,0.0,340.4,340.4,3166.8,90.29,buen_ahorrador,2.8,2,11,u82144157,generic
312,2024-06,32,senior,3568.9,0.0,0.0,0.0,0.0,0.0,0.0,471.2,471.2,3097.7,86.8,buen_ahorrador,3.4,2,14,u82144157,generic
6373,2024-10,27,medio,2098.0,0.0,14.4,0.0,81.35,0.0,0.0,208.15,303.9,1794.1,85.51,buen_ahorrador,1.5,1,13,u98235448,generic
18754,2024-10,37,senior,4632.1,0.0,0.0,0.0,0.0,0.0,0.0,256.4,256.4,4375.7,94.46,buen_ahorrador,1.5,2,10,u82144157,generic
26193,2026-06,28,senior,10759.64,0.0,275.45,0.0,0.0,0.0,0.0,194.97,470.42,10289.22,95.63,buen_ahorrador,2.8,2,12,expenseCheck_u26350274,es
5643,2021-08,40,senior,3493.0,0.0,0.0,0.0,0.0,0.0,0.0,286.6,286.6,3206.4,91.8,buen_ahorrador,6.7,2,13,u82144157,generic
11643,2024-10,40,senior,5853.2,0.0,0.0,0.0,0.0,0.0,0.0,304.4,304.4,5548.8,94.8,buen_ahorrador,1.5,2,11,u82144157,generic
29412,2024-11,27,senior,3487.5,0.0,0.0,0.0,0.0,0.0,0.0,359.8,359.8,3127.7,89.68,buen_ahorrador,1.5,2,12,u82144157,generic
39290,2023-10,25,senior,3447.3,0.0,0.0,0.0,0.0,0.0,0.0,496.1,496.1,2951.2,85.61,buen_ahorrador,1.9,2,13,u82144157,generic
25715,2021-09,38,senior,3308.7,0.0,0.0,0.0,0.0,0.0,0.0,323.2,323.2,2985.5,90.23,buen_ahorrador,6.7,2,11,u82144157,generic
9451,2026-03,38,medio,2090.1,0.0,149.5,0.0,107.39,0.0,0.0,43.88,300.77,1789.33,85.61,buen_ahorrador,2.8,1,14,u98235448,generic
9082,2025-09,35,senior,6082.89,0.0,202.22,0.0,0.0,0.0,0.0,293.29,495.51,5587.38,91.85,buen_ahorrador,2.8,2,11,expenseCheck_u26350274,es
4194,2024-11,34,senior,3686.8,0.0,0.0,0.0,0.0,0.0,0.0,280.0,280.0,3406.8,92.41,buen_ahorrador,1.5,2,13,u82144157,generic
29289,2024-03,29,senior,3460.5,0.0,0.0,0.0,0.0,0.0,0.0,364.3,364.3,3096.2,89.47,buen_ahorrador,3.4,2,14,u82144157,generic
5322,2026-01,33,junior,1645.52,0.0,0.0,0.0,0.0,0.0,0.0,273.75,273.75,1371.77,83.36,buen_ahorrador,2.8,0,12,u86382190,generic
16521,2024-01,35,senior,3405.2,0.0,0.0,0.0,0.0,0.0,0.0,458.8,458.8,2946.4,86.53,buen_ahorrador,3.4,2,14,u82144157,generic
29388,2023-01,38,senior,3706.9,0.0,0.0,0.0,0.0,0.0,0.0,481.2,481.2,3225.7,87.02,buen_ahorrador,5.9,2,16,u82144157,generic
29594,2025-07,30,medio,1939.1,0.0,102.31,0.0,121.5,0.0,0.0,38.09,261.9,1677.2,86.49,buen_ahorrador,2.8,1,15,u98235448,generic
4075,2024-04,25,senior,5029.9,0.0,0.0,0.0,0.0,0.0,0.0,359.6,359.6,4670.3,92.85,buen_ahorrador,3.4,2,13,u82144157,generic
29573,2025-09,28,senior,9474.4,16.27,773.05,0.0,0.0,0.0,0.0,125.83,915.15,8559.25,90.34,buen_ahorrador,2.8,2,10,expenseCheck_u24629591,generic
10085,2025-11,37,medio,2051.2,0.0,123.2,0.0,59.8,0.0,0.0,94.3,277.3,1773.9,86.48,buen_ahorrador,2.8,1,16,u98235448,generic
36313,2022-10,31,senior,3345.8,0.0,0.0,0.0,0.0,0.0,0.0,496.5,496.5,2849.3,85.16,buen_ahorrador,10.2,2,15,u82144157,generic
20053,2023-01,32,senior,4518.2,0.0,0.0,0.0,0.0,0.0,0.0,362.8,362.8,4155.4,91.97,buen_ahorrador,5.9,2,12,u82144157,generic
30311,2024-06,33,medio,1980.0,0.0,69.4,0.0,57.9,0.0,0.0,103.08,230.38,1749.62,88.36,buen_ahorrador,3.4,1,12,u98235448,generic
26968,2026-01,32,medio,2048.12,0.0,43.84,0.0,131.0,0.0,0.0,101.7,276.54,1771.58,86.5,buen_ahorrador,2.8,1,13,u98235448,generic
9639,2022-08,37,senior,3468.1,0.0,0.0,0.0,0.0,0.0,0.0,462.6,462.6,3005.5,86.66,buen_ahorrador,10.2,2,15,u82144157,generic
4176,2022-09,28,senior,3245.0,0.0,0.0,0.0,0.0,0.0,0.0,347.3,347.3,2897.7,89.3,buen_ahorrador,10.2,2,13,u82144157,generic
4188,2023-03,31,senior,5224.0,0.0,0.0,0.0,0.0,0.0,0.0,434.4,434.4,4789.6,91.68,buen_ahorrador,5.9,2,15,u82144157,generic
36193,2021-09,26,senior,3192.0,0.0,0.0,0.0,0.0,0.0,0.0,457.5,457.5,2734.5,85.67,buen_ahorrador,6.7,2,14,u82144157,generic
26130,2022-05,36,senior,3284.6,0.0,0.0,0.0,0.0,0.0,0.0,404.8,404.8,2879.8,87.68,buen_ahorrador,6.1,2,13,u82144157,generic
9400,2023-10,27,senior,4493.7,0.0,0.0,0.0,0.0,0.0,0.0,302.2,302.2,4191.5,93.28,buen_ahorrador,1.9,2,11,u82144157,generic
29436,2022-01,26,senior,5751.3,0.0,0.0,0.0,0.0,0.0,0.0,388.6,388.6,5362.7,93.24,buen_ahorrador,6.1,2,14,u82144157,generic
4042,2023-12,29,senior,3159.6,0.0,0.0,0.0,0.0,0.0,0.0,358.7,358.7,2800.9,88.65,buen_ahorrador,3.3,2,13,u82144157,generic
4297,2025-09,29,senior,3431.8,0.0,0.0,0.0,0.0,0.0,0.0,428.1,428.1,3003.7,87.53,buen_ahorrador,2.8,2,15,u82144157,generic
26947,2026-01,27,senior,8096.5,0.0,274.14,0.0,0.0,0.0,0.0,79.72,353.86,7742.64,95.63,buen_ahorrador,2.8,2,7,expenseCheck_u24629591,generic
120,2024-08,38,senior,3455.6,0.0,0.0,0.0,0.0,0.0,0.0,575.3,575.3,2880.3,83.35,buen_ahorrador,3.4,2,16,u82144157,generic
25697,2025-10,38,senior,9299.75,30.14,96.74,0.0,0.0,0.0,0.0,233.48,360.36,8939.39,96.13,buen_ahorrador,2.8,2,9,expenseCheck_u24629591,generic
33692,2025-11,39,senior,8301.89,167.26,149.01,0.0,0.0,0.0,0.0,328.8,645.07,7656.82,92.23,buen_ahorrador,2.8,2,10,expenseCheck_u24629591,generic
5764,2026-05,28,junior,1733.78,0.0,0.0,0.0,0.0,0.0,0.0,347.81,347.81,1385.97,79.94,buen_ahorrador,2.8,0,12,u86382190,generic
4172,2025-09,34,senior,9077.83,0.0,299.43,0.0,0.0,0.0,0.0,83.62,383.05,8694.78,95.78,buen_ahorrador,2.8,2,10,expenseCheck_u24629591,generic
12922,2025-10,25,senior,5194.51,0.0,554.76,0.0,0.0,0.0,0.0,87.19,641.95,4552.56,87.64,buen_ahorrador,2.8,2,15,expenseCheck_u26350274,es
4290,2023-12,35,senior,3932.7,0.0,0.0,0.0,0.0,0.0,0.0,414.8,414.8,3517.9,89.45,buen_ahorrador,3.3,2,14,u82144157,generic
14646,2025-09,26,senior,3202.2,0.0,0.0,0.0,0.0,0.0,0.0,365.4,365.4,2836.8,88.59,buen_ahorrador,2.8,2,14,u82144157,generic
24676,2025-05,31,medio,1992.84,0.0,99.38,0.0,74.45,0.0,0.0,63.4,237.23,1755.61,88.1,buen_ahorrador,2.8,1,10,u98235448,generic
11466,2026-06,32,junior,1737.93,0.0,0.0,0.0,0.0,0.0,0.0,188.33,188.33,1549.6,89.16,buen_ahorrador,2.8,0,10,u86382190,generic
4648,2024-03,35,senior,5459.6,0.0,0.0,0.0,0.0,0.0,0.0,466.1,466.1,4993.5,91.46,buen_ahorrador,3.4,2,16,u82144157,generic
2010,2025-11,31,senior,5681.92,0.0,313.4,0.0,0.0,0.0,0.0,418.36,731.76,4950.16,87.12,buen_ahorrador,2.8,2,14,expenseCheck_u26350274,es
36988,2025-08,35,senior,8606.25,0.0,267.98,0.0,0.0,0.0,0.0,476.02,744.0,7862.25,91.36,buen_ahorrador,2.8,2,7,expenseCheck_u24629591,generic
24178,2023-06,31,medio,1945.4,0.0,78.2,0.0,90.02,0.0,0.0,58.09,226.31,1719.09,88.37,buen_ahorrador,1.9,1,13,u98235448,generic
4756,2026-05,29,junior,1529.38,0.0,0.0,0.0,0.0,0.0,0.0,247.17,247.17,1282.21,83.84,buen_ahorrador,2.8,0,11,u86382190,generic
390,2023-09,27,medio,2090.1,0.0,46.2,0.0,148.37,0.0,0.0,39.0,233.57,1856.53,88.82,buen_ahorrador,1.9,1,15,u98235448,generic
5248,2025-03,26,medio,1949.7,0.0,53.03,0.0,83.84,0.0,0.0,84.97,221.84,1727.86,88.62,buen_ahorrador,2.8,1,14,u98235448,generic
29253,2026-02,29,senior,5503.4,0.0,573.47,0.0,0.0,0.0,0.0,74.08,647.55,4855.85,88.23,buen_ahorrador,2.8,2,15,expenseCheck_u26350274,es
28161,2023-01,35,senior,3702.8,0.0,0.0,0.0,0.0,0.0,0.0,379.4,379.4,3323.4,89.75,buen_ahorrador,5.9,2,15,u82144157,generic
29589,2022-03,29,senior,4566.9,0.0,0.0,0.0,0.0,0.0,0.0,362.8,362.8,4204.1,92.06,buen_ahorrador,6.1,2,12,u82144157,generic
36219,2023-10,25,senior,4538.8,0.0,0.0,0.0,0.0,0.0,0.0,476.2,476.2,4062.6,89.51,buen_ahorrador,1.9,2,15,u82144157,generic
629,2022-04,33,senior,3567.0,0.0,0.0,0.0,0.0,0.0,0.0,403.3,403.3,3163.7,88.69,buen_ahorrador,6.1,2,12,u82144157,generic
29368,2023-12,31,medio,1990.9,0.0,72.4,0.0,78.8,0.0,0.0,58.33,209.53,1781.37,89.48,buen_ahorrador,3.3,1,11,u98235448,generic
7597,2025-01,29,freelance,5196.9,0.0,0.0,0.0,0.0,0.0,0.0,454.2,454.2,4742.7,91.26,buen_ahorrador,2.8,3,16,u82144157,generic
15930,2024-02,27,medio,1990.5,0.0,62.34,0.0,47.9,0.0,0.0,83.6,193.84,1796.66,90.26,buen_ahorrador,3.4,1,11,u98235448,generic
30378,2026-04,29,medio,1952.5,0.0,105.7,0.0,88.1,0.0,0.0,134.88,328.68,1623.82,83.17,buen_ahorrador,2.8,1,13,u98235448,generic
29555,2022-02,31,senior,3580.0,0.0,0.0,0.0,0.0,0.0,0.0,419.9,419.9,3160.1,88.27,buen_ahorrador,6.1,2,16,u82144157,generic
171,2023-10,26,medio,2024.19,0.0,132.8,0.0,119.5,0.0,0.0,130.11,382.41,1641.78,81.11,buen_ahorrador,1.9,1,13,u98235448,generic
21669,2024-04,38,medio,1832.6,0.0,184.2,0.0,95.0,0.0,0.0,103.7,382.9,1449.7,79.11,buen_ahorrador,3.4,1,13,u98235448,generic
20752,2025-10,40,senior,9078.18,0.0,441.91,0.0,0.0,0.0,0.0,660.31,1102.22,7975.96,87.86,buen_ahorrador,2.8,2,10,expenseCheck_u24629591,generic
28846,2025-10,31,medio,2035.7,0.0,66.7,0.0,209.6,0.0,0.0,9.83,286.13,1749.57,85.94,buen_ahorrador,2.8,1,15,u98235448,generic
13470,2023-09,34,senior,3540.4,0.0,0.0,0.0,0.0,0.0,0.0,319.0,319.0,3221.4,90.99,buen_ahorrador,1.9,2,12,u82144157,generic
1479,2022-10,27,senior,3291.4,0.0,0.0,0.0,0.0,0.0,0.0,346.5,346.5,2944.9,89.47,buen_ahorrador,10.2,2,11,u82144157,generic
30227,2023-11,31,senior,3557.8,0.0,0.0,0.0,0.0,0.0,0.0,288.0,288.0,3269.8,91.91,buen_ahorrador,1.9,2,10,u82144157,generic
20798,2024-12,34,senior,7502.4,0.0,0.0,0.0,0.0,0.0,0.0,367.7,367.7,7134.7,95.1,buen_ahorrador,2.8,2,15,u82144157,generic
80,2022-06,33,senior,3374.6,0.0,0.0,0.0,0.0,0.0,0.0,354.1,354.1,3020.5,89.51,buen_ahorrador,10.2,2,15,u82144157,generic
33276,2024-12,35,medio,1936.7,0.0,81.5,0.0,122.6,0.0,0.0,76.1,280.2,1656.5,85.53,buen_ahorrador,2.8,1,11,u98235448,generic
29502,2024-01,38,medio,2009.19,0.0,97.14,0.0,204.4,0.0,0.0,46.6,348.14,1661.05,82.67,buen_ahorrador,3.4,1,15,u98235448,generic
4648,2022-05,35,senior,4343.0,0.0,0.0,0.0,0.0,0.0,0.0,421.8,421.8,3921.2,90.29,buen_ahorrador,6.1,2,16,u82144157,generic
4297,2024-06,29,senior,3514.1,0.0,0.0,0.0,0.0,0.0,0.0,344.5,344.5,3169.6,90.2,buen_ahorrador,3.4,2,13,u82144157,generic
1728,2023-04,33,medio,2076.92,0.0,57.8,0.0,147.32,0.0,0.0,38.9,244.02,1832.9,88.25,buen_ahorrador,5.9,1,12,u98235448,generic
15288,2025-09,33,senior,5288.09,0.0,408.58,0.0,0.0,0.0,0.0,65.36,473.94,4814.15,91.04,buen_ahorrador,2.8,2,10,expenseCheck_u26350274,es
38211,2026-06,29,junior,1623.59,0.0,0.0,0.0,0.0,0.0,0.0,339.24,339.24,1284.35,79.11,buen_ahorrador,2.8,0,14,u86382190,generic
4795,2025-10,36,senior,3381.1,0.0,0.0,0.0,0.0,0.0,0.0,474.8,474.8,2906.3,85.96,buen_ahorrador,2.8,2,15,u82144157,generic
32163,2022-10,31,senior,3434.4,0.0,0.0,0.0,0.0,0.0,0.0,457.7,457.7,2976.7,86.67,buen_ahorrador,10.2,2,14,u82144157,generic
15198,2025-03,30,medio,2000.1,0.0,65.5,0.0,35.0,0.0,0.0,253.32,353.82,1646.28,82.31,buen_ahorrador,2.8,1,14,u98235448,generic
12346,2022-05,35,senior,3499.7,0.0,0.0,0.0,0.0,0.0,0.0,412.5,412.5,3087.2,88.21,buen_ahorrador,6.1,2,16,u82144157,generic
29305,2025-10,33,senior,5943.94,0.0,632.81,0.0,54.85,0.0,0.0,233.35,921.01,5022.93,84.51,buen_ahorrador,2.8,2,15,expenseCheck_u26350274,es
5196,2026-07,38,medio,1889.4,0.0,1224.74,47.37,0.0,0.0,0.0,1272.13,2544.24,-654.84,-34.66,ahorro_insuficiente,2.8,1,32,u74445512,de
28837,2025-11,33,senior,8782.46,0.0,385.35,0.0,0.0,0.0,0.0,415.57,800.92,7981.54,90.88,buen_ahorrador,2.8,2,11,expenseCheck_u24629591,generic
29585,2026-03,36,junior,1654.56,0.0,0.0,0.0,0.0,0.0,0.0,518.67,518.67,1135.89,68.65,buen_ahorrador,2.8,0,13,u86382190,generic
5776,2025-11,30,senior,8771.93,81.5,292.13,0.0,0.0,0.0,0.0,258.92,632.55,8139.38,92.79,buen_ahorrador,2.8,2,11,expenseCheck_u24629591,generic
13687,2023-03,32,senior,3642.5,0.0,0.0,0.0,0.0,0.0,0.0,633.5,633.5,3009.0,82.61,buen_ahorrador,5.9,2,16,u82144157,generic
773,2022-03,40,senior,3398.9,0.0,0.0,0.0,0.0,0.0,0.0,371.5,371.5,3027.4,89.07,buen_ahorrador,6.1,2,14,u82144157,generic
28641,2025-02,40,senior,3209.2,0.0,0.0,0.0,0.0,0.0,0.0,465.6,465.6,2743.6,85.49,buen_ahorrador,2.8,2,12,u82144157,generic
18325,2025-11,28,senior,8825.55,0.0,474.08,0.0,0.0,0.0,0.0,442.07,916.15,7909.4,89.62,buen_ahorrador,2.8,2,9,expenseCheck_u24629591,generic
12934,2024-11,34,senior,3492.5,0.0,0.0,0.0,0.0,0.0,0.0,480.7,480.7,3011.8,86.24,buen_ahorrador,1.5,2,14,u82144157,generic
26028,2024-05,25,senior,3361.0,0.0,0.0,0.0,0.0,0.0,0.0,402.6,402.6,2958.4,88.02,buen_ahorrador,3.4,2,13,u82144157,generic
743,2024-06,29,senior,3408.1,0.0,0.0,0.0,0.0,0.0,0.0,443.8,443.8,2964.3,86.98,buen_ahorrador,3.4,2,13,u82144157,generic
26706,2024-06,30,senior,3361.7,0.0,0.0,0.0,0.0,0.0,0.0,357.1,357.1,3004.6,89.38,buen_ahorrador,3.4,2,11,u82144157,generic
5814,2026-01,40,medio,2140.0,0.0,179.63,0.0,60.7,0.0,0.0,116.1,356.43,1783.57,83.34,buen_ahorrador,2.8,1,15,u98235448,generic
4096,2026-03,28,medio,2048.34,0.0,29.9,0.0,117.6,0.0,0.0,102.8,250.3,1798.04,87.78,buen_ahorrador,2.8,1,13,u98235448,generic
30579,2025-10,25,medio,2033.85,0.0,65.1,0.0,102.74,0.0,0.0,52.1,219.94,1813.91,89.19,buen_ahorrador,2.8,1,11,u98235448,generic
29606,2021-09,28,senior,4585.1,0.0,0.0,0.0,0.0,0.0,0.0,506.6,506.6,4078.5,88.95,buen_ahorrador,6.7,2,14,u82144157,generic
16172,2025-03,29,senior,3561.9,0.0,0.0,0.0,0.0,0.0,0.0,320.7,320.7,3241.2,91.0,buen_ahorrador,2.8,2,12,u82144157,generic
20704,2023-10,38,senior,6263.2,0.0,0.0,0.0,0.0,0.0,0.0,322.5,322.5,5940.7,94.85,buen_ahorrador,1.9,2,14,u82144157,generic
1104,2021-08,34,senior,3225.6,0.0,0.0,0.0,0.0,0.0,0.0,205.4,205.4,3020.2,93.63,buen_ahorrador,6.7,2,10,u82144157,generic
18772,2025-09,37,senior,5446.9,0.0,0.0,0.0,0.0,0.0,0.0,353.7,353.7,5093.2,93.51,buen_ahorrador,2.8,2,15,u82144157,generic
8531,2025-07,38,senior,4114.3,0.0,0.0,0.0,0.0,0.0,0.0,334.5,334.5,3779.8,91.87,buen_ahorrador,2.8,2,11,u82144157,generic
1402,2026-06,40,medio,2111.8,0.0,0.0,0.0,144.15,0.0,0.0,72.9,217.05,1894.75,89.72,buen_ahorrador,2.8,1,11,u98235448,generic
13857,2023-02,31,senior,3482.2,0.0,0.0,0.0,0.0,0.0,0.0,485.2,485.2,2997.0,86.07,buen_ahorrador,5.9,2,14,u82144157,generic
34299,2025-07,38,medio,2096.3,0.0,0.0,0.0,127.6,0.0,0.0,78.2,205.8,1890.5,90.18,buen_ahorrador,2.8,1,12,u98235448,generic
17647,2025-11,32,senior,8997.68,0.0,113.02,0.0,0.0,0.0,0.0,161.15,274.17,8723.51,96.95,buen_ahorrador,2.8,2,9,expenseCheck_u24629591,generic
1581,2022-12,40,senior,4664.3,0.0,0.0,0.0,0.0,0.0,0.0,282.9,282.9,4381.4,93.93,buen_ahorrador,5.7,2,11,u82144157,generic
16363,2022-11,31,senior,5757.0,0.0,0.0,0.0,0.0,0.0,0.0,380.1,380.1,5376.9,93.4,buen_ahorrador,10.2,2,15,u82144157,generic
93,2023-04,26,senior,3387.0,0.0,0.0,0.0,0.0,0.0,0.0,297.4,297.4,3089.6,91.22,buen_ahorrador,5.9,2,10,u82144157,generic
30520,2025-09,26,senior,9201.79,0.0,75.23,0.0,0.0,0.0,0.0,174.3,249.53,8952.26,97.29,buen_ahorrador,2.8,2,7,expenseCheck_u24629591,generic
665,2025-07,38,senior,9165.06,22.44,223.98,0.0,0.0,0.0,0.0,106.3,352.72,8812.34,96.15,buen_ahorrador,2.8,2,10,expenseCheck_u24629591,generic
18733,2024-07,30,medio,1869.6,0.0,34.7,0.0,179.2,0.0,0.0,58.7,272.6,1597.0,85.42,buen_ahorrador,3.4,1,11,u98235448,generic
33307,2026-02,25,senior,8835.1,323.72,135.59,0.0,0.0,0.0,0.0,349.25,808.56,8026.54,90.85,buen_ahorrador,2.8,2,8,expenseCheck_u24629591,generic
8446,2025-11,28,senior,5653.3,0.0,499.4,0.0,0.0,0.0,0.0,265.79,765.19,4888.11,86.46,buen_ahorrador,2.8,2,14,expenseCheck_u26350274,es
29379,2026-05,29,senior,5212.02,0.0,516.78,0.0,0.0,0.0,0.0,154.81,671.59,4540.43,87.11,buen_ahorrador,2.8,2,15,expenseCheck_u26350274,es
12569,2024-04,27,senior,6317.7,0.0,0.0,0.0,0.0,0.0,0.0,349.2,349.2,5968.5,94.47,buen_ahorrador,3.4,2,11,u82144157,generic
17077,2024-07,33,medio,2204.6,0.0,0.0,0.0,131.18,0.0,0.0,204.38,335.56,1869.04,84.78,buen_ahorrador,3.4,1,14,u98235448,generic
8578,2024-06,30,medio,1913.0,0.0,74.0,0.0,166.91,0.0,0.0,111.83,352.74,1560.26,81.56,buen_ahorrador,3.4,1,14,u98235448,generic
21915,2026-07,28,junior,387.96,0.0,0.0,0.0,0.0,0.0,0.0,447.82,447.82,-59.86,-15.43,ahorro_insuficiente,2.8,0,15,u60341395,generic
20763,2025-12,37,senior,5244.61,0.0,410.68,0.0,0.0,0.0,0.0,334.83,745.51,4499.1,85.79,buen_ahorrador,2.8,2,16,expenseCheck_u26350274,es
13176,2023-05,31,medio,1988.0,0.0,128.71,0.0,99.15,0.0,0.0,114.01,341.87,1646.13,82.8,buen_ahorrador,5.9,1,13,u98235448,generic
10867,2024-10,37,senior,3198.0,0.0,0.0,0.0,0.0,0.0,0.0,375.8,375.8,2822.2,88.25,buen_ahorrador,1.5,2,12,u82144157,generic
10416,2024-08,31,medio,1941.3,0.0,30.6,0.0,157.91,0.0,0.0,113.17,301.68,1639.62,84.46,buen_ahorrador,3.4,1,15,u98235448,generic
26898,2025-08,28,senior,5497.0,0.0,321.03,0.0,0.0,0.0,0.0,316.46,637.49,4859.51,88.4,buen_ahorrador,2.8,2,14,expenseCheck_u26350274,es
36327,2026-01,26,senior,7753.17,0.0,343.97,0.0,0.0,0.0,0.0,129.43,473.4,7279.77,93.89,buen_ahorrador,2.8,2,16,expenseCheck_u26350274,es
31533,2026-06,29,junior,1611.4,0.0,0.0,0.0,0.0,0.0,0.0,869.7,869.7,741.7,46.03,buen_ahorrador,2.8,0,15,u83188312,generic
19246,2026-07,26,senior,7058.76,0.0,195.57,0.0,0.0,0.0,0.0,371.02,566.59,6492.17,91.97,buen_ahorrador,2.8,2,14,expenseCheck_u26350274,es
6807,2025-09,26,senior,6741.07,0.0,293.58,0.0,0.0,0.0,0.0,275.39,568.97,6172.1,91.56,buen_ahorrador,2.8,2,13,expenseCheck_u26350274,es
13902,2024-06,38,senior,5233.2,0.0,0.0,0.0,0.0,0.0,0.0,185.5,185.5,5047.7,96.46,buen_ahorrador,3.4,2,10,u82144157,generic
36376,2024-04,29,medio,1955.4,0.0,88.7,0.0,13.6,0.0,0.0,42.69,144.99,1810.41,92.59,buen_ahorrador,3.4,1,12,u98235448,generic
16504,2025-04,36,senior,3342.3,0.0,0.0,0.0,0.0,0.0,0.0,490.9,490.9,2851.4,85.31,buen_ahorrador,2.8,2,15,u82144157,generic
4132,2022-10,25,senior,3461.0,0.0,0.0,0.0,0.0,0.0,0.0,492.1,492.1,2968.9,85.78,buen_ahorrador,10.2,2,15,u82144157,generic
20799,2025-01,39,medio,1992.9,0.0,177.7,0.0,141.32,0.0,0.0,95.1,414.12,1578.78,79.22,buen_ahorrador,2.8,1,13,u98235448,generic
15190,2023-08,37,medio,2073.4,0.0,25.14,0.0,190.09,0.0,0.0,111.2,326.43,1746.97,84.26,buen_ahorrador,1.9,1,15,u98235448,generic
8661,2026-06,35,junior,1619.09,0.0,0.0,0.0,0.0,0.0,0.0,399.36,399.36,1219.73,75.33,buen_ahorrador,2.8,0,14,u86382190,generic
427,2024-03,29,senior,3835.9,0.0,0.0,0.0,0.0,0.0,0.0,484.2,484.2,3351.7,87.38,buen_ahorrador,3.4,2,15,u82144157,generic
29436,2024-03,26,senior,4136.4,0.0,0.0,0.0,0.0,0.0,0.0,504.2,504.2,3632.2,87.81,buen_ahorrador,3.4,2,16,u82144157,generic
36076,2022-08,37,senior,4805.5,0.0,0.0,0.0,0.0,0.0,0.0,347.9,347.9,4457.6,92.76,buen_ahorrador,10.2,2,15,u82144157,generic
5729,2025-08,36,senior,5551.9,0.0,0.0,0.0,0.0,0.0,0.0,280.6,280.6,5271.3,94.95,buen_ahorrador,2.8,2,12,u82144157,generic
4824,2026-04,32,junior,1580.95,0.0,0.0,0.0,0.0,0.0,0.0,195.13,195.13,1385.82,87.66,buen_ahorrador,2.8,0,10,u86382190,generic
1040,2022-02,36,senior,3314.6,0.0,0.0,0.0,0.0,0.0,0.0,425.6,425.6,2889.0,87.16,buen_ahorrador,6.1,2,13,u82144157,generic
38355,2024-07,34,medio,2039.0,0.0,137.9,0.0,126.86,0.0,0.0,148.9,413.66,1625.34,79.71,buen_ahorrador,3.4,1,14,u98235448,generic
30495,2026-06,27,medio,2100.4,14.29,447.13,21.89,295.61,0.0,0.0,1022.33,1801.25,299.15,14.24,ahorro_moderado,2.8,1,26,u74445512,de
4176,2025-03,28,senior,3408.8,0.0,0.0,0.0,0.0,0.0,0.0,317.1,317.1,3091.7,90.7,buen_ahorrador,2.8,2,11,u82144157,generic
20732,2026-03,38,senior,9466.95,0.0,162.36,0.0,0.0,0.0,0.0,205.71,368.07,9098.88,96.11,buen_ahorrador,2.8,2,7,expenseCheck_u24629591,generic
1518,2024-01,38,medio,2132.3,0.0,94.6,0.0,190.25,0.0,0.0,53.6,338.45,1793.85,84.13,buen_ahorrador,3.4,1,15,u98235448,generic
12896,2026-02,29,medio,2114.7,0.0,83.14,0.0,100.31,0.0,0.0,84.4,267.85,1846.85,87.33,buen_ahorrador,2.8,1,14,u98235448,generic
9832,2026-04,32,senior,8483.6,46.99,340.89,0.0,0.0,0.0,0.0,171.02,558.9,7924.7,93.41,buen_ahorrador,2.8,2,10,expenseCheck_u24629591,generic
17899,2024-06,26,senior,6003.8,0.0,0.0,0.0,0.0,0.0,0.0,499.5,499.5,5504.3,91.68,buen_ahorrador,3.4,2,15,u82144157,generic
30231,2026-05,25,medio,2117.97,0.0,1031.85,383.28,41.5,0.0,0.0,579.17,2035.8,82.17,3.88,ahorro_insuficiente,2.8,1,27,u74445512,de
4181,2025-07,34,senior,8559.46,0.0,453.5,0.0,0.0,0.0,0.0,11.66,465.16,8094.3,94.57,buen_ahorrador,2.8,2,9,expenseCheck_u24629591,generic
17061,2025-08,32,senior,8955.78,0.0,138.24,0.0,0.0,0.0,0.0,290.96,429.2,8526.58,95.21,buen_ahorrador,2.8,2,9,expenseCheck_u24629591,generic
29410,2025-12,32,senior,8616.17,184.41,116.19,0.0,0.0,0.0,0.0,176.55,477.15,8139.02,94.46,buen_ahorrador,2.8,2,9,expenseCheck_u24629591,generic
18772,2022-03,37,senior,4367.7,0.0,0.0,0.0,0.0,0.0,0.0,331.7,331.7,4036.0,92.41,buen_ahorrador,6.1,2,12,u82144157,generic
10365,2026-02,38,senior,5537.76,0.0,377.42,0.0,0.0,0.0,0.0,269.18,646.6,4891.16,88.32,buen_ahorrador,2.8,2,14,expenseCheck_u26350274,es
20803,2026-06,37,senior,5253.92,0.0,427.05,0.0,0.0,0.0,0.0,151.43,578.48,4675.44,88.99,buen_ahorrador,2.8,2,10,expenseCheck_u26350274,es
8627,2025-07,36,senior,8578.38,109.18,174.76,0.0,0.0,0.0,0.0,137.93,421.87,8156.51,95.08,buen_ahorrador,2.8,2,10,expenseCheck_u24629591,generic
19921,2026-06,26,senior,5222.06,0.0,301.8,0.0,0.0,0.0,0.0,843.36,1145.16,4076.9,78.07,buen_ahorrador,2.8,2,15,expenseCheck_u26350274,es
8180,2026-07,27,junior,1713.15,0.0,0.0,0.0,0.0,0.0,0.0,274.95,274.95,1438.2,83.95,buen_ahorrador,2.8,0,12,u83188312,generic
699,2023-08,31,senior,3418.7,0.0,0.0,0.0,0.0,0.0,0.0,461.3,461.3,2957.4,86.51,buen_ahorrador,1.9,2,15,u82144157,generic
17703,2025-02,36,senior,4708.2,0.0,0.0,0.0,0.0,0.0,0.0,344.8,344.8,4363.4,92.68,buen_ahorrador,2.8,2,12,u82144157,generic
6394,2023-05,38,medio,1970.8,0.0,29.0,0.0,126.89,0.0,0.0,48.4,204.29,1766.51,89.63,buen_ahorrador,5.9,1,10,u98235448,generic
7354,2026-07,32,junior,1553.9,0.0,0.0,0.0,0.0,0.0,0.0,417.18,417.18,1136.72,73.15,buen_ahorrador,2.8,0,12,u86382190,generic
24670,2026-02,32,senior,5148.55,0.0,908.68,0.0,0.0,0.0,0.0,566.2,1474.88,3673.67,71.35,buen_ahorrador,2.8,2,11,expenseCheck_u26350274,es
4628,2022-07,25,senior,4173.6,0.0,0.0,0.0,0.0,0.0,0.0,276.3,276.3,3897.3,93.38,buen_ahorrador,10.2,2,11,u82144157,generic
6867,2025-06,28,medio,2136.7,0.0,22.1,0.0,242.83,0.0,0.0,37.8,302.73,1833.97,85.83,buen_ahorrador,2.8,1,10,u98235448,generic
4250,2023-09,25,medio,2104.19,0.0,152.68,0.0,122.31,0.0,0.0,101.7,376.69,1727.5,82.1,buen_ahorrador,1.9,1,16,u98235448,generic
1137,2023-01,38,senior,3433.1,0.0,0.0,0.0,0.0,0.0,0.0,582.8,582.8,2850.3,83.02,buen_ahorrador,5.9,2,15,u82144157,generic
28177,2024-12,26,medio,1960.2,0.0,39.0,0.0,184.4,0.0,0.0,160.5,383.9,1576.3,80.42,buen_ahorrador,2.8,1,15,u98235448,generic
34632,2026-06,36,senior,6013.89,0.0,510.79,0.0,0.0,0.0,0.0,89.33,600.12,5413.77,90.02,buen_ahorrador,2.8,2,12,expenseCheck_u26350274,es
4078,2024-06,36,medio,2048.23,0.0,72.88,0.0,162.5,0.0,0.0,23.01,258.39,1789.84,87.38,buen_ahorrador,3.4,1,11,u98235448,generic
39349,2023-05,29,medio,1850.6,0.0,53.6,0.0,114.4,0.0,0.0,54.72,222.72,1627.88,87.96,buen_ahorrador,5.9,1,12,u98235448,generic
17936,2025-08,25,senior,3618.2,0.0,0.0,0.0,0.0,0.0,0.0,452.4,452.4,3165.8,87.5,buen_ahorrador,2.8,2,13,u82144157,generic
30851,2026-07,27,junior,606.1,0.0,0.0,0.0,0.0,0.0,0.0,353.5,353.5,252.6,41.68,buen_ahorrador,2.8,0,13,u60341395,generic
13836,2021-10,29,senior,3400.8,0.0,0.0,0.0,0.0,0.0,0.0,319.9,319.9,3080.9,90.59,buen_ahorrador,6.7,2,11,u82144157,generic
12800,2022-11,38,senior,3476.1,0.0,0.0,0.0,0.0,0.0,0.0,320.3,320.3,3155.8,90.79,buen_ahorrador,10.2,2,12,u82144157,generic
10791,2025-01,25,medio,1936.5,0.0,39.1,0.0,78.3,0.0,0.0,138.8,256.2,1680.3,86.77,buen_ahorrador,2.8,1,11,u98235448,generic
6042,2026-07,26,junior,1680.44,0.0,0.0,0.0,0.0,0.0,0.0,362.79,362.79,1317.65,78.41,buen_ahorrador,2.8,0,15,u86382190,generic
6485,2026-02,40,senior,8120.81,5.0,528.77,0.0,0.0,0.0,0.0,262.3,796.07,7324.74,90.2,buen_ahorrador,2.8,2,8,expenseCheck_u24629591,generic
13738,2025-11,28,senior,5623.1,0.0,437.28,0.0,0.0,0.0,0.0,52.07,489.35,5133.75,91.3,buen_ahorrador,2.8,2,10,expenseCheck_u26350274,es
9830,2026-01,40,medio,1846.81,0.0,66.43,0.0,46.2,0.0,0.0,203.6,316.23,1530.58,82.88,buen_ahorrador,2.8,1,14,u98235448,generic
4548,2024-12,36,senior,6371.1,0.0,0.0,0.0,0.0,0.0,0.0,411.1,411.1,5960.0,93.55,buen_ahorrador,2.8,2,16,u82144157,generic
11095,2026-03,27,senior,7680.72,0.0,1170.13,0.0,0.0,0.0,0.0,89.5,1259.63,6421.09,83.6,buen_ahorrador,2.8,2,15,expenseCheck_u26350274,es
38317,2022-07,25,senior,3244.8,0.0,0.0,0.0,0.0,0.0,0.0,290.4,290.4,2954.4,91.05,buen_ahorrador,10.2,2,11,u82144157,generic
29580,2026-06,30,junior,1618.5,0.0,0.0,0.0,0.0,0.0,0.0,324.31,324.31,1294.19,79.96,buen_ahorrador,2.8,0,10,u83188312,generic
15240,2023-08,36,medio,2018.5,0.0,55.4,0.0,184.7,0.0,0.0,180.19,420.29,1598.21,79.18,buen_ahorrador,1.9,1,15,u98235448,generic
32913,2025-04,38,senior,3391.7,0.0,0.0,0.0,0.0,0.0,0.0,259.1,259.1,3132.6,92.36,buen_ahorrador,2.8,2,10,u82144157,generic
15559,2026-01,25,junior,1648.13,0.0,0.0,0.0,0.0,0.0,0.0,427.89,427.89,1220.24,74.04,buen_ahorrador,2.8,0,12,u86382190,generic
5099,2025-12,34,senior,6393.16,0.0,685.86,0.0,0.0,0.0,0.0,162.81,848.67,5544.49,86.73,buen_ahorrador,2.8,2,12,expenseCheck_u26350274,es
20791,2025-12,33,senior,8516.5,0.0,696.67,0.0,0.0,0.0,0.0,172.89,869.56,7646.94,89.79,buen_ahorrador,2.8,2,9,expenseCheck_u24629591,generic
127,2025-07,30,senior,9545.06,0.0,60.39,0.0,0.0,0.0,0.0,260.47,320.86,9224.2,96.64,buen_ahorrador,2.8,2,8,expenseCheck_u24629591,generic
11732,2025-04,29,senior,3571.9,0.0,0.0,0.0,0.0,0.0,0.0,427.4,427.4,3144.5,88.03,buen_ahorrador,2.8,2,14,u82144157,generic
37809,2025-08,32,medio,2048.9,0.0,119.9,0.0,102.4,0.0,0.0,89.95,312.25,1736.65,84.76,buen_ahorrador,2.8,1,14,u98235448,generic
7339,2022-12,39,senior,3232.8,0.0,0.0,0.0,0.0,0.0,0.0,418.3,418.3,2814.5,87.06,buen_ahorrador,5.7,2,12,u82144157,generic
29417,2026-06,38,junior,392.5,0.0,0.0,0.0,0.0,0.0,0.0,494.8,494.8,-102.3,-26.06,ahorro_insuficiente,2.8,0,15,u60341395,generic
5317,2025-03,35,senior,5144.5,0.0,0.0,0.0,0.0,0.0,0.0,341.0,341.0,4803.5,93.37,buen_ahorrador,2.8,2,13,u82144157,generic
8856,2024-06,25,freelance,3347.0,0.0,0.0,0.0,0.0,0.0,0.0,401.3,401.3,2945.7,88.01,buen_ahorrador,3.4,3,15,u82144157,generic
6480,2025-07,35,senior,3342.6,0.0,0.0,0.0,0.0,0.0,0.0,302.6,302.6,3040.0,90.95,buen_ahorrador,2.8,2,11,u82144157,generic
15391,2025-10,40,medio,2001.6,0.0,35.3,0.0,99.8,0.0,0.0,135.9,271.0,1730.6,86.46,buen_ahorrador,2.8,1,15,u98235448,generic
26780,2025-11,38,medio,2106.8,0.0,0.0,0.0,158.4,0.0,0.0,131.23,289.63,1817.17,86.25,buen_ahorrador,2.8,1,11,u98235448,generic
1539,2026-05,40,senior,6629.2,0.0,450.27,0.0,0.0,0.0,0.0,169.45,619.72,6009.48,90.65,buen_ahorrador,2.8,2,13,expenseCheck_u26350274,es
92,2023-04,40,medio,1973.87,0.0,59.8,0.0,72.95,0.0,0.0,181.03,313.78,1660.09,84.1,buen_ahorrador,5.9,1,14,u98235448,generic
4170,2025-02,36,medio,1948.6,0.0,47.6,0.0,206.5,0.0,0.0,8.5,262.6,1686.0,86.52,buen_ahorrador,2.8,1,11,u98235448,generic
7031,2022-08,34,senior,5108.5,0.0,0.0,0.0,0.0,0.0,0.0,430.7,430.7,4677.8,91.57,buen_ahorrador,10.2,2,16,u82144157,generic
1434,2025-06,26,medio,2105.0,0.0,73.99,0.0,154.2,0.0,0.0,30.22,258.41,1846.59,87.72,buen_ahorrador,2.8,1,11,u98235448,generic
231,2025-09,29,senior,3435.2,0.0,0.0,0.0,0.0,0.0,0.0,258.9,258.9,3176.3,92.46,buen_ahorrador,2.8,2,11,u82144157,generic
16558,2026-04,40,junior,1663.49,0.0,0.0,0.0,0.0,0.0,0.0,323.87,323.87,1339.62,80.53,buen_ahorrador,2.8,0,11,u86382190,generic
444,2025-11,39,senior,8547.15,241.73,82.5,0.0,0.0,0.0,0.0,192.04,516.27,8030.88,93.96,buen_ahorrador,2.8,2,9,expenseCheck_u24629591,generic
6900,2025-07,40,senior,5230.8,0.0,0.0,0.0,0.0,0.0,0.0,303.8,303.8,4927.0,94.19,buen_ahorrador,2.8,2,11,u82144157,generic
26343,2024-05,32,senior,3427.9,0.0,0.0,0.0,0.0,0.0,0.0,370.8,370.8,3057.1,89.18,buen_ahorrador,3.4,2,10,u82144157,generic
4150,2026-01,28,senior,8489.42,0.0,137.33,0.0,0.0,0.0,0.0,145.14,282.47,8206.95,96.67,buen_ahorrador,2.8,2,10,expenseCheck_u24629591,generic
30794,2023-11,34,medio,1918.4,0.0,69.1,0.0,31.0,0.0,0.0,101.2,201.3,1717.1,89.51,buen_ahorrador,1.9,1,12,u98235448,generic
15497,2026-05,38,senior,8453.07,58.5,146.37,0.0,0.0,0.0,0.0,219.35,424.22,8028.85,94.98,buen_ahorrador,2.8,2,7,expenseCheck_u24629591,generic
32910,2026-07,36,medio,2136.52,31.83,603.56,0.0,0.0,0.0,0.0,501.53,1136.92,999.6,46.79,buen_ahorrador,2.8,1,26,u74445512,de
18312,2023-01,32,senior,3509.8,0.0,0.0,0.0,0.0,0.0,0.0,371.8,371.8,3138.0,89.41,buen_ahorrador,5.9,2,15,u82144157,generic
25995,2026-05,38,medio,1916.16,0.0,488.04,34.93,5.77,0.0,0.0,2093.56,2622.3,-706.14,-36.85,ahorro_insuficiente,2.8,1,36,u74445512,de
29557,2026-06,26,medio,2045.7,0.0,39.6,0.0,191.7,0.0,0.0,57.5,288.8,1756.9,85.88,buen_ahorrador,2.8,1,15,u98235448,generic
13301,2023-09,40,medio,1897.42,0.0,34.5,0.0,152.34,0.0,0.0,55.7,242.54,1654.88,87.22,buen_ahorrador,1.9,1,13,u98235448,generic
14658,2026-07,32,senior,5826.58,0.0,1375.44,0.0,0.0,0.0,0.0,21.91,1397.35,4429.23,76.02,buen_ahorrador,2.8,2,12,expenseCheck_u26350274,es
20328,2026-05,26,senior,5354.15,0.0,551.68,0.0,73.1,0.0,0.0,251.51,876.29,4477.86,83.63,buen_ahorrador,2.8,2,16,expenseCheck_u26350274,es
30312,2023-10,27,senior,4633.4,0.0,0.0,0.0,0.0,0.0,0.0,377.8,377.8,4255.6,91.85,buen_ahorrador,1.9,2,11,u82144157,generic
28859,2023-09,30,medio,2135.3,0.0,84.4,0.0,214.04,0.0,0.0,63.55,361.99,1773.31,83.05,buen_ahorrador,1.9,1,14,u98235448,generic
11888,2022-01,28,senior,3403.8,0.0,0.0,0.0,0.0,0.0,0.0,294.4,294.4,3109.4,91.35,buen_ahorrador,6.1,2,13,u82144157,generic
4253,2022-04,28,senior,5826.3,0.0,0.0,0.0,0.0,0.0,0.0,395.6,395.6,5430.7,93.21,buen_ahorrador,6.1,2,12,u82144157,generic
29530,2026-02,26,senior,9045.11,173.55,430.01,0.0,0.0,0.0,0.0,398.01,1001.57,8043.54,88.93,buen_ahorrador,2.8,2,8,expenseCheck_u24629591,generic
34910,2024-12,30,senior,4260.1,0.0,0.0,0.0,0.0,0.0,0.0,343.2,343.2,3916.9,91.94,buen_ahorrador,2.8,2,13,u82144157,generic
19172,2026-03,28,senior,9035.9,0.0,264.28,0.0,0.0,0.0,0.0,85.93,350.21,8685.69,96.12,buen_ahorrador,2.8,2,10,expenseCheck_u24629591,generic
4615,2025-11,34,senior,5910.6,0.0,0.0,0.0,0.0,0.0,0.0,511.7,511.7,5398.9,91.34,buen_ahorrador,2.8,2,15,u82144157,generic
18153,2026-06,39,junior,1569.57,0.0,0.0,0.0,0.0,0.0,0.0,383.1,383.1,1186.47,75.59,buen_ahorrador,2.8,0,13,u86382190,generic
4652,2026-07,40,junior,1503.64,0.0,0.0,0.0,0.0,0.0,0.0,372.46,372.46,1131.18,75.23,buen_ahorrador,2.8,0,10,u86382190,generic
4715,2025-10,40,senior,5436.5,0.0,0.0,0.0,0.0,0.0,0.0,473.5,473.5,4963.0,91.29,buen_ahorrador,2.8,2,16,u82144157,generic
35672,2025-10,28,medio,2047.5,0.0,6.62,0.0,75.7,0.0,0.0,127.13,209.45,1838.05,89.77,buen_ahorrador,2.8,1,12,u98235448,generic
12443,2026-02,33,junior,1669.34,0.0,0.0,0.0,0.0,0.0,0.0,400.37,400.37,1268.97,76.02,buen_ahorrador,2.8,0,12,u86382190,generic
10830,2025-01,36,medio,1901.3,0.0,89.15,0.0,65.7,0.0,0.0,187.29,342.14,1559.16,82.0,buen_ahorrador,2.8,1,15,u98235448,generic
29370,2023-06,33,medio,2063.6,0.0,56.9,0.0,120.75,0.0,0.0,153.02,330.67,1732.93,83.98,buen_ahorrador,1.9,1,15,u98235448,generic
4260,2024-12,31,medio,2128.5,0.0,17.9,0.0,81.1,0.0,0.0,111.0,210.0,1918.5,90.13,buen_ahorrador,2.8,1,11,u98235448,generic
20106,2021-12,39,senior,5830.8,0.0,0.0,0.0,0.0,0.0,0.0,224.5,224.5,5606.3,96.15,buen_ahorrador,6.7,2,11,u82144157,generic
20713,2021-08,35,senior,5004.1,0.0,0.0,0.0,0.0,0.0,0.0,243.7,243.7,4760.4,95.13,buen_ahorrador,6.7,2,11,u82144157,generic
15234,2026-01,25,medio,1964.07,0.0,46.6,0.0,60.5,0.0,0.0,178.2,285.3,1678.77,85.47,buen_ahorrador,2.8,1,11,u98235448,generic
29720,2026-02,31,senior,9630.0,678.88,71.01,0.0,0.0,0.0,0.0,99.57,849.46,8780.54,91.18,buen_ahorrador,2.8,2,8,expenseCheck_u24629591,generic
4269,2024-07,37,medio,2097.25,0.0,30.6,0.0,71.65,0.0,0.0,102.13,204.38,1892.87,90.25,buen_ahorrador,3.4,1,13,u98235448,generic
4579,2023-11,33,senior,4692.3,0.0,0.0,0.0,0.0,0.0,0.0,408.3,408.3,4284.0,91.3,buen_ahorrador,1.9,2,12,u82144157,generic
29433,2021-10,30,senior,4574.8,0.0,0.0,0.0,0.0,0.0,0.0,312.8,312.8,4262.0,93.16,buen_ahorrador,6.7,2,14,u82144157,generic
8943,2025-12,26,medio,2031.57,0.0,83.8,0.0,96.38,0.0,0.0,87.9,268.08,1763.49,86.8,buen_ahorrador,2.8,1,11,u98235448,generic
318,2026-01,25,senior,5224.93,0.0,617.99,0.0,0.0,0.0,0.0,75.43,693.42,4531.51,86.73,buen_ahorrador,2.8,2,11,expenseCheck_u26350274,es
13970,2023-09,32,senior,5233.6,0.0,0.0,0.0,0.0,0.0,0.0,377.2,377.2,4856.4,92.79,buen_ahorrador,1.9,2,15,u82144157,generic
13472,2025-06,40,senior,5383.1,0.0,0.0,0.0,0.0,0.0,0.0,458.8,458.8,4924.3,91.48,buen_ahorrador,2.8,2,15,u82144157,generic
20044,2026-06,25,senior,5566.5,0.0,855.38,0.0,0.0,0.0,0.0,119.63,975.01,4591.49,82.48,buen_ahorrador,2.8,2,14,expenseCheck_u26350274,es
6462,2024-02,36,senior,4033.4,0.0,0.0,0.0,0.0,0.0,0.0,405.7,405.7,3627.7,89.94,buen_ahorrador,3.4,2,12,u82144157,generic
12465,2024-09,28,medio,2025.3,0.0,47.97,0.0,131.0,0.0,0.0,68.94,247.91,1777.39,87.76,buen_ahorrador,1.5,1,15,u98235448,generic
21335,2026-06,37,junior,401.9,0.0,0.0,0.0,0.0,0.0,0.0,221.7,221.7,180.2,44.84,buen_ahorrador,2.8,0,10,u60341395,generic
4649,2025-09,36,senior,8572.47,60.71,401.73,0.0,0.0,0.0,0.0,168.38,630.82,7941.65,92.64,buen_ahorrador,2.8,2,10,expenseCheck_u24629591,generic
4214,2021-09,38,senior,4903.0,0.0,0.0,0.0,0.0,0.0,0.0,417.3,417.3,4485.7,91.49,buen_ahorrador,6.7,2,14,u82144157,generic
16513,2025-03,33,medio,2030.7,0.0,22.66,0.0,90.27,0.0,0.0,124.9,237.83,1792.87,88.29,buen_ahorrador,2.8,1,13,u98235448,generic
33309,2025-03,31,senior,3215.7,0.0,0.0,0.0,0.0,0.0,0.0,442.3,442.3,2773.4,86.25,buen_ahorrador,2.8,2,12,u82144157,generic
29460,2023-07,36,medio,2039.0,0.0,28.3,0.0,25.7,0.0,0.0,80.75,134.75,1904.25,93.39,buen_ahorrador,1.9,1,13,u98235448,generic
6914,2023-03,28,senior,5840.1,0.0,0.0,0.0,0.0,0.0,0.0,381.5,381.5,5458.6,93.47,buen_ahorrador,5.9,2,15,u82144157,generic
8649,2026-06,30,junior,579.6,0.0,0.0,0.0,0.0,0.0,0.0,332.97,332.97,246.63,42.55,buen_ahorrador,2.8,0,16,u60341395,generic
15877,2025-02,40,medio,1980.9,0.0,99.5,0.0,96.1,0.0,0.0,38.0,233.6,1747.3,88.21,buen_ahorrador,2.8,1,12,u98235448,generic
4042,2021-11,29,senior,3780.1,0.0,0.0,0.0,0.0,0.0,0.0,326.7,326.7,3453.4,91.36,buen_ahorrador,6.7,2,12,u82144157,generic
6281,2023-06,31,senior,3364.1,0.0,0.0,0.0,0.0,0.0,0.0,373.0,373.0,2991.1,88.91,buen_ahorrador,1.9,2,13,u82144157,generic
26441,2025-05,30,senior,3130.1,0.0,0.0,0.0,0.0,0.0,0.0,275.0,275.0,2855.1,91.21,buen_ahorrador,2.8,2,11,u82144157,generic
20103,2025-10,28,senior,4668.4,0.0,0.0,0.0,0.0,0.0,0.0,281.5,281.5,4386.9,93.97,buen_ahorrador,2.8,2,12,u82144157,generic
13638,2026-03,34,senior,7650.66,0.0,669.07,0.0,0.0,0.0,0.0,17.9,686.97,6963.69,91.02,buen_ahorrador,2.8,2,15,expenseCheck_u26350274,es
37438,2026-02,38,senior,8963.37,198.6,509.52,0.0,0.0,0.0,0.0,294.25,1002.37,7961.0,88.82,buen_ahorrador,2.8,2,9,expenseCheck_u24629591,generic
24653,2025-10,36,medio,2047.3,0.0,0.0,0.0,123.79,0.0,0.0,157.04,280.83,1766.47,86.28,buen_ahorrador,2.8,1,12,u98235448,generic
834,2021-10,30,senior,4883.2,0.0,0.0,0.0,0.0,0.0,0.0,228.8,228.8,4654.4,95.31,buen_ahorrador,6.7,2,12,u82144157,generic
650,2025-08,30,senior,5794.1,0.0,0.0,0.0,0.0,0.0,0.0,365.8,365.8,5428.3,93.69,buen_ahorrador,2.8,2,13,u82144157,generic
29400,2026-06,39,medio,1949.46,165.18,374.6,92.8,28.02,0.0,0.0,647.78,1308.38,641.08,32.89,buen_ahorrador,2.8,1,31,u74445512,de
13786,2021-08,34,senior,3447.2,0.0,0.0,0.0,0.0,0.0,0.0,376.5,376.5,3070.7,89.08,buen_ahorrador,6.7,2,12,u82144157,generic
13868,2024-05,39,medio,2053.2,0.0,0.0,0.0,89.4,0.0,0.0,168.08,257.48,1795.72,87.46,buen_ahorrador,3.4,1,13,u98235448,generic
30234,2022-06,28,senior,3233.0,0.0,0.0,0.0,0.0,0.0,0.0,523.2,523.2,2709.8,83.82,buen_ahorrador,10.2,2,14,u82144157,generic
4169,2025-01,25,senior,5247.1,0.0,0.0,0.0,0.0,0.0,0.0,502.9,502.9,4744.2,90.42,buen_ahorrador,2.8,2,14,u82144157,generic
16950,2023-03,26,senior,4939.9,0.0,0.0,0.0,0.0,0.0,0.0,265.7,265.7,4674.2,94.62,buen_ahorrador,5.9,2,12,u82144157,generic
8531,2024-05,38,senior,3472.6,0.0,0.0,0.0,0.0,0.0,0.0,498.3,498.3,2974.3,85.65,buen_ahorrador,3.4,2,15,u82144157,generic
580,2024-12,38,medio,2037.0,0.0,52.27,0.0,97.35,0.0,0.0,64.19,213.81,1823.19,89.5,buen_ahorrador,2.8,1,16,u98235448,generic
4628,2024-06,25,senior,5182.1,0.0,0.0,0.0,0.0,0.0,0.0,303.6,303.6,4878.5,94.14,buen_ahorrador,3.4,2,11,u82144157,generic
17964,2026-03,36,senior,5349.22,0.0,516.9,0.0,0.0,0.0,0.0,177.99,694.89,4654.33,87.01,buen_ahorrador,2.8,2,14,expenseCheck_u26350274,es
4535,2025-02,35,senior,5221.2,0.0,0.0,0.0,0.0,0.0,0.0,345.2,345.2,4876.0,93.39,buen_ahorrador,2.8,2,12,u82144157,generic
348,2023-09,27,senior,5596.8,0.0,0.0,0.0,0.0,0.0,0.0,339.4,339.4,5257.4,93.94,buen_ahorrador,1.9,2,14,u82144157,generic
1496,2025-01,29,senior,3546.4,0.0,0.0,0.0,0.0,0.0,0.0,212.4,212.4,3334.0,94.01,buen_ahorrador,2.8,2,11,u82144157,generic
26843,2026-04,38,senior,9211.25,0.0,244.52,0.0,0.0,0.0,0.0,149.05,393.57,8817.68,95.73,buen_ahorrador,2.8,2,8,expenseCheck_u24629591,generic
10672,2023-10,25,senior,3685.4,0.0,0.0,0.0,0.0,0.0,0.0,387.0,387.0,3298.4,89.5,buen_ahorrador,1.9,2,12,u82144157,generic
19711,2025-11,25,senior,8427.42,27.17,0.0,0.0,0.0,0.0,0.0,803.92,831.09,7596.33,90.14,buen_ahorrador,2.8,2,8,expenseCheck_u24629591,generic
346,2025-01,28,medio,2065.3,0.0,8.3,0.0,71.5,0.0,0.0,41.3,121.1,1944.2,94.14,buen_ahorrador,2.8,1,12,u98235448,generic
30780,2024-04,25,senior,4814.8,0.0,0.0,0.0,0.0,0.0,0.0,308.4,308.4,4506.4,93.59,buen_ahorrador,3.4,2,13,u82144157,generic
8107,2026-05,26,medio,1918.4,0.0,449.6,117.01,0.0,0.0,0.0,368.23,934.84,983.56,51.27,buen_ahorrador,2.8,1,25,u74445512,de
30444,2026-06,35,junior,421.95,0.0,0.0,0.0,0.0,0.0,0.0,453.98,453.98,-32.03,-7.59,ahorro_insuficiente,2.8,0,13,u60341395,generic
38345,2025-04,27,senior,4343.0,0.0,0.0,0.0,0.0,0.0,0.0,362.8,362.8,3980.2,91.65,buen_ahorrador,2.8,2,12,u82144157,generic
13405,2024-11,31,senior,3291.6,0.0,0.0,0.0,0.0,0.0,0.0,340.5,340.5,2951.1,89.66,buen_ahorrador,1.5,2,11,u82144157,generic
4663,2021-09,27,senior,3805.3,0.0,0.0,0.0,0.0,0.0,0.0,455.5,455.5,3349.8,88.03,buen_ahorrador,6.7,2,13,u82144157,generic
10961,2022-07,38,senior,3215.1,0.0,0.0,0.0,0.0,0.0,0.0,241.5,241.5,2973.6,92.49,buen_ahorrador,10.2,2,11,u82144157,generic
10278,2023-07,29,senior,4393.4,0.0,0.0,0.0,0.0,0.0,0.0,494.2,494.2,3899.2,88.75,buen_ahorrador,1.9,2,14,u82144157,generic
13065,2024-04,38,medio,1966.6,0.0,51.5,0.0,110.0,0.0,0.0,96.7,258.2,1708.4,86.87,buen_ahorrador,3.4,1,12,u98235448,generic
630,2025-11,33,senior,6515.93,0.0,574.81,0.0,0.0,0.0,0.0,198.93,773.74,5742.19,88.13,buen_ahorrador,2.8,2,11,expenseCheck_u26350274,es
38044,2025-08,40,senior,3289.9,0.0,0.0,0.0,0.0,0.0,0.0,387.1,387.1,2902.8,88.23,buen_ahorrador,2.8,2,11,u82144157,generic
33666,2024-04,27,senior,3306.9,0.0,0.0,0.0,0.0,0.0,0.0,455.5,455.5,2851.4,86.23,buen_ahorrador,3.4,2,14,u82144157,generic
21343,2026-05,31,senior,7253.92,0.0,400.97,0.0,0.0,0.0,0.0,178.9,579.87,6674.05,92.01,buen_ahorrador,2.8,2,15,expenseCheck_u26350274,es
23306,2025-03,25,medio,1962.6,0.0,64.8,0.0,131.69,0.0,0.0,93.7,290.19,1672.41,85.21,buen_ahorrador,2.8,1,14,u98235448,generic
38334,2023-12,27,medio,1956.0,0.0,32.3,0.0,53.21,0.0,0.0,96.59,182.1,1773.9,90.69,buen_ahorrador,3.3,1,13,u98235448,generic
15176,2025-09,31,senior,6600.14,0.0,532.69,0.0,0.0,0.0,0.0,120.82,653.51,5946.63,90.1,buen_ahorrador,2.8,2,15,expenseCheck_u26350274,es
39379,2026-07,36,junior,1689.59,0.0,0.0,0.0,0.0,0.0,0.0,402.61,402.61,1286.98,76.17,buen_ahorrador,2.8,0,13,u86382190,generic
4324,2025-06,26,medio,1991.8,0.0,31.8,0.0,81.78,0.0,0.0,108.84,222.42,1769.38,88.83,buen_ahorrador,2.8,1,11,u98235448,generic
26785,2024-09,28,senior,5192.1,0.0,0.0,0.0,0.0,0.0,0.0,427.9,427.9,4764.2,91.76,buen_ahorrador,1.5,2,16,u82144157,generic
1372,2022-03,36,senior,3472.5,0.0,0.0,0.0,0.0,0.0,0.0,485.7,485.7,2986.8,86.01,buen_ahorrador,6.1,2,15,u82144157,generic
29441,2025-12,28,senior,8954.14,178.62,134.91,0.0,0.0,0.0,0.0,465.52,779.05,8175.09,91.3,buen_ahorrador,2.8,2,10,expenseCheck_u24629591,generic
6362,2025-09,28,senior,5020.6,0.0,0.0,0.0,0.0,0.0,0.0,456.7,456.7,4563.9,90.9,buen_ahorrador,2.8,2,15,u82144157,generic
19248,2024-09,27,medio,2045.95,0.0,7.0,0.0,80.98,0.0,0.0,51.53,139.51,1906.44,93.18,buen_ahorrador,1.5,1,11,u98235448,generic
39530,2023-02,39,senior,4861.0,0.0,0.0,0.0,0.0,0.0,0.0,409.3,409.3,4451.7,91.58,buen_ahorrador,5.9,2,13,u82144157,generic
26169,2024-02,33,medio,2072.3,0.0,54.0,0.0,163.98,0.0,0.0,135.2,353.18,1719.12,82.96,buen_ahorrador,3.4,1,12,u98235448,generic
36209,2026-04,34,senior,8632.47,0.0,619.06,0.0,0.0,0.0,0.0,154.3,773.36,7859.11,91.04,buen_ahorrador,2.8,2,14,expenseCheck_u26350274,es
18718,2024-09,34,senior,4104.5,0.0,0.0,0.0,0.0,0.0,0.0,476.5,476.5,3628.0,88.39,buen_ahorrador,1.5,2,15,u82144157,generic
6420,2022-11,38,senior,3228.6,0.0,0.0,0.0,0.0,0.0,0.0,374.9,374.9,2853.7,88.39,buen_ahorrador,10.2,2,11,u82144157,generic
163,2022-09,35,senior,3364.3,0.0,0.0,0.0,0.0,0.0,0.0,428.9,428.9,2935.4,87.25,buen_ahorrador,10.2,2,14,u82144157,generic
29420,2026-05,36,senior,9070.19,0.0,372.09,0.0,0.0,0.0,0.0,357.48,729.57,8340.62,91.96,buen_ahorrador,2.8,2,10,expenseCheck_u24629591,generic
13707,2026-01,28,junior,1747.2,0.0,0.0,0.0,0.0,0.0,0.0,429.19,429.19,1318.01,75.44,buen_ahorrador,2.8,0,14,u86382190,generic
37830,2026-01,29,medio,1980.4,0.0,93.5,0.0,57.5,0.0,0.0,112.61,263.61,1716.79,86.69,buen_ahorrador,2.8,1,16,u98235448,generic
20712,2026-03,33,medio,1991.7,0.0,247.3,0.0,45.8,0.0,0.0,100.24,393.34,1598.36,80.25,buen_ahorrador,2.8,1,16,u98235448,generic
16351,2022-10,30,senior,4666.5,0.0,0.0,0.0,0.0,0.0,0.0,302.6,302.6,4363.9,93.52,buen_ahorrador,10.2,2,11,u82144157,generic
25168,2024-03,33,senior,3567.1,0.0,0.0,0.0,0.0,0.0,0.0,469.7,469.7,3097.4,86.83,buen_ahorrador,3.4,2,14,u82144157,generic
33686,2024-04,27,senior,3333.4,0.0,0.0,0.0,0.0,0.0,0.0,406.4,406.4,2927.0,87.81,buen_ahorrador,3.4,2,13,u82144157,generic
662,2025-03,25,medio,1851.1,0.0,83.8,0.0,52.14,0.0,0.0,142.78,278.72,1572.38,84.94,buen_ahorrador,2.8,1,14,u98235448,generic
18766,2025-05,36,senior,5540.2,0.0,0.0,0.0,0.0,0.0,0.0,400.8,400.8,5139.4,92.77,buen_ahorrador,2.8,2,14,u82144157,generic
9035,2025-09,28,senior,8097.92,0.0,354.12,0.0,0.0,0.0,0.0,101.73,455.85,7642.07,94.37,buen_ahorrador,2.8,2,12,expenseCheck_u26350274,es
28838,2026-05,31,medio,2038.3,0.0,113.6,0.0,151.1,0.0,0.0,82.5,347.2,1691.1,82.97,buen_ahorrador,2.8,1,14,u98235448,generic
16739,2022-10,31,senior,3550.7,0.0,0.0,0.0,0.0,0.0,0.0,518.1,518.1,3032.6,85.41,buen_ahorrador,10.2,2,16,u82144157,generic
15105,2021-12,25,freelance,3230.9,0.0,0.0,0.0,0.0,0.0,0.0,439.5,439.5,2791.4,86.4,buen_ahorrador,6.7,3,16,u82144157,generic
29424,2025-09,31,senior,3387.8,0.0,0.0,0.0,0.0,0.0,0.0,431.9,431.9,2955.9,87.25,buen_ahorrador,2.8,2,13,u82144157,generic
19519,2024-03,34,medio,2055.0,0.0,83.9,0.0,184.0,0.0,0.0,47.0,314.9,1740.1,84.68,buen_ahorrador,3.4,1,16,u98235448,generic
24162,2025-11,32,senior,3724.7,0.0,0.0,0.0,0.0,0.0,0.0,420.3,420.3,3304.4,88.72,buen_ahorrador,2.8,2,13,u82144157,generic
9105,2026-07,31,senior,5590.63,0.0,429.71,0.0,0.0,0.0,0.0,191.23,620.94,4969.69,88.89,buen_ahorrador,2.8,2,12,expenseCheck_u26350274,es
12350,2021-08,28,senior,3742.3,0.0,0.0,0.0,0.0,0.0,0.0,244.2,244.2,3498.1,93.47,buen_ahorrador,6.7,2,10,u82144157,generic
4579,2025-11,33,senior,3457.7,0.0,0.0,0.0,0.0,0.0,0.0,506.6,506.6,2951.1,85.35,buen_ahorrador,2.8,2,14,u82144157,generic
19917,2022-10,29,senior,4636.9,0.0,0.0,0.0,0.0,0.0,0.0,321.2,321.2,4315.7,93.07,buen_ahorrador,10.2,2,12,u82144157,generic
31519,2024-03,34,medio,2058.7,0.0,47.5,0.0,87.2,0.0,0.0,27.1,161.8,1896.9,92.14,buen_ahorrador,3.4,1,11,u98235448,generic
29518,2024-08,40,medio,2175.3,0.0,10.5,0.0,148.05,0.0,0.0,80.3,238.85,1936.45,89.02,buen_ahorrador,3.4,1,12,u98235448,generic
38645,2025-08,27,senior,6413.9,0.0,0.0,0.0,0.0,0.0,0.0,244.0,244.0,6169.9,96.2,buen_ahorrador,2.8,2,11,u82144157,generic
25866,2026-05,34,medio,1995.74,0.0,61.82,0.0,73.4,0.0,0.0,114.7,249.92,1745.82,87.48,buen_ahorrador,2.8,1,12,u98235448,generic
28721,2025-05,29,medio,1924.94,0.0,84.7,0.0,123.0,0.0,0.0,115.3,323.0,1601.94,83.22,buen_ahorrador,2.8,1,15,u98235448,generic
29394,2025-07,27,senior,3941.2,0.0,0.0,0.0,0.0,0.0,0.0,397.3,397.3,3543.9,89.92,buen_ahorrador,2.8,2,14,u82144157,generic
231,2025-07,29,senior,4408.2,0.0,0.0,0.0,0.0,0.0,0.0,365.6,365.6,4042.6,91.71,buen_ahorrador,2.8,2,13,u82144157,generic
5073,2023-09,35,medio,2019.9,0.0,0.0,0.0,201.71,0.0,0.0,51.35,253.06,1766.84,87.47,buen_ahorrador,1.9,1,14,u98235448,generic
9630,2022-07,29,senior,7001.2,0.0,0.0,0.0,0.0,0.0,0.0,369.3,369.3,6631.9,94.73,buen_ahorrador,10.2,2,15,u82144157,generic
4169,2024-10,25,senior,3408.1,0.0,0.0,0.0,0.0,0.0,0.0,438.8,438.8,2969.3,87.12,buen_ahorrador,1.5,2,15,u82144157,generic
30213,2021-10,28,senior,3469.6,0.0,0.0,0.0,0.0,0.0,0.0,333.4,333.4,3136.2,90.39,buen_ahorrador,6.7,2,14,u82144157,generic
8408,2023-02,40,senior,3694.6,0.0,0.0,0.0,0.0,0.0,0.0,367.2,367.2,3327.4,90.06,buen_ahorrador,5.9,2,13,u82144157,generic
18749,2023-12,25,medio,2020.86,0.0,43.2,0.0,188.44,0.0,0.0,127.1,358.74,1662.12,82.25,buen_ahorrador,3.3,1,16,u98235448,generic
16571,2024-02,26,senior,3463.9,0.0,0.0,0.0,0.0,0.0,0.0,393.1,393.1,3070.8,88.65,buen_ahorrador,3.4,2,12,u82144157,generic
31146,2024-08,40,senior,5058.0,0.0,0.0,0.0,0.0,0.0,0.0,224.2,224.2,4833.8,95.57,buen_ahorrador,3.4,2,11,u82144157,generic
20972,2026-06,32,medio,2019.6,0.0,65.11,0.0,92.3,0.0,0.0,178.14,335.55,1684.05,83.39,buen_ahorrador,2.8,1,15,u98235448,generic
10192,2026-03,35,senior,7291.06,0.0,593.78,0.0,0.0,0.0,0.0,75.3,669.08,6621.98,90.82,buen_ahorrador,2.8,2,16,expenseCheck_u26350274,es
20518,2023-05,40,senior,3290.6,0.0,0.0,0.0,0.0,0.0,0.0,412.7,412.7,2877.9,87.46,buen_ahorrador,5.9,2,15,u82144157,generic
33659,2024-05,32,senior,5440.9,0.0,0.0,0.0,0.0,0.0,0.0,486.2,486.2,4954.7,91.06,buen_ahorrador,3.4,2,16,u82144157,generic
29413,2025-02,38,medio,2076.24,0.0,46.3,0.0,95.89,0.0,0.0,132.45,274.64,1801.6,86.77,buen_ahorrador,2.8,1,12,u98235448,generic
27508,2026-06,34,junior,1586.82,0.0,0.0,0.0,0.0,0.0,0.0,440.83,440.83,1145.99,72.22,buen_ahorrador,2.8,0,14,u86382190,generic
18777,2024-03,28,medio,1984.7,0.0,34.6,0.0,126.3,0.0,0.0,162.5,323.4,1661.3,83.71,buen_ahorrador,3.4,1,15,u98235448,generic
26169,2026-06,33,medio,2080.39,0.0,56.7,0.0,110.84,0.0,0.0,122.42,289.96,1790.43,86.06,buen_ahorrador,2.8,1,13,u98235448,generic
8728,2022-01,30,senior,4388.4,0.0,0.0,0.0,0.0,0.0,0.0,368.7,368.7,4019.7,91.6,buen_ahorrador,6.1,2,11,u82144157,generic
11671,2025-10,40,senior,9549.23,19.55,251.42,0.0,0.0,0.0,0.0,243.5,514.47,9034.76,94.61,buen_ahorrador,2.8,2,10,expenseCheck_u24629591,generic
29387,2025-05,40,medio,2063.61,0.0,0.0,0.0,154.62,0.0,0.0,37.28,191.9,1871.71,90.7,buen_ahorrador,2.8,1,13,u98235448,generic
20136,2022-01,25,senior,3206.6,0.0,0.0,0.0,0.0,0.0,0.0,365.9,365.9,2840.7,88.59,buen_ahorrador,6.1,2,12,u82144157,generic
29386,2026-03,28,junior,1663.89,0.0,0.0,0.0,0.0,0.0,0.0,361.5,361.5,1302.39,78.27,buen_ahorrador,2.8,0,11,u86382190,generic
14006,2022-09,30,senior,3506.5,0.0,0.0,0.0,0.0,0.0,0.0,336.2,336.2,3170.3,90.41,buen_ahorrador,10.2,2,13,u82144157,generic
5206,2025-11,29,senior,9644.22,0.0,231.99,0.0,0.0,0.0,0.0,367.55,599.54,9044.68,93.78,buen_ahorrador,2.8,2,7,expenseCheck_u24629591,generic
13115,2023-04,36,senior,3324.8,0.0,0.0,0.0,0.0,0.0,0.0,483.3,483.3,2841.5,85.46,buen_ahorrador,5.9,2,15,u82144157,generic
9275,2026-06,37,junior,1603.61,0.0,0.0,0.0,0.0,0.0,0.0,351.19,351.19,1252.42,78.1,buen_ahorrador,2.8,0,10,u86382190,generic
23631,2025-12,29,senior,9194.64,0.0,291.81,0.0,0.0,0.0,0.0,511.32,803.13,8391.51,91.27,buen_ahorrador,2.8,2,11,expenseCheck_u24629591,generic
4290,2023-04,35,senior,5162.0,0.0,0.0,0.0,0.0,0.0,0.0,335.7,335.7,4826.3,93.5,buen_ahorrador,5.9,2,12,u82144157,generic
36204,2025-08,28,senior,8669.42,63.9,286.62,0.0,0.0,0.0,0.0,95.91,446.43,8222.99,94.85,buen_ahorrador,2.8,2,10,expenseCheck_u24629591,generic
39499,2026-01,33,junior,1621.19,0.0,0.0,0.0,0.0,0.0,0.0,450.79,450.79,1170.4,72.19,buen_ahorrador,2.8,0,16,u86382190,generic
4589,2025-05,34,medio,1974.2,0.0,47.74,0.0,222.86,0.0,0.0,171.4,442.0,1532.2,77.61,buen_ahorrador,2.8,1,15,u98235448,generic
1030,2026-04,30,medio,1956.4,0.0,97.13,0.0,137.13,0.0,0.0,94.9,329.16,1627.24,83.18,buen_ahorrador,2.8,1,12,u98235448,generic
11759,2026-04,29,junior,1695.15,0.0,0.0,0.0,0.0,0.0,0.0,400.51,400.51,1294.64,76.37,buen_ahorrador,2.8,0,11,u86382190,generic
7884,2024-10,31,senior,3440.1,0.0,0.0,0.0,0.0,0.0,0.0,237.6,237.6,3202.5,93.09,buen_ahorrador,1.5,2,10,u82144157,generic
19173,2026-03,33,senior,5789.68,0.0,295.33,0.0,0.0,0.0,0.0,185.35,480.68,5309.0,91.7,buen_ahorrador,2.8,2,11,expenseCheck_u26350274,es
5595,2025-08,32,senior,5630.5,0.0,480.21,0.0,0.0,0.0,0.0,151.41,631.62,4998.88,88.78,buen_ahorrador,2.8,2,15,expenseCheck_u26350274,es
15234,2024-09,25,medio,1975.2,0.0,0.0,0.0,113.9,0.0,0.0,97.18,211.08,1764.12,89.31,buen_ahorrador,1.5,1,10,u98235448,generic
12385,2025-12,37,medio,2104.2,0.0,29.0,0.0,108.6,0.0,0.0,23.2,160.8,1943.4,92.36,buen_ahorrador,2.8,1,11,u98235448,generic
11413,2022-06,39,senior,3399.5,0.0,0.0,0.0,0.0,0.0,0.0,490.9,490.9,2908.6,85.56,buen_ahorrador,10.2,2,14,u82144157,generic
4974,2025-08,29,senior,8570.18,13.45,67.43,0.0,0.0,0.0,0.0,182.88,263.76,8306.42,96.92,buen_ahorrador,2.8,2,9,expenseCheck_u24629591,generic
31519,2023-10,34,medio,1923.7,0.0,0.0,0.0,138.18,0.0,0.0,54.5,192.68,1731.02,89.98,buen_ahorrador,1.9,1,10,u98235448,generic
4141,2026-04,28,senior,5262.04,0.0,311.58,0.0,0.0,0.0,0.0,24.3,335.88,4926.16,93.62,buen_ahorrador,2.8,2,10,expenseCheck_u26350274,es
19517,2022-05,26,senior,4486.3,0.0,0.0,0.0,0.0,0.0,0.0,429.4,429.4,4056.9,90.43,buen_ahorrador,6.1,2,13,u82144157,generic
4479,2023-02,38,senior,3361.9,0.0,0.0,0.0,0.0,0.0,0.0,283.6,283.6,3078.3,91.56,buen_ahorrador,5.9,2,12,u82144157,generic
9879,2025-09,39,senior,8974.08,0.0,217.27,0.0,0.0,0.0,0.0,475.92,693.19,8280.89,92.28,buen_ahorrador,2.8,2,11,expenseCheck_u24629591,generic
6475,2026-06,39,senior,5097.14,0.0,327.26,0.0,0.0,0.0,0.0,407.92,735.18,4361.96,85.58,buen_ahorrador,2.8,2,13,expenseCheck_u26350274,es
5620,2025-08,37,senior,5575.05,0.0,245.13,0.0,0.0,0.0,0.0,254.41,499.54,5075.51,91.04,buen_ahorrador,2.8,2,10,expenseCheck_u26350274,es
23744,2024-07,35,medio,2035.6,0.0,65.73,0.0,201.2,0.0,0.0,26.7,293.63,1741.97,85.58,buen_ahorrador,3.4,1,13,u98235448,generic
4320,2025-05,36,medio,2047.6,0.0,109.8,0.0,88.6,0.0,0.0,76.96,275.36,1772.24,86.55,buen_ahorrador,2.8,1,14,u98235448,generic
16479,2026-05,26,medio,2074.88,0.0,64.8,0.0,173.01,0.0,0.0,116.38,354.19,1720.69,82.93,buen_ahorrador,2.8,1,15,u98235448,generic
7270,2024-12,31,medio,1924.1,0.0,56.9,0.0,113.1,0.0,0.0,111.84,281.84,1642.26,85.35,buen_ahorrador,2.8,1,12,u98235448,generic
12559,2023-09,35,medio,2042.04,0.0,51.46,0.0,197.67,0.0,0.0,30.4,279.53,1762.51,86.31,buen_ahorrador,1.9,1,11,u98235448,generic
34292,2023-10,31,senior,3571.0,0.0,0.0,0.0,0.0,0.0,0.0,491.1,491.1,3079.9,86.25,buen_ahorrador,1.9,2,16,u82144157,generic
37112,2026-04,25,medio,1958.8,0.0,15.3,0.0,276.7,0.0,0.0,49.6,341.6,1617.2,82.56,buen_ahorrador,2.8,1,16,u98235448,generic
6960,2026-06,28,senior,6041.2,0.0,433.37,0.0,0.0,0.0,0.0,686.03,1119.4,4921.8,81.47,buen_ahorrador,2.8,2,11,expenseCheck_u26350274,es
39513,2022-03,35,senior,3090.4,0.0,0.0,0.0,0.0,0.0,0.0,508.8,508.8,2581.6,83.54,buen_ahorrador,6.1,2,13,u82144157,generic
4479,2023-12,38,senior,5057.1,0.0,0.0,0.0,0.0,0.0,0.0,348.9,348.9,4708.2,93.1,buen_ahorrador,3.3,2,13,u82144157,generic
32949,2023-01,27,senior,3481.2,0.0,0.0,0.0,0.0,0.0,0.0,452.6,452.6,3028.6,87.0,buen_ahorrador,5.9,2,11,u82144157,generic
9569,2025-11,35,senior,9082.8,0.0,336.02,0.0,0.0,0.0,0.0,261.38,597.4,8485.4,93.42,buen_ahorrador,2.8,2,9,expenseCheck_u24629591,generic
4271,2023-08,39,senior,6137.4,0.0,0.0,0.0,0.0,0.0,0.0,352.7,352.7,5784.7,94.25,buen_ahorrador,1.9,2,11,u82144157,generic
10893,2023-07,36,senior,3546.0,0.0,0.0,0.0,0.0,0.0,0.0,348.6,348.6,3197.4,90.17,buen_ahorrador,1.9,2,11,u82144157,generic
11928,2026-06,36,senior,6234.24,0.0,652.3,0.0,0.0,0.0,0.0,116.12,768.42,5465.82,87.67,buen_ahorrador,2.8,2,14,expenseCheck_u26350274,es
12429,2026-01,37,medio,2013.13,0.0,54.1,0.0,168.4,0.0,0.0,119.67,342.17,1670.96,83.0,buen_ahorrador,2.8,1,15,u98235448,generic
30358,2026-05,33,senior,9062.6,170.96,0.0,0.0,0.0,0.0,0.0,24.4,195.36,8867.24,97.84,buen_ahorrador,2.8,2,7,expenseCheck_u24629591,generic
15198,2023-11,30,medio,1874.7,0.0,44.73,0.0,42.88,0.0,0.0,198.63,286.24,1588.46,84.73,buen_ahorrador,1.9,1,14,u98235448,generic
23397,2025-08,29,senior,9264.8,124.82,26.72,0.0,0.0,0.0,0.0,206.0,357.54,8907.26,96.14,buen_ahorrador,2.8,2,10,expenseCheck_u24629591,generic
19117,2022-07,33,senior,6423.3,0.0,0.0,0.0,0.0,0.0,0.0,467.0,467.0,5956.3,92.73,buen_ahorrador,10.2,2,15,u82144157,generic
20481,2024-09,39,senior,4727.4,0.0,0.0,0.0,0.0,0.0,0.0,366.6,366.6,4360.8,92.25,buen_ahorrador,1.5,2,11,u82144157,generic
13112,2023-01,33,senior,3295.1,0.0,0.0,0.0,0.0,0.0,0.0,269.5,269.5,3025.6,91.82,buen_ahorrador,5.9,2,13,u82144157,generic
4671,2023-02,32,senior,3206.8,0.0,0.0,0.0,0.0,0.0,0.0,422.0,422.0,2784.8,86.84,buen_ahorrador,5.9,2,12,u82144157,generic
29385,2024-01,29,medio,1997.5,0.0,117.83,0.0,62.7,0.0,0.0,90.8,271.33,1726.17,86.42,buen_ahorrador,3.4,1,14,u98235448,generic
10414,2025-10,36,senior,8792.09,334.8,457.2,0.0,0.0,0.0,0.0,88.79,880.79,7911.3,89.98,buen_ahorrador,2.8,2,9,expenseCheck_u24629591,generic
12571,2026-05,39,junior,1755.93,0.0,0.0,0.0,0.0,0.0,0.0,495.78,495.78,1260.15,71.77,buen_ahorrador,2.8,0,15,u86382190,generic
9980,2026-07,28,senior,5425.79,0.0,461.81,0.0,0.0,0.0,0.0,135.45,597.26,4828.53,88.99,buen_ahorrador,2.8,2,14,expenseCheck_u26350274,es
13741,2025-09,33,senior,5247.66,0.0,535.91,0.0,0.0,0.0,0.0,302.28,838.19,4409.47,84.03,buen_ahorrador,2.8,2,16,expenseCheck_u26350274,es
29447,2021-09,33,senior,8197.0,0.0,0.0,0.0,0.0,0.0,0.0,277.7,277.7,7919.3,96.61,buen_ahorrador,6.7,2,13,u82144157,generic
10814,2026-02,26,junior,1655.12,0.0,0.0,0.0,0.0,0.0,0.0,298.26,298.26,1356.86,81.98,buen_ahorrador,2.8,0,14,u86382190,generic
5549,2023-03,28,senior,3297.7,0.0,0.0,0.0,0.0,0.0,0.0,335.3,335.3,2962.4,89.83,buen_ahorrador,5.9,2,10,u82144157,generic
31378,2023-10,37,medio,1891.8,0.0,0.0,0.0,152.1,0.0,0.0,206.78,358.88,1532.92,81.03,buen_ahorrador,1.9,1,14,u98235448,generic
32113,2023-06,25,medio,1996.7,0.0,42.82,0.0,153.13,0.0,0.0,111.42,307.37,1689.33,84.61,buen_ahorrador,1.9,1,15,u98235448,generic
5218,2023-05,34,medio,1995.5,0.0,78.1,0.0,43.09,0.0,0.0,213.3,334.49,1661.01,83.24,buen_ahorrador,5.9,1,12,u98235448,generic
37852,2024-07,35,senior,5728.4,0.0,0.0,0.0,0.0,0.0,0.0,343.3,343.3,5385.1,94.01,buen_ahorrador,3.4,2,14,u82144157,generic
26175,2026-01,34,medio,2036.5,0.0,117.0,0.0,151.95,0.0,0.0,90.3,359.25,1677.25,82.36,buen_ahorrador,2.8,1,13,u98235448,generic
22393,2025-11,27,medio,2051.86,0.0,45.57,0.0,74.0,0.0,0.0,89.4,208.97,1842.89,89.82,buen_ahorrador,2.8,1,12,u98235448,generic
4653,2024-05,31,medio,2046.11,0.0,69.5,0.0,171.36,0.0,0.0,48.44,289.3,1756.81,85.86,buen_ahorrador,3.4,1,14,u98235448,generic
37637,2024-12,36,senior,5441.8,0.0,0.0,0.0,0.0,0.0,0.0,206.5,206.5,5235.3,96.21,buen_ahorrador,2.8,2,10,u82144157,generic
23307,2024-10,39,senior,3226.1,0.0,0.0,0.0,0.0,0.0,0.0,573.2,573.2,2652.9,82.23,buen_ahorrador,1.5,2,15,u82144157,generic
22615,2025-02,32,medio,2070.1,0.0,44.0,0.0,100.72,0.0,0.0,46.28,191.0,1879.1,90.77,buen_ahorrador,2.8,1,11,u98235448,generic
18997,2023-08,25,medio,1913.2,0.0,68.6,0.0,149.6,0.0,0.0,77.1,295.3,1617.9,84.57,buen_ahorrador,1.9,1,13,u98235448,generic
12368,2025-08,38,medio,1929.9,0.0,81.62,0.0,178.64,0.0,0.0,135.4,395.66,1534.24,79.5,buen_ahorrador,2.8,1,16,u98235448,generic
7349,2026-04,31,senior,8040.35,82.15,151.11,0.0,0.0,0.0,0.0,460.11,693.37,7346.98,91.38,buen_ahorrador,2.8,2,7,expenseCheck_u24629591,generic
14485,2024-05,32,senior,3484.4,0.0,0.0,0.0,0.0,0.0,0.0,287.0,287.0,3197.4,91.76,buen_ahorrador,3.4,2,10,u82144157,generic
7981,2025-05,31,medio,2093.16,0.0,74.4,0.0,19.6,0.0,0.0,208.0,302.0,1791.16,85.57,buen_ahorrador,2.8,1,13,u98235448,generic
38636,2024-07,37,medio,2150.79,0.0,50.3,0.0,208.9,0.0,0.0,134.2,393.4,1757.39,81.71,buen_ahorrador,3.4,1,16,u98235448,generic
19959,2024-03,26,senior,3238.1,0.0,0.0,0.0,0.0,0.0,0.0,501.4,501.4,2736.7,84.52,buen_ahorrador,3.4,2,15,u82144157,generic
36228,2023-09,39,medio,2115.47,0.0,60.17,0.0,126.8,0.0,0.0,127.5,314.47,1801.0,85.13,buen_ahorrador,1.9,1,15,u98235448,generic
36405,2024-10,26,senior,3518.2,0.0,0.0,0.0,0.0,0.0,0.0,272.3,272.3,3245.9,92.26,buen_ahorrador,1.5,2,12,u82144157,generic
17934,2023-09,30,medio,1935.5,0.0,133.7,0.0,232.6,0.0,0.0,38.2,404.5,1531.0,79.1,buen_ahorrador,1.9,1,16,u98235448,generic
4603,2023-11,39,senior,3360.2,0.0,0.0,0.0,0.0,0.0,0.0,443.6,443.6,2916.6,86.8,buen_ahorrador,1.9,2,13,u82144157,generic
14694,2026-04,31,junior,1650.53,0.0,0.0,0.0,0.0,0.0,0.0,399.36,399.36,1251.17,75.8,buen_ahorrador,2.8,0,16,u86382190,generic
29335,2026-07,32,junior,1558.3,0.0,0.0,0.0,0.0,0.0,0.0,4816.72,4816.72,-3258.42,-209.1,ahorro_insuficiente,2.8,0,11,u83188312,generic
29105,2022-10,26,senior,3707.3,0.0,0.0,0.0,0.0,0.0,0.0,326.5,326.5,3380.8,91.19,buen_ahorrador,10.2,2,13,u82144157,generic
29036,2026-01,37,senior,5456.8,0.0,313.9,0.0,0.0,0.0,0.0,441.01,754.91,4701.89,86.17,buen_ahorrador,2.8,2,14,expenseCheck_u26350274,es
4820,2026-01,39,junior,1630.41,0.0,0.0,0.0,0.0,0.0,0.0,394.72,394.72,1235.69,75.79,buen_ahorrador,2.8,0,11,u86382190,generic
33322,2026-01,26,junior,1554.33,0.0,0.0,0.0,0.0,0.0,0.0,442.92,442.92,1111.41,71.5,buen_ahorrador,2.8,0,16,u86382190,generic
20845,2024-04,33,medio,1869.6,0.0,10.5,0.0,63.9,0.0,0.0,104.76,179.16,1690.44,90.42,buen_ahorrador,3.4,1,10,u98235448,generic
5692,2024-10,33,senior,3271.6,0.0,0.0,0.0,0.0,0.0,0.0,357.8,357.8,2913.8,89.06,buen_ahorrador,1.5,2,11,u82144157,generic
36196,2026-01,25,junior,1661.24,0.0,0.0,0.0,0.0,0.0,0.0,306.41,306.41,1354.83,81.56,buen_ahorrador,2.8,0,11,u86382190,generic
7888,2025-10,28,senior,7127.3,0.0,509.56,0.0,0.0,0.0,0.0,216.86,726.42,6400.88,89.81,buen_ahorrador,2.8,2,14,expenseCheck_u26350274,es
14659,2021-09,27,senior,3447.9,0.0,0.0,0.0,0.0,0.0,0.0,240.4,240.4,3207.5,93.03,buen_ahorrador,6.7,2,10,u82144157,generic
36221,2026-07,36,medio,2652.55,0.0,126.69,126.1,34.64,0.0,0.0,371.4,658.83,1993.72,75.16,buen_ahorrador,2.8,1,33,u74445512,de
7095,2025-01,32,medio,1975.6,0.0,109.9,0.0,115.14,0.0,0.0,0.0,225.04,1750.56,88.61,buen_ahorrador,2.8,1,12,u98235448,generic
24823,2025-08,30,senior,5753.28,0.0,241.22,0.0,0.0,0.0,0.0,278.05,519.27,5234.01,90.97,buen_ahorrador,2.8,2,11,expenseCheck_u26350274,es
23401,2025-04,27,medio,2122.4,0.0,97.3,0.0,136.9,0.0,0.0,101.9,336.1,1786.3,84.16,buen_ahorrador,2.8,1,12,u98235448,generic
18672,2023-08,34,senior,3503.6,0.0,0.0,0.0,0.0,0.0,0.0,533.2,533.2,2970.4,84.78,buen_ahorrador,1.9,2,15,u82144157,generic
26941,2022-06,35,senior,5649.8,0.0,0.0,0.0,0.0,0.0,0.0,434.9,434.9,5214.9,92.3,buen_ahorrador,10.2,2,14,u82144157,generic
10677,2025-03,37,senior,3783.1,0.0,0.0,0.0,0.0,0.0,0.0,269.7,269.7,3513.4,92.87,buen_ahorrador,2.8,2,11,u82144157,generic
4278,2023-03,39,senior,3432.2,0.0,0.0,0.0,0.0,0.0,0.0,333.2,333.2,3099.0,90.29,buen_ahorrador,5.9,2,12,u82144157,generic
32944,2022-02,28,senior,3635.8,0.0,0.0,0.0,0.0,0.0,0.0,383.7,383.7,3252.1,89.45,buen_ahorrador,6.1,2,14,u82144157,generic
24930,2024-04,40,medio,2046.1,0.0,30.48,0.0,98.1,0.0,0.0,80.83,209.41,1836.69,89.77,buen_ahorrador,3.4,1,10,u98235448,generic
20792,2024-07,27,medio,1999.76,0.0,6.0,0.0,99.13,0.0,0.0,61.0,166.13,1833.63,91.69,buen_ahorrador,3.4,1,12,u98235448,generic
29379,2025-09,29,senior,5356.45,0.0,298.99,0.0,0.0,0.0,0.0,178.13,477.12,4879.33,91.09,buen_ahorrador,2.8,2,10,expenseCheck_u26350274,es
25867,2026-03,37,senior,5341.55,0.0,582.65,0.0,80.61,0.0,0.0,115.44,778.7,4562.85,85.42,buen_ahorrador,2.8,2,16,expenseCheck_u26350274,es
12961,2025-03,25,senior,3287.7,0.0,0.0,0.0,0.0,0.0,0.0,439.3,439.3,2848.4,86.64,buen_ahorrador,2.8,2,15,u82144157,generic
496,2026-02,33,junior,1702.06,0.0,0.0,0.0,0.0,0.0,0.0,248.96,248.96,1453.1,85.37,buen_ahorrador,2.8,0,10,u86382190,generic
30214,2026-07,29,junior,556.5,0.0,0.0,0.0,0.0,0.0,0.0,348.2,348.2,208.3,37.43,buen_ahorrador,2.8,0,13,u60341395,generic
18838,2023-04,28,medio,1898.3,0.0,46.1,0.0,241.83,0.0,0.0,108.3,396.23,1502.07,79.13,buen_ahorrador,5.9,1,16,u98235448,generic
301,2026-02,34,medio,1929.0,0.0,84.9,0.0,174.1,0.0,0.0,112.1,371.1,1557.9,80.76,buen_ahorrador,2.8,1,13,u98235448,generic
26967,2026-07,31,junior,1551.26,0.0,0.0,0.0,0.0,0.0,0.0,320.71,320.71,1230.55,79.33,buen_ahorrador,2.8,0,13,u86382190,generic
6178,2026-03,31,senior,9663.95,149.68,259.34,0.0,0.0,0.0,0.0,336.42,745.44,8918.51,92.29,buen_ahorrador,2.8,2,10,expenseCheck_u24629591,generic
4583,2026-06,34,medio,2105.8,37.25,110.75,877.4,0.0,0.0,0.0,402.51,1427.91,677.89,32.19,buen_ahorrador,2.8,1,25,u74445512,de
4302,2024-02,32,medio,2030.3,0.0,66.4,0.0,166.94,0.0,0.0,58.2,291.54,1738.76,85.64,buen_ahorrador,3.4,1,15,u98235448,generic
18888,2025-07,28,senior,5093.9,0.0,0.0,0.0,0.0,0.0,0.0,337.0,337.0,4756.9,93.38,buen_ahorrador,2.8,2,14,u82144157,generic
20767,2025-06,37,medio,1954.78,0.0,53.86,0.0,62.4,0.0,0.0,118.5,234.76,1720.02,87.99,buen_ahorrador,2.8,1,14,u98235448,generic
27709,2025-06,32,senior,3268.1,0.0,0.0,0.0,0.0,0.0,0.0,411.6,411.6,2856.5,87.41,buen_ahorrador,2.8,2,13,u82144157,generic
390,2025-01,27,medio,2098.6,0.0,73.3,0.0,101.48,0.0,0.0,60.8,235.58,1863.02,88.77,buen_ahorrador,2.8,1,15,u98235448,generic
331,2026-05,36,junior,1738.35,0.0,0.0,0.0,0.0,0.0,0.0,390.51,390.51,1347.84,77.54,buen_ahorrador,2.8,0,13,u86382190,generic
19716,2023-11,35,senior,3601.7,0.0,0.0,0.0,0.0,0.0,0.0,457.7,457.7,3144.0,87.29,buen_ahorrador,1.9,2,14,u82144157,generic
35019,2024-07,29,senior,3455.5,0.0,0.0,0.0,0.0,0.0,0.0,305.4,305.4,3150.1,91.16,buen_ahorrador,3.4,2,11,u82144157,generic
10219,2023-08,36,senior,4763.9,0.0,0.0,0.0,0.0,0.0,0.0,405.7,405.7,4358.2,91.48,buen_ahorrador,1.9,2,13,u82144157,generic
4265,2026-05,38,senior,9111.87,27.57,216.42,0.0,0.0,0.0,0.0,43.92,287.91,8823.96,96.84,buen_ahorrador,2.8,2,8,expenseCheck_u24629591,generic
26062,2022-06,30,senior,3419.5,0.0,0.0,0.0,0.0,0.0,0.0,313.6,313.6,3105.9,90.83,buen_ahorrador,10.2,2,10,u82144157,generic
39514,2021-12,30,senior,5362.6,0.0,0.0,0.0,0.0,0.0,0.0,329.1,329.1,5033.5,93.86,buen_ahorrador,6.7,2,12,u82144157,generic
28169,2025-05,30,senior,3375.3,0.0,0.0,0.0,0.0,0.0,0.0,286.0,286.0,3089.3,91.53,buen_ahorrador,2.8,2,11,u82144157,generic
39490,2026-07,34,medio,2330.98,0.0,175.15,184.77,0.0,0.0,0.0,1159.71,1519.63,811.35,34.81,buen_ahorrador,2.8,1,39,u74445512,de
30468,2026-05,31,medio,2108.3,0.0,32.0,0.0,104.8,0.0,0.0,98.1,234.9,1873.4,88.86,buen_ahorrador,2.8,1,11,u98235448,generic
7979,2023-08,35,medio,1966.1,0.0,95.28,0.0,130.5,0.0,0.0,37.2,262.98,1703.12,86.62,buen_ahorrador,1.9,1,11,u98235448,generic
8630,2024-08,30,senior,4061.5,0.0,0.0,0.0,0.0,0.0,0.0,319.3,319.3,3742.2,92.14,buen_ahorrador,3.4,2,11,u82144157,generic
12912,2025-07,29,senior,9084.5,0.0,134.12,0.0,0.0,0.0,0.0,168.39,302.51,8781.99,96.67,buen_ahorrador,2.8,2,7,expenseCheck_u24629591,generic
27077,2026-04,38,junior,1649.29,0.0,0.0,0.0,0.0,0.0,0.0,325.57,325.57,1323.72,80.26,buen_ahorrador,2.8,0,15,u86382190,generic
731,2026-01,31,medio,1806.0,0.0,35.1,0.0,23.3,0.0,0.0,100.02,158.42,1647.58,91.23,buen_ahorrador,2.8,1,11,u98235448,generic
6306,2023-03,38,senior,3471.4,0.0,0.0,0.0,0.0,0.0,0.0,229.2,229.2,3242.2,93.4,buen_ahorrador,5.9,2,10,u82144157,generic
20128,2025-02,37,medio,2166.9,0.0,82.3,0.0,75.2,0.0,0.0,48.8,206.3,1960.6,90.48,buen_ahorrador,2.8,1,13,u98235448,generic
39009,2026-03,27,senior,5317.62,0.0,301.27,0.0,0.0,0.0,0.0,261.08,562.35,4755.27,89.42,buen_ahorrador,2.8,2,11,expenseCheck_u26350274,es
18724,2026-06,30,medio,2140.11,0.0,23.1,0.0,121.78,0.0,0.0,128.1,272.98,1867.13,87.24,buen_ahorrador,2.8,1,13,u98235448,generic
30335,2024-06,33,medio,2042.74,0.0,79.23,0.0,88.0,0.0,0.0,60.9,228.13,1814.61,88.83,buen_ahorrador,3.4,1,14,u98235448,generic
4516,2023-05,37,senior,4640.9,0.0,0.0,0.0,0.0,0.0,0.0,311.3,311.3,4329.6,93.29,buen_ahorrador,5.9,2,10,u82144157,generic
29495,2023-06,31,medio,1927.6,0.0,27.76,0.0,69.1,0.0,0.0,98.4,195.26,1732.34,89.87,buen_ahorrador,1.9,1,11,u98235448,generic
26969,2026-06,29,medio,1911.52,26.3,283.32,229.03,0.0,0.0,0.0,1209.15,1747.8,163.72,8.56,ahorro_moderado,2.8,1,39,u74445512,de
39846,2026-04,39,junior,1685.5,0.0,0.0,0.0,0.0,0.0,0.0,323.14,323.14,1362.36,80.83,buen_ahorrador,2.8,0,13,u86382190,generic
35011,2023-02,35,senior,3305.2,0.0,0.0,0.0,0.0,0.0,0.0,481.8,481.8,2823.4,85.42,buen_ahorrador,5.9,2,14,u82144157,generic
155,2021-11,26,senior,3298.3,0.0,0.0,0.0,0.0,0.0,0.0,366.9,366.9,2931.4,88.88,buen_ahorrador,6.7,2,11,u82144157,generic
36318,2026-04,27,senior,8958.69,0.0,406.28,0.0,28.93,0.0,0.0,408.23,843.44,8115.25,90.59,buen_ahorrador,2.8,2,14,expenseCheck_u26350274,es
4279,2022-09,40,senior,3573.0,0.0,0.0,0.0,0.0,0.0,0.0,394.3,394.3,3178.7,88.96,buen_ahorrador,10.2,2,16,u82144157,generic
14378,2023-09,37,senior,8751.2,0.0,0.0,0.0,0.0,0.0,0.0,371.3,371.3,8379.9,95.76,buen_ahorrador,1.9,2,16,u82144157,generic
1103,2025-01,28,medio,2062.8,0.0,75.0,0.0,122.47,0.0,0.0,59.1,256.57,1806.23,87.56,buen_ahorrador,2.8,1,14,u98235448,generic
1426,2025-05,29,senior,6998.8,0.0,0.0,0.0,0.0,0.0,0.0,317.8,317.8,6681.0,95.46,buen_ahorrador,2.8,2,12,u82144157,generic
30530,2024-03,32,medio,1915.8,0.0,105.3,0.0,64.2,0.0,0.0,127.27,296.77,1619.03,84.51,buen_ahorrador,3.4,1,13,u98235448,generic
11101,2023-11,32,senior,3425.6,0.0,0.0,0.0,0.0,0.0,0.0,329.7,329.7,3095.9,90.38,buen_ahorrador,1.9,2,14,u82144157,generic
23311,2026-05,34,senior,5520.35,0.0,402.32,0.0,199.97,0.0,0.0,131.89,734.18,4786.17,86.7,buen_ahorrador,2.8,2,13,expenseCheck_u26350274,es
30718,2023-07,29,medio,1895.9,0.0,116.6,0.0,151.16,0.0,0.0,100.95,368.71,1527.19,80.55,buen_ahorrador,1.9,1,14,u98235448,generic
27274,2022-08,30,senior,6349.0,0.0,0.0,0.0,0.0,0.0,0.0,346.4,346.4,6002.6,94.54,buen_ahorrador,10.2,2,11,u82144157,generic
1681,2023-12,25,medio,1978.4,0.0,98.49,0.0,56.13,0.0,0.0,142.98,297.6,1680.8,84.96,buen_ahorrador,3.3,1,11,u98235448,generic
4658,2023-09,38,senior,3509.7,0.0,0.0,0.0,0.0,0.0,0.0,506.8,506.8,3002.9,85.56,buen_ahorrador,1.9,2,15,u82144157,generic
15468,2025-08,32,medio,1999.5,0.0,59.9,0.0,96.6,0.0,0.0,25.2,181.7,1817.8,90.91,buen_ahorrador,2.8,1,13,u98235448,generic
14012,2026-01,40,senior,9160.45,0.0,120.69,0.0,0.0,0.0,0.0,424.72,545.41,8615.04,94.05,buen_ahorrador,2.8,2,8,expenseCheck_u24629591,generic
4203,2024-05,26,medio,2008.6,0.0,49.1,0.0,193.96,0.0,0.0,32.9,275.96,1732.64,86.26,buen_ahorrador,3.4,1,13,u98235448,generic
30364,2023-06,25,medio,2048.8,0.0,136.7,0.0,52.0,0.0,0.0,56.7,245.4,1803.4,88.02,buen_ahorrador,1.9,1,11,u98235448,generic
5206,2026-01,29,senior,8948.72,16.53,171.61,0.0,0.0,0.0,0.0,210.89,399.03,8549.69,95.54,buen_ahorrador,2.8,2,9,expenseCheck_u24629591,generic
10377,2022-05,38,senior,4431.6,0.0,0.0,0.0,0.0,0.0,0.0,427.1,427.1,4004.5,90.36,buen_ahorrador,6.1,2,15,u82144157,generic
2007,2023-09,27,medio,2040.1,0.0,43.9,0.0,140.7,0.0,0.0,99.6,284.2,1755.9,86.07,buen_ahorrador,1.9,1,12,u98235448,generic
128,2024-09,37,medio,1986.6,0.0,0.0,0.0,140.83,0.0,0.0,62.2,203.03,1783.57,89.78,buen_ahorrador,1.5,1,12,u98235448,generic
31146,2021-12,40,senior,5368.1,0.0,0.0,0.0,0.0,0.0,0.0,295.6,295.6,5072.5,94.49,buen_ahorrador,6.7,2,12,u82144157,generic
603,2023-08,26,senior,3601.7,0.0,0.0,0.0,0.0,0.0,0.0,392.7,392.7,3209.0,89.1,buen_ahorrador,1.9,2,15,u82144157,generic
1007,2022-06,28,senior,3273.6,0.0,0.0,0.0,0.0,0.0,0.0,476.6,476.6,2797.0,85.44,buen_ahorrador,10.2,2,13,u82144157,generic
4761,2026-05,36,senior,5318.03,0.0,280.79,0.0,0.0,0.0,0.0,69.68,350.47,4967.56,93.41,buen_ahorrador,2.8,2,12,expenseCheck_u26350274,es
17280,2026-04,30,senior,8915.97,22.1,425.47,0.0,0.0,0.0,0.0,606.79,1054.36,7861.61,88.17,buen_ahorrador,2.8,2,11,expenseCheck_u24629591,generic
4894,2025-02,34,medio,2006.1,0.0,66.7,0.0,138.29,0.0,0.0,153.9,358.89,1647.21,82.11,buen_ahorrador,2.8,1,16,u98235448,generic
13464,2023-05,33,medio,1991.3,0.0,11.7,0.0,186.2,0.0,0.0,58.16,256.06,1735.24,87.14,buen_ahorrador,5.9,1,14,u98235448,generic
38789,2024-03,27,medio,2049.8,0.0,57.91,0.0,107.3,0.0,0.0,134.8,300.01,1749.79,85.36,buen_ahorrador,3.4,1,12,u98235448,generic
32939,2026-06,33,medio,2476.69,45.34,454.33,77.91,0.0,0.0,0.0,555.73,1133.31,1343.38,54.24,buen_ahorrador,2.8,1,35,u74445512,de
30227,2022-08,31,senior,3686.7,0.0,0.0,0.0,0.0,0.0,0.0,479.4,479.4,3207.3,87.0,buen_ahorrador,10.2,2,15,u82144157,generic
34267,2024-09,29,medio,2197.4,0.0,38.4,0.0,104.0,0.0,0.0,176.85,319.25,1878.15,85.47,buen_ahorrador,1.5,1,13,u98235448,generic
18485,2024-05,35,medio,1981.5,0.0,10.5,0.0,118.95,0.0,0.0,67.1,196.55,1784.95,90.08,buen_ahorrador,3.4,1,11,u98235448,generic
39511,2025-04,28,medio,1951.86,0.0,66.83,0.0,173.4,0.0,0.0,41.4,281.63,1670.23,85.57,buen_ahorrador,2.8,1,16,u98235448,generic
4581,2023-05,38,medio,1885.3,0.0,169.98,0.0,166.2,0.0,0.0,137.5,473.68,1411.62,74.88,buen_ahorrador,5.9,1,16,u98235448,generic
7401,2025-10,36,senior,9055.72,0.0,594.5,0.0,0.0,0.0,0.0,175.97,770.47,8285.25,91.49,buen_ahorrador,2.8,2,10,expenseCheck_u24629591,generic
29621,2025-09,33,senior,6536.9,0.0,550.17,0.0,0.0,0.0,0.0,193.23,743.4,5793.5,88.63,buen_ahorrador,2.8,2,14,expenseCheck_u26350274,es
12935,2025-07,30,senior,9316.8,0.0,462.27,0.0,0.0,0.0,0.0,209.63,671.9,8644.9,92.79,buen_ahorrador,2.8,2,11,expenseCheck_u24629591,generic
29263,2026-03,29,junior,1649.1,0.0,0.0,0.0,0.0,0.0,0.0,486.76,486.76,1162.34,70.48,buen_ahorrador,2.8,0,15,u86382190,generic
4214,2023-02,38,senior,3383.9,0.0,0.0,0.0,0.0,0.0,0.0,377.0,377.0,3006.9,88.86,buen_ahorrador,5.9,2,14,u82144157,generic
6119,2024-02,25,senior,3529.8,0.0,0.0,0.0,0.0,0.0,0.0,510.8,510.8,3019.0,85.53,buen_ahorrador,3.4,2,15,u82144157,generic
9552,2023-08,30,medio,2075.45,0.0,31.9,0.0,44.7,0.0,0.0,102.02,178.62,1896.83,91.39,buen_ahorrador,1.9,1,11,u98235448,generic
15202,2025-01,33,medio,2020.8,0.0,87.32,0.0,76.0,0.0,0.0,106.89,270.21,1750.59,86.63,buen_ahorrador,2.8,1,11,u98235448,generic
1352,2024-06,38,senior,4910.0,0.0,0.0,0.0,0.0,0.0,0.0,446.3,446.3,4463.7,90.91,buen_ahorrador,3.4,2,16,u82144157,generic
6857,2024-02,40,medio,2083.4,0.0,0.0,0.0,145.8,0.0,0.0,83.95,229.75,1853.65,88.97,buen_ahorrador,3.4,1,11,u98235448,generic
12851,2023-06,36,senior,3162.5,0.0,0.0,0.0,0.0,0.0,0.0,270.2,270.2,2892.3,91.46,buen_ahorrador,1.9,2,10,u82144157,generic
16945,2024-01,33,medio,2097.0,0.0,83.4,0.0,135.2,0.0,0.0,34.3,252.9,1844.1,87.94,buen_ahorrador,3.4,1,10,u98235448,generic
29566,2024-07,40,senior,3492.2,0.0,0.0,0.0,0.0,0.0,0.0,376.2,376.2,3116.0,89.23,buen_ahorrador,3.4,2,11,u82144157,generic
34580,2025-05,29,senior,6758.0,0.0,0.0,0.0,0.0,0.0,0.0,228.6,228.6,6529.4,96.62,buen_ahorrador,2.8,2,12,u82144157,generic
4926,2025-06,27,senior,4381.9,0.0,0.0,0.0,0.0,0.0,0.0,406.4,406.4,3975.5,90.73,buen_ahorrador,2.8,2,14,u82144157,generic
25989,2023-12,28,medio,1968.9,0.0,38.4,0.0,150.4,0.0,0.0,88.3,277.1,1691.8,85.93,buen_ahorrador,3.3,1,14,u98235448,generic
9150,2026-02,27,senior,9067.92,0.0,497.53,0.0,0.0,0.0,0.0,71.22,568.75,8499.17,93.73,buen_ahorrador,2.8,2,8,expenseCheck_u24629591,generic
1653,2025-12,39,senior,9009.9,241.56,59.6,0.0,0.0,0.0,0.0,182.48,483.64,8526.26,94.63,buen_ahorrador,2.8,2,10,expenseCheck_u24629591,generic
4728,2026-06,31,junior,431.1,0.0,0.0,0.0,0.0,0.0,0.0,299.2,299.2,131.9,30.6,buen_ahorrador,2.8,0,11,u60341395,generic
12965,2026-02,37,medio,2141.6,0.0,67.4,0.0,189.07,0.0,0.0,72.3,328.77,1812.83,84.65,buen_ahorrador,2.8,1,13,u98235448,generic
12923,2025-10,30,senior,8215.6,71.78,37.36,0.0,0.0,0.0,0.0,148.68,257.82,7957.78,96.86,buen_ahorrador,2.8,2,7,expenseCheck_u24629591,generic
9799,2024-04,29,medio,1967.2,0.0,60.2,0.0,117.68,0.0,0.0,120.6,298.48,1668.72,84.83,buen_ahorrador,3.4,1,15,u98235448,generic
35014,2022-03,32,senior,5663.7,0.0,0.0,0.0,0.0,0.0,0.0,422.0,422.0,5241.7,92.55,buen_ahorrador,6.1,2,14,u82144157,generic
1727,2026-07,29,junior,1667.1,0.0,0.0,0.0,0.0,0.0,0.0,996.45,996.45,670.65,40.23,buen_ahorrador,2.8,0,13,u83188312,generic
17655,2026-03,40,senior,8386.62,0.0,0.0,0.0,0.0,0.0,0.0,578.59,578.59,7808.03,93.1,buen_ahorrador,2.8,2,7,expenseCheck_u24629591,generic
4569,2026-02,37,junior,1700.11,0.0,0.0,0.0,0.0,0.0,0.0,234.11,234.11,1466.0,86.23,buen_ahorrador,2.8,0,11,u86382190,generic
390,2024-02,27,medio,1953.4,0.0,8.9,0.0,229.93,0.0,0.0,116.84,355.67,1597.73,81.79,buen_ahorrador,3.4,1,12,u98235448,generic
7145,2026-03,29,medio,2047.8,0.0,92.5,0.0,142.8,0.0,0.0,105.79,341.09,1706.71,83.34,buen_ahorrador,2.8,1,12,u98235448,generic
17965,2024-11,37,medio,1925.4,0.0,103.87,0.0,102.04,0.0,0.0,0.0,205.91,1719.49,89.31,buen_ahorrador,1.5,1,10,u98235448,generic
23480,2026-07,31,junior,1569.16,0.0,0.0,0.0,0.0,0.0,0.0,488.25,488.25,1080.91,68.88,buen_ahorrador,2.8,0,14,u86382190,generic
297,2024-09,31,medio,1888.1,0.0,47.06,0.0,165.61,0.0,0.0,66.57,279.24,1608.86,85.21,buen_ahorrador,1.5,1,15,u98235448,generic
5772,2026-06,37,medio,2363.99,29.94,185.94,32.42,0.0,0.0,0.0,495.08,743.38,1620.61,68.55,buen_ahorrador,2.8,1,37,u74445512,de
7748,2026-06,34,medio,1959.16,0.0,0.0,0.0,186.05,0.0,0.0,38.8,224.85,1734.31,88.52,buen_ahorrador,2.8,1,12,u98235448,generic
4671,2025-03,32,senior,4543.4,0.0,0.0,0.0,0.0,0.0,0.0,415.5,415.5,4127.9,90.85,buen_ahorrador,2.8,2,16,u82144157,generic
9807,2022-10,36,senior,5425.3,0.0,0.0,0.0,0.0,0.0,0.0,386.8,386.8,5038.5,92.87,buen_ahorrador,10.2,2,14,u82144157,generic
29555,2022-10,31,senior,5813.0,0.0,0.0,0.0,0.0,0.0,0.0,234.2,234.2,5578.8,95.97,buen_ahorrador,10.2,2,10,u82144157,generic
471,2021-09,40,senior,3467.9,0.0,0.0,0.0,0.0,0.0,0.0,428.0,428.0,3039.9,87.66,buen_ahorrador,6.7,2,12,u82144157,generic
29060,2024-05,26,medio,1868.4,0.0,99.15,0.0,185.3,0.0,0.0,81.41,365.86,1502.54,80.42,buen_ahorrador,3.4,1,14,u98235448,generic
10663,2021-11,28,senior,3260.8,0.0,0.0,0.0,0.0,0.0,0.0,393.4,393.4,2867.4,87.94,buen_ahorrador,6.7,2,12,u82144157,generic
34513,2023-10,30,senior,3285.8,0.0,0.0,0.0,0.0,0.0,0.0,474.2,474.2,2811.6,85.57,buen_ahorrador,1.9,2,15,u82144157,generic
29393,2025-07,25,senior,9118.43,186.1,352.49,0.0,0.0,0.0,0.0,419.62,958.21,8160.22,89.49,buen_ahorrador,2.8,2,9,expenseCheck_u24629591,generic
36213,2026-06,28,senior,6866.31,0.0,633.12,0.0,0.0,0.0,0.0,252.25,885.37,5980.94,87.11,buen_ahorrador,2.8,2,14,expenseCheck_u26350274,es
1708,2024-09,35,medio,2000.4,0.0,80.4,0.0,183.8,0.0,0.0,36.3,300.5,1699.9,84.98,buen_ahorrador,1.5,1,14,u98235448,generic
20747,2023-06,37,senior,5402.5,0.0,0.0,0.0,0.0,0.0,0.0,359.4,359.4,5043.1,93.35,buen_ahorrador,1.9,2,13,u82144157,generic
4260,2024-08,31,medio,2144.6,0.0,83.4,0.0,105.38,0.0,0.0,109.21,297.99,1846.61,86.11,buen_ahorrador,3.4,1,15,u98235448,generic
4661,2026-06,30,medio,2444.99,0.0,258.27,77.9,137.95,0.0,0.0,310.71,784.83,1660.16,67.9,buen_ahorrador,2.8,1,35,u74445512,de
34769,2024-09,34,senior,3538.6,0.0,0.0,0.0,0.0,0.0,0.0,505.0,505.0,3033.6,85.73,buen_ahorrador,1.5,2,16,u82144157,generic
4615,2025-08,34,senior,3764.4,0.0,0.0,0.0,0.0,0.0,0.0,421.2,421.2,3343.2,88.81,buen_ahorrador,2.8,2,14,u82144157,generic
1822,2024-12,27,medio,1926.5,0.0,40.05,0.0,240.9,0.0,0.0,65.1,346.05,1580.45,82.04,buen_ahorrador,2.8,1,13,u98235448,generic
20472,2025-04,33,senior,5775.3,0.0,0.0,0.0,0.0,0.0,0.0,413.1,413.1,5362.2,92.85,buen_ahorrador,2.8,2,13,u82144157,generic
15456,2023-01,25,senior,3516.1,0.0,0.0,0.0,0.0,0.0,0.0,319.7,319.7,3196.4,90.91,buen_ahorrador,5.9,2,12,u82144157,generic
7362,2024-05,37,medio,1997.1,0.0,40.68,0.0,190.0,0.0,0.0,19.98,250.66,1746.44,87.45,buen_ahorrador,3.4,1,14,u98235448,generic
4208,2026-06,34,junior,418.1,0.0,0.0,0.0,0.0,0.0,0.0,314.5,314.5,103.6,24.78,buen_ahorrador,2.8,0,10,u60341395,generic
12429,2024-02,37,medio,1968.8,0.0,82.2,0.0,62.5,0.0,0.0,101.83,246.53,1722.27,87.48,buen_ahorrador,3.4,1,14,u98235448,generic
29409,2022-05,34,senior,3382.6,0.0,0.0,0.0,0.0,0.0,0.0,426.4,426.4,2956.2,87.39,buen_ahorrador,6.1,2,13,u82144157,generic
15177,2025-10,25,senior,3345.1,0.0,0.0,0.0,0.0,0.0,0.0,342.7,342.7,3002.4,89.76,buen_ahorrador,2.8,2,13,u82144157,generic
21485,2026-02,31,junior,1613.23,0.0,0.0,0.0,0.0,0.0,0.0,353.95,353.95,1259.28,78.06,buen_ahorrador,2.8,0,10,u86382190,generic
1091,2021-10,25,senior,3741.9,0.0,0.0,0.0,0.0,0.0,0.0,352.7,352.7,3389.2,90.57,buen_ahorrador,6.7,2,12,u82144157,generic
17993,2026-06,36,junior,464.7,0.0,0.0,0.0,0.0,0.0,0.0,266.12,266.12,198.58,42.73,buen_ahorrador,2.8,0,11,u60341395,generic
18120,2026-05,35,senior,5539.92,0.0,660.42,0.0,0.0,0.0,0.0,109.99,770.41,4769.51,86.09,buen_ahorrador,2.8,2,11,expenseCheck_u26350274,es
10125,2026-07,26,junior,407.8,0.0,0.0,0.0,0.0,0.0,0.0,379.85,379.85,27.95,6.85,ahorro_moderado,2.8,0,12,u60341395,generic
787,2024-02,28,medio,1978.6,0.0,32.44,0.0,212.5,0.0,0.0,43.0,287.94,1690.66,85.45,buen_ahorrador,3.4,1,13,u98235448,generic
20777,2025-09,35,senior,7046.19,0.0,815.73,0.0,0.0,0.0,0.0,36.49,852.22,6193.97,87.91,buen_ahorrador,2.8,2,15,expenseCheck_u26350274,es
18068,2022-07,38,senior,3486.0,0.0,0.0,0.0,0.0,0.0,0.0,403.1,403.1,3082.9,88.44,buen_ahorrador,10.2,2,12,u82144157,generic
15228,2025-11,26,medio,2019.0,0.0,44.2,0.0,124.81,0.0,0.0,54.4,223.41,1795.59,88.93,buen_ahorrador,2.8,1,11,u98235448,generic
7047,2022-01,31,senior,3405.5,0.0,0.0,0.0,0.0,0.0,0.0,449.5,449.5,2956.0,86.8,buen_ahorrador,6.1,2,11,u82144157,generic
6948,2026-07,29,senior,5422.61,0.0,415.66,0.0,0.0,0.0,0.0,123.83,539.49,4883.12,90.05,buen_ahorrador,2.8,2,13,expenseCheck_u26350274,es
30222,2022-03,40,senior,5348.6,0.0,0.0,0.0,0.0,0.0,0.0,235.3,235.3,5113.3,95.6,buen_ahorrador,6.1,2,11,u82144157,generic
13713,2025-07,36,senior,9625.62,0.0,111.0,0.0,0.0,0.0,0.0,412.32,523.32,9102.3,94.56,buen_ahorrador,2.8,2,7,expenseCheck_u24629591,generic
8946,2022-09,30,senior,3458.7,0.0,0.0,0.0,0.0,0.0,0.0,482.5,482.5,2976.2,86.05,buen_ahorrador,10.2,2,14,u82144157,generic
4581,2024-10,38,medio,2169.9,0.0,66.97,0.0,219.4,0.0,0.0,89.45,375.82,1794.08,82.68,buen_ahorrador,1.5,1,13,u98235448,generic
4690,2026-05,36,medio,2057.3,0.0,66.9,0.0,127.39,0.0,0.0,68.1,262.39,1794.91,87.25,buen_ahorrador,2.8,1,13,u98235448,generic
22629,2026-07,39,junior,1586.4,0.0,0.0,0.0,0.0,0.0,0.0,453.13,453.13,1133.27,71.44,buen_ahorrador,2.8,0,12,u83188312,generic
29444,2024-12,30,senior,3571.2,0.0,0.0,0.0,0.0,0.0,0.0,328.2,328.2,3243.0,90.81,buen_ahorrador,2.8,2,13,u82144157,generic
4178,2025-04,30,senior,5246.5,0.0,0.0,0.0,0.0,0.0,0.0,414.0,414.0,4832.5,92.11,buen_ahorrador,2.8,2,15,u82144157,generic
18106,2022-10,35,senior,4185.4,0.0,0.0,0.0,0.0,0.0,0.0,321.3,321.3,3864.1,92.32,buen_ahorrador,10.2,2,11,u82144157,generic
32959,2025-10,33,senior,9141.02,0.0,39.94,0.0,0.0,0.0,0.0,303.9,343.84,8797.18,96.24,buen_ahorrador,2.8,2,9,expenseCheck_u24629591,generic
4123,2026-05,27,junior,1585.04,0.0,0.0,0.0,0.0,0.0,0.0,345.99,345.99,1239.05,78.17,buen_ahorrador,2.8,0,12,u86382190,generic
126,2026-01,34,medio,1978.91,0.0,24.6,0.0,147.78,0.0,0.0,25.2,197.58,1781.33,90.02,buen_ahorrador,2.8,1,13,u98235448,generic
5306,2026-07,39,junior,607.59,0.0,0.0,0.0,0.0,0.0,0.0,355.5,355.5,252.09,41.49,buen_ahorrador,2.8,0,12,u60341395,generic
12431,2025-08,33,senior,9356.76,0.0,74.44,0.0,0.0,0.0,0.0,505.91,580.35,8776.41,93.8,buen_ahorrador,2.8,2,8,expenseCheck_u24629591,generic
36215,2025-01,28,medio,1908.9,0.0,14.3,0.0,239.9,0.0,0.0,101.34,355.54,1553.36,81.37,buen_ahorrador,2.8,1,13,u98235448,generic
10674,2025-06,38,medio,2043.9,0.0,0.0,0.0,118.4,0.0,0.0,117.15,235.55,1808.35,88.48,buen_ahorrador,2.8,1,11,u98235448,generic
4581,2025-10,38,medio,1973.6,0.0,8.8,0.0,194.91,0.0,0.0,41.37,245.08,1728.52,87.58,buen_ahorrador,2.8,1,14,u98235448,generic
28859,2024-11,30,medio,2033.1,0.0,123.3,0.0,58.41,0.0,0.0,148.1,329.81,1703.29,83.78,buen_ahorrador,1.5,1,15,u98235448,generic
15022,2026-06,30,medio,2067.2,0.0,70.3,0.0,109.3,0.0,0.0,45.81,225.41,1841.79,89.1,buen_ahorrador,2.8,1,12,u98235448,generic
4582,2026-06,37,junior,1715.4,0.0,0.0,0.0,0.0,0.0,0.0,2691.97,2691.97,-976.57,-56.93,ahorro_insuficiente,2.8,0,14,u83188312,generic
8954,2025-07,27,senior,3591.7,0.0,0.0,0.0,0.0,0.0,0.0,364.2,364.2,3227.5,89.86,buen_ahorrador,2.8,2,13,u82144157,generic
10367,2024-12,34,senior,4552.6,0.0,0.0,0.0,0.0,0.0,0.0,253.0,253.0,4299.6,94.44,buen_ahorrador,2.8,2,12,u82144157,generic
29990,2024-08,39,medio,1957.3,0.0,57.63,0.0,65.35,0.0,0.0,159.2,282.18,1675.12,85.58,buen_ahorrador,3.4,1,14,u98235448,generic
34531,2026-04,26,medio,2028.71,0.0,78.35,0.0,101.52,0.0,0.0,148.42,328.29,1700.42,83.82,buen_ahorrador,2.8,1,16,u98235448,generic
629,2024-09,33,senior,3271.4,0.0,0.0,0.0,0.0,0.0,0.0,454.8,454.8,2816.6,86.1,buen_ahorrador,1.5,2,15,u82144157,generic
1799,2023-03,25,senior,3327.0,0.0,0.0,0.0,0.0,0.0,0.0,449.5,449.5,2877.5,86.49,buen_ahorrador,5.9,2,14,u82144157,generic
29471,2026-05,34,junior,1531.88,0.0,0.0,0.0,0.0,0.0,0.0,422.36,422.36,1109.52,72.43,buen_ahorrador,2.8,0,13,u86382190,generic
5424,2021-12,39,senior,3624.2,0.0,0.0,0.0,0.0,0.0,0.0,318.9,318.9,3305.3,91.2,buen_ahorrador,6.7,2,13,u82144157,generic
4269,2025-03,37,medio,2018.22,0.0,56.7,0.0,112.08,0.0,0.0,48.5,217.28,1800.94,89.23,buen_ahorrador,2.8,1,12,u98235448,generic
10416,2026-04,31,medio,2015.9,0.0,13.7,0.0,54.3,0.0,0.0,50.3,118.3,1897.6,94.13,buen_ahorrador,2.8,1,11,u98235448,generic
23751,2024-02,31,medio,2004.9,0.0,59.0,0.0,146.37,0.0,0.0,73.3,278.67,1726.23,86.1,buen_ahorrador,3.4,1,15,u98235448,generic
20721,2026-03,36,junior,1586.15,0.0,0.0,0.0,0.0,0.0,0.0,459.98,459.98,1126.17,71.0,buen_ahorrador,2.8,0,16,u86382190,generic
24655,2025-10,38,senior,9541.98,0.0,244.78,0.0,0.0,0.0,0.0,17.11,261.89,9280.09,97.26,buen_ahorrador,2.8,2,8,expenseCheck_u24629591,generic
833,2026-02,33,junior,1660.23,0.0,0.0,0.0,0.0,0.0,0.0,353.33,353.33,1306.9,78.72,buen_ahorrador,2.8,0,14,u86382190,generic
5509,2022-08,37,senior,3388.2,0.0,0.0,0.0,0.0,0.0,0.0,455.4,455.4,2932.8,86.56,buen_ahorrador,10.2,2,16,u82144157,generic
27683,2025-07,39,senior,9075.29,353.7,316.45,0.0,0.0,0.0,0.0,76.47,746.62,8328.67,91.77,buen_ahorrador,2.8,2,9,expenseCheck_u24629591,generic
5722,2026-03,39,senior,7608.41,0.0,273.44,0.0,0.0,0.0,0.0,108.97,382.41,7226.0,94.97,buen_ahorrador,2.8,2,14,expenseCheck_u26350274,es
12890,2022-10,29,senior,4495.8,0.0,0.0,0.0,0.0,0.0,0.0,234.3,234.3,4261.5,94.79,buen_ahorrador,10.2,2,10,u82144157,generic
11101,2022-03,32,senior,3289.6,0.0,0.0,0.0,0.0,0.0,0.0,387.0,387.0,2902.6,88.24,buen_ahorrador,6.1,2,14,u82144157,generic
4228,2024-04,39,senior,3539.7,0.0,0.0,0.0,0.0,0.0,0.0,425.5,425.5,3114.2,87.98,buen_ahorrador,3.4,2,15,u82144157,generic
4028,2024-09,35,senior,5245.4,0.0,0.0,0.0,0.0,0.0,0.0,262.6,262.6,4982.8,94.99,buen_ahorrador,1.5,2,11,u82144157,generic
36362,2026-07,38,junior,384.9,0.0,0.0,0.0,0.0,0.0,0.0,467.3,467.3,-82.4,-21.41,ahorro_insuficiente,2.8,0,16,u60341395,generic
34263,2026-03,29,senior,5280.46,0.0,394.77,0.0,0.0,0.0,0.0,267.84,662.61,4617.85,87.45,buen_ahorrador,2.8,2,13,expenseCheck_u26350274,es
18766,2024-07,36,senior,5743.6,0.0,0.0,0.0,0.0,0.0,0.0,398.3,398.3,5345.3,93.07,buen_ahorrador,3.4,2,12,u82144157,generic
30222,2024-09,40,senior,3507.2,0.0,0.0,0.0,0.0,0.0,0.0,283.4,283.4,3223.8,91.92,buen_ahorrador,1.5,2,10,u82144157,generic
19936,2025-09,38,senior,6290.88,0.0,997.25,0.0,0.0,0.0,0.0,83.38,1080.63,5210.25,82.82,buen_ahorrador,2.8,2,10,expenseCheck_u26350274,es
29337,2023-05,40,senior,3262.7,0.0,0.0,0.0,0.0,0.0,0.0,519.7,519.7,2743.0,84.07,buen_ahorrador,5.9,2,16,u82144157,generic
1358,2023-06,26,medio,1986.9,0.0,58.1,0.0,89.9,0.0,0.0,163.24,311.24,1675.66,84.34,buen_ahorrador,1.9,1,13,u98235448,generic
4648,2024-09,35,senior,3545.8,0.0,0.0,0.0,0.0,0.0,0.0,371.1,371.1,3174.7,89.53,buen_ahorrador,1.5,2,13,u82144157,generic
25119,2026-03,34,senior,8574.99,0.0,364.57,0.0,0.0,0.0,0.0,166.74,531.31,8043.68,93.8,buen_ahorrador,2.8,2,8,expenseCheck_u24629591,generic
10499,2023-03,40,senior,4957.7,0.0,0.0,0.0,0.0,0.0,0.0,274.0,274.0,4683.7,94.47,buen_ahorrador,5.9,2,13,u82144157,generic
29395,2026-01,33,senior,9044.09,0.0,162.3,0.0,0.0,0.0,0.0,263.67,425.97,8618.12,95.29,buen_ahorrador,2.8,2,8,expenseCheck_u24629591,generic
26100,2026-02,30,senior,8688.92,0.0,90.75,0.0,0.0,0.0,0.0,95.0,185.75,8503.17,97.86,buen_ahorrador,2.8,2,7,expenseCheck_u24629591,generic
15211,2026-05,37,junior,1628.74,0.0,0.0,0.0,0.0,0.0,0.0,456.06,456.06,1172.68,72.0,buen_ahorrador,2.8,0,16,u86382190,generic
4280,2026-07,38,senior,5712.72,0.0,408.69,0.0,0.0,0.0,0.0,116.44,525.13,5187.59,90.81,buen_ahorrador,2.8,2,10,expenseCheck_u26350274,es
4294,2022-09,33,senior,3435.8,0.0,0.0,0.0,0.0,0.0,0.0,351.8,351.8,3084.0,89.76,buen_ahorrador,10.2,2,12,u82144157,generic
18724,2023-07,30,medio,2153.7,0.0,81.3,0.0,91.9,0.0,0.0,89.5,262.7,1891.0,87.8,buen_ahorrador,1.9,1,13,u98235448,generic
818,2025-11,30,medio,1905.24,0.0,105.23,0.0,74.95,0.0,0.0,18.7,198.88,1706.36,89.56,buen_ahorrador,2.8,1,13,u98235448,generic
29556,2024-06,30,senior,5641.7,0.0,0.0,0.0,0.0,0.0,0.0,448.4,448.4,5193.3,92.05,buen_ahorrador,3.4,2,16,u82144157,generic
4069,2025-08,38,senior,8630.8,79.3,193.24,0.0,0.0,0.0,0.0,254.58,527.12,8103.68,93.89,buen_ahorrador,2.8,2,9,expenseCheck_u24629591,generic
4278,2025-04,39,senior,5545.3,0.0,0.0,0.0,0.0,0.0,0.0,308.5,308.5,5236.8,94.44,buen_ahorrador,2.8,2,13,u82144157,generic
4495,2025-09,37,senior,9190.33,389.24,686.43,0.0,0.0,0.0,0.0,89.24,1164.91,8025.42,87.32,buen_ahorrador,2.8,2,10,expenseCheck_u24629591,generic
7385,2024-04,31,senior,6177.8,0.0,0.0,0.0,0.0,0.0,0.0,498.1,498.1,5679.7,91.94,buen_ahorrador,3.4,2,13,u82144157,generic
30235,2023-11,26,senior,3524.0,0.0,0.0,0.0,0.0,0.0,0.0,579.9,579.9,2944.1,83.54,buen_ahorrador,1.9,2,16,u82144157,generic
9117,2022-10,33,senior,3629.8,0.0,0.0,0.0,0.0,0.0,0.0,519.8,519.8,3110.0,85.68,buen_ahorrador,10.2,2,14,u82144157,generic
29549,2025-04,34,senior,3472.0,0.0,0.0,0.0,0.0,0.0,0.0,430.7,430.7,3041.3,87.6,buen_ahorrador,2.8,2,15,u82144157,generic
26098,2024-03,31,senior,3532.1,0.0,0.0,0.0,0.0,0.0,0.0,422.0,422.0,3110.1,88.05,buen_ahorrador,3.4,2,16,u82144157,generic
29394,2023-10,27,senior,3442.4,0.0,0.0,0.0,0.0,0.0,0.0,441.3,441.3,3001.1,87.18,buen_ahorrador,1.9,2,12,u82144157,generic
33030,2024-07,27,senior,3164.5,0.0,0.0,0.0,0.0,0.0,0.0,469.1,469.1,2695.4,85.18,buen_ahorrador,3.4,2,15,u82144157,generic
15026,2022-03,25,senior,4402.9,0.0,0.0,0.0,0.0,0.0,0.0,320.2,320.2,4082.7,92.73,buen_ahorrador,6.1,2,12,u82144157,generic
45,2024-07,26,freelance,3572.7,0.0,0.0,0.0,0.0,0.0,0.0,295.9,295.9,3276.8,91.72,buen_ahorrador,3.4,3,12,u82144157,generic
628,2025-12,31,medio,2164.8,0.0,38.2,0.0,93.7,0.0,0.0,113.5,245.4,1919.4,88.66,buen_ahorrador,2.8,1,10,u98235448,generic
39108,2022-02,27,senior,4331.8,0.0,0.0,0.0,0.0,0.0,0.0,426.0,426.0,3905.8,90.17,buen_ahorrador,6.1,2,14,u82144157,generic
9112,2026-06,28,medio,2085.5,0.0,189.8,0.0,115.37,0.0,0.0,28.0,333.17,1752.33,84.02,buen_ahorrador,2.8,1,16,u98235448,generic
24825,2026-02,40,senior,6563.7,0.0,495.11,0.0,0.0,0.0,0.0,96.0,591.11,5972.59,90.99,buen_ahorrador,2.8,2,11,expenseCheck_u26350274,es
13017,2025-07,27,senior,8690.55,0.0,209.22,0.0,0.0,0.0,0.0,543.48,752.7,7937.85,91.34,buen_ahorrador,2.8,2,9,expenseCheck_u24629591,generic
8946,2022-11,30,senior,3520.4,0.0,0.0,0.0,0.0,0.0,0.0,299.1,299.1,3221.3,91.5,buen_ahorrador,10.2,2,12,u82144157,generic
25694,2025-10,34,medio,2155.3,0.0,12.4,0.0,54.8,0.0,0.0,132.0,199.2,1956.1,90.76,buen_ahorrador,2.8,1,14,u98235448,generic
9,2025-08,35,senior,5612.16,0.0,504.1,0.0,0.0,0.0,0.0,274.62,778.72,4833.44,86.12,buen_ahorrador,2.8,2,16,expenseCheck_u26350274,es
29363,2021-11,40,senior,3239.6,0.0,0.0,0.0,0.0,0.0,0.0,395.3,395.3,2844.3,87.8,buen_ahorrador,6.7,2,15,u82144157,generic
17025,2023-07,38,medio,2054.1,0.0,86.1,0.0,79.5,0.0,0.0,101.68,267.28,1786.82,86.99,buen_ahorrador,1.9,1,12,u98235448,generic
783,2026-04,33,medio,2015.0,0.0,73.5,0.0,89.8,0.0,0.0,64.65,227.95,1787.05,88.69,buen_ahorrador,2.8,1,14,u98235448,generic
30218,2023-11,25,medio,1916.8,0.0,83.23,0.0,39.0,0.0,0.0,192.23,314.46,1602.34,83.59,buen_ahorrador,1.9,1,11,u98235448,generic
4908,2026-03,32,medio,1873.6,0.0,95.78,0.0,74.2,0.0,0.0,85.38,255.36,1618.24,86.37,buen_ahorrador,2.8,1,11,u98235448,generic
29476,2026-06,32,medio,2511.92,30.57,261.22,121.96,12.93,0.0,0.0,213.02,639.7,1872.22,74.53,buen_ahorrador,2.8,1,35,u74445512,de
11493,2021-12,40,senior,4708.1,0.0,0.0,0.0,0.0,0.0,0.0,338.9,338.9,4369.2,92.8,buen_ahorrador,6.7,2,15,u82144157,generic
10960,2026-05,25,junior,1570.33,0.0,0.0,0.0,0.0,0.0,0.0,545.79,545.79,1024.54,65.24,buen_ahorrador,2.8,0,15,u86382190,generic
8820,2024-02,31,senior,3638.1,0.0,0.0,0.0,0.0,0.0,0.0,316.6,316.6,3321.5,91.3,buen_ahorrador,3.4,2,13,u82144157,generic
1676,2021-08,40,senior,3323.5,0.0,0.0,0.0,0.0,0.0,0.0,544.2,544.2,2779.3,83.63,buen_ahorrador,6.7,2,14,u82144157,generic
19169,2026-03,26,junior,1631.34,0.0,0.0,0.0,0.0,0.0,0.0,491.09,491.09,1140.25,69.9,buen_ahorrador,2.8,0,15,u86382190,generic
38606,2022-03,31,senior,5647.5,0.0,0.0,0.0,0.0,0.0,0.0,563.8,563.8,5083.7,90.02,buen_ahorrador,6.1,2,16,u82144157,generic
4579,2023-08,33,senior,5669.7,0.0,0.0,0.0,0.0,0.0,0.0,307.0,307.0,5362.7,94.59,buen_ahorrador,1.9,2,13,u82144157,generic
9840,2026-07,26,medio,1992.76,38.6,121.25,366.22,0.0,0.0,0.0,463.78,989.85,1002.91,50.33,buen_ahorrador,2.8,1,30,u74445512,de
18776,2023-12,27,medio,2093.8,0.0,62.7,0.0,183.8,0.0,0.0,56.5,303.0,1790.8,85.53,buen_ahorrador,3.3,1,11,u98235448,generic
355,2025-02,30,medio,2023.41,0.0,66.7,0.0,51.6,0.0,0.0,89.48,207.78,1815.63,89.73,buen_ahorrador,2.8,1,12,u98235448,generic
8878,2023-07,29,senior,3143.0,0.0,0.0,0.0,0.0,0.0,0.0,576.2,576.2,2566.8,81.67,buen_ahorrador,1.9,2,15,u82144157,generic
13784,2021-08,32,senior,4964.3,0.0,0.0,0.0,0.0,0.0,0.0,187.7,187.7,4776.6,96.22,buen_ahorrador,6.7,2,11,u82144157,generic
15040,2026-05,36,medio,1897.65,0.0,2016.63,94.8,0.0,0.0,0.0,1678.15,3789.58,-1891.93,-99.7,ahorro_insuficiente,2.8,1,31,u74445512,de
26819,2025-10,34,senior,3551.0,0.0,0.0,0.0,0.0,0.0,0.0,509.9,509.9,3041.1,85.64,buen_ahorrador,2.8,2,14,u82144157,generic
9577,2021-08,31,senior,3458.4,0.0,0.0,0.0,0.0,0.0,0.0,521.9,521.9,2936.5,84.91,buen_ahorrador,6.7,2,15,u82144157,generic
29473,2025-07,31,senior,3504.6,0.0,0.0,0.0,0.0,0.0,0.0,412.0,412.0,3092.6,88.24,buen_ahorrador,2.8,2,12,u82144157,generic
14544,2021-10,28,senior,4634.3,0.0,0.0,0.0,0.0,0.0,0.0,523.5,523.5,4110.8,88.7,buen_ahorrador,6.7,2,16,u82144157,generic
23387,2026-02,30,junior,1555.44,0.0,0.0,0.0,0.0,0.0,0.0,423.45,423.45,1131.99,72.78,buen_ahorrador,2.8,0,15,u86382190,generic
6218,2026-04,28,junior,1684.31,0.0,0.0,0.0,0.0,0.0,0.0,584.44,584.44,1099.87,65.3,buen_ahorrador,2.8,0,14,u86382190,generic
4727,2021-08,34,senior,4611.8,0.0,0.0,0.0,0.0,0.0,0.0,494.6,494.6,4117.2,89.28,buen_ahorrador,6.7,2,13,u82144157,generic
16048,2026-05,25,medio,2498.24,40.39,245.76,47.32,0.0,0.0,0.0,1509.11,1842.58,655.66,26.24,buen_ahorrador,2.8,1,36,u74445512,de
29524,2023-02,35,senior,3531.7,0.0,0.0,0.0,0.0,0.0,0.0,225.1,225.1,3306.6,93.63,buen_ahorrador,5.9,2,10,u82144157,generic
22604,2026-05,25,senior,8903.14,149.13,81.97,0.0,0.0,0.0,0.0,517.82,748.92,8154.22,91.59,buen_ahorrador,2.8,2,10,expenseCheck_u24629591,generic
4042,2024-11,29,senior,3270.8,0.0,0.0,0.0,0.0,0.0,0.0,409.6,409.6,2861.2,87.48,buen_ahorrador,1.5,2,13,u82144157,generic
6179,2024-02,31,senior,4336.5,0.0,0.0,0.0,0.0,0.0,0.0,247.8,247.8,4088.7,94.29,buen_ahorrador,3.4,2,12,u82144157,generic
120,2025-02,38,senior,3410.7,0.0,0.0,0.0,0.0,0.0,0.0,512.1,512.1,2898.6,84.99,buen_ahorrador,2.8,2,15,u82144157,generic
15019,2026-02,33,senior,9589.34,0.0,636.13,0.0,0.0,0.0,0.0,150.64,786.77,8802.57,91.8,buen_ahorrador,2.8,2,10,expenseCheck_u24629591,generic
9831,2024-09,30,medio,2101.7,0.0,44.5,0.0,124.1,0.0,0.0,69.1,237.7,1864.0,88.69,buen_ahorrador,1.5,1,13,u98235448,generic
6483,2026-05,40,senior,8709.61,0.0,359.4,0.0,0.0,0.0,0.0,71.31,430.71,8278.9,95.05,buen_ahorrador,2.8,2,11,expenseCheck_u26350274,es
4668,2023-12,34,medio,1923.3,0.0,93.2,0.0,204.45,0.0,0.0,13.7,311.35,1611.95,83.81,buen_ahorrador,3.3,1,13,u98235448,generic
14,2023-07,33,senior,5527.9,0.0,0.0,0.0,0.0,0.0,0.0,393.9,393.9,5134.0,92.87,buen_ahorrador,1.9,2,14,u82144157,generic
4846,2023-09,32,senior,3294.5,0.0,0.0,0.0,0.0,0.0,0.0,316.9,316.9,2977.6,90.38,buen_ahorrador,1.9,2,12,u82144157,generic
1380,2025-12,39,senior,5484.11,0.0,212.8,0.0,0.0,0.0,0.0,190.61,403.41,5080.7,92.64,buen_ahorrador,2.8,2,10,expenseCheck_u26350274,es
18064,2026-07,31,medio,2265.19,24.21,71.83,66.71,0.0,0.0,0.0,2009.2,2171.95,93.24,4.12,ahorro_insuficiente,2.8,1,35,u74445512,de
9817,2021-12,39,senior,3444.8,0.0,0.0,0.0,0.0,0.0,0.0,449.4,449.4,2995.4,86.95,buen_ahorrador,6.7,2,14,u82144157,generic
39511,2023-09,28,medio,1910.7,0.0,96.56,0.0,85.3,0.0,0.0,82.46,264.32,1646.38,86.17,buen_ahorrador,1.9,1,13,u98235448,generic
16506,2024-10,37,medio,1983.07,0.0,113.0,0.0,111.75,0.0,0.0,106.68,331.43,1651.64,83.29,buen_ahorrador,1.5,1,15,u98235448,generic
1723,2025-11,39,senior,9456.69,57.29,63.77,0.0,0.0,0.0,0.0,147.27,268.33,9188.36,97.16,buen_ahorrador,2.8,2,10,expenseCheck_u24629591,generic
8987,2023-12,26,medio,1920.0,0.0,31.2,0.0,34.3,0.0,0.0,169.54,235.04,1684.96,87.76,buen_ahorrador,3.3,1,13,u98235448,generic
28551,2025-08,26,medio,2113.8,0.0,51.0,0.0,109.4,0.0,0.0,63.35,223.75,1890.05,89.41,buen_ahorrador,2.8,1,11,u98235448,generic
416,2025-03,40,senior,6072.7,0.0,0.0,0.0,0.0,0.0,0.0,225.7,225.7,5847.0,96.28,buen_ahorrador,2.8,2,10,u82144157,generic
8050,2022-06,32,senior,3609.1,0.0,0.0,0.0,0.0,0.0,0.0,299.4,299.4,3309.7,91.7,buen_ahorrador,10.2,2,10,u82144157,generic
1643,2023-10,31,medio,2086.61,0.0,89.61,0.0,129.9,0.0,0.0,75.23,294.74,1791.87,85.87,buen_ahorrador,1.9,1,12,u98235448,generic
9817,2023-12,39,senior,3432.2,0.0,0.0,0.0,0.0,0.0,0.0,450.4,450.4,2981.8,86.88,buen_ahorrador,3.3,2,13,u82144157,generic
36225,2021-11,33,senior,4685.7,0.0,0.0,0.0,0.0,0.0,0.0,567.9,567.9,4117.8,87.88,buen_ahorrador,6.7,2,15,u82144157,generic
16516,2024-04,31,senior,3358.6,0.0,0.0,0.0,0.0,0.0,0.0,567.8,567.8,2790.8,83.09,buen_ahorrador,3.4,2,15,u82144157,generic
30218,2026-06,25,medio,1968.53,0.0,86.0,0.0,194.53,0.0,0.0,60.3,340.83,1627.7,82.69,buen_ahorrador,2.8,1,11,u98235448,generic
9842,2023-10,29,medio,2019.56,0.0,32.67,0.0,185.48,0.0,0.0,28.5,246.65,1772.91,87.79,buen_ahorrador,1.9,1,11,u98235448,generic
9676,2023-11,38,medio,1957.3,0.0,43.3,0.0,115.19,0.0,0.0,154.11,312.6,1644.7,84.03,buen_ahorrador,1.9,1,15,u98235448,generic
749,2025-09,32,senior,3120.4,0.0,0.0,0.0,0.0,0.0,0.0,258.7,258.7,2861.7,91.71,buen_ahorrador,2.8,2,11,u82144157,generic
27008,2025-04,29,senior,3360.8,0.0,0.0,0.0,0.0,0.0,0.0,441.2,441.2,2919.6,86.87,buen_ahorrador,2.8,2,13,u82144157,generic
5098,2024-09,37,senior,3161.6,0.0,0.0,0.0,0.0,0.0,0.0,334.0,334.0,2827.6,89.44,buen_ahorrador,1.5,2,11,u82144157,generic
31519,2025-08,34,medio,1925.1,0.0,41.8,0.0,95.84,0.0,0.0,73.6,211.24,1713.86,89.03,buen_ahorrador,2.8,1,16,u98235448,generic
1132,2024-04,33,medio,2145.0,0.0,58.6,0.0,61.7,0.0,0.0,106.9,227.2,1917.8,89.41,buen_ahorrador,3.4,1,11,u98235448,generic
9455,2023-10,26,senior,4587.4,0.0,0.0,0.0,0.0,0.0,0.0,274.3,274.3,4313.1,94.02,buen_ahorrador,1.9,2,11,u82144157,generic
1825,2025-08,34,senior,8474.39,0.0,305.39,0.0,0.0,0.0,0.0,133.1,438.49,8035.9,94.83,buen_ahorrador,2.8,2,14,expenseCheck_u26350274,es
9455,2022-04,26,senior,4898.5,0.0,0.0,0.0,0.0,0.0,0.0,477.8,477.8,4420.7,90.25,buen_ahorrador,6.1,2,14,u82144157,generic
39059,2023-12,30,senior,3570.0,0.0,0.0,0.0,0.0,0.0,0.0,496.9,496.9,3073.1,86.08,buen_ahorrador,3.3,2,16,u82144157,generic
14505,2023-04,33,senior,4616.9,0.0,0.0,0.0,0.0,0.0,0.0,380.6,380.6,4236.3,91.76,buen_ahorrador,5.9,2,15,u82144157,generic
394,2024-09,26,medio,1936.2,0.0,85.0,0.0,128.35,0.0,0.0,64.07,277.42,1658.78,85.67,buen_ahorrador,1.5,1,14,u98235448,generic
8309,2024-04,25,medio,2128.9,0.0,67.6,0.0,83.2,0.0,0.0,71.72,222.52,1906.38,89.55,buen_ahorrador,3.4,1,15,u98235448,generic
15672,2026-06,29,medio,1892.1,0.0,66.45,0.0,58.7,0.0,0.0,184.32,309.47,1582.63,83.64,buen_ahorrador,2.8,1,14,u98235448,generic
5400,2024-04,27,senior,3682.5,0.0,0.0,0.0,0.0,0.0,0.0,302.8,302.8,3379.7,91.78,buen_ahorrador,3.4,2,11,u82144157,generic
13750,2025-11,38,senior,7438.1,0.0,0.0,0.0,0.0,0.0,0.0,281.8,281.8,7156.3,96.21,buen_ahorrador,2.8,2,14,u82144157,generic
34278,2025-03,40,senior,3315.5,0.0,0.0,0.0,0.0,0.0,0.0,322.9,322.9,2992.6,90.26,buen_ahorrador,2.8,2,10,u82144157,generic
28750,2026-07,34,junior,1666.3,0.0,0.0,0.0,0.0,0.0,0.0,3289.3,3289.3,-1623.0,-97.4,ahorro_insuficiente,2.8,0,12,u83188312,generic
20927,2025-07,39,medio,1829.3,0.0,46.2,0.0,78.5,0.0,0.0,216.5,341.2,1488.1,81.35,buen_ahorrador,2.8,1,14,u98235448,generic
5501,2025-06,30,senior,3060.0,0.0,0.0,0.0,0.0,0.0,0.0,389.2,389.2,2670.8,87.28,buen_ahorrador,2.8,2,11,u82144157,generic
29458,2026-05,31,junior,1590.03,0.0,0.0,0.0,0.0,0.0,0.0,552.77,552.77,1037.26,65.24,buen_ahorrador,2.8,0,16,u86382190,generic
4633,2026-07,26,junior,1668.72,0.0,0.0,0.0,0.0,0.0,0.0,350.8,350.8,1317.92,78.98,buen_ahorrador,2.8,0,14,u86382190,generic
17062,2026-06,37,medio,2187.57,2.5,692.33,85.5,0.0,0.0,0.0,488.36,1268.69,918.88,42.0,buen_ahorrador,2.8,1,33,u74445512,de
16516,2023-05,31,senior,4439.2,0.0,0.0,0.0,0.0,0.0,0.0,346.2,346.2,4093.0,92.2,buen_ahorrador,5.9,2,14,u82144157,generic
30805,2024-06,31,senior,3768.8,0.0,0.0,0.0,0.0,0.0,0.0,204.3,204.3,3564.5,94.58,buen_ahorrador,3.4,2,10,u82144157,generic
597,2026-07,28,junior,1571.38,0.0,0.0,0.0,0.0,0.0,0.0,399.91,399.91,1171.47,74.55,buen_ahorrador,2.8,0,14,u86382190,generic
4506,2026-01,37,junior,1601.21,0.0,0.0,0.0,0.0,0.0,0.0,381.46,381.46,1219.75,76.18,buen_ahorrador,2.8,0,11,u86382190,generic
20476,2026-02,38,senior,5828.96,0.0,891.78,0.0,0.0,0.0,0.0,466.39,1358.17,4470.79,76.7,buen_ahorrador,2.8,2,16,expenseCheck_u26350274,es
29365,2026-03,26,medio,1960.6,0.0,43.4,0.0,85.0,0.0,0.0,127.8,256.2,1704.4,86.93,buen_ahorrador,2.8,1,12,u98235448,generic
9026,2025-08,39,senior,8239.44,0.0,512.66,0.0,0.0,0.0,0.0,137.39,650.05,7589.39,92.11,buen_ahorrador,2.8,2,13,expenseCheck_u26350274,es
14757,2026-01,36,senior,8727.29,0.0,171.51,0.0,0.0,0.0,0.0,746.92,918.43,7808.86,89.48,buen_ahorrador,2.8,2,8,expenseCheck_u24629591,generic
30860,2025-04,29,medio,1986.8,0.0,66.0,0.0,205.3,0.0,0.0,62.2,333.5,1653.3,83.21,buen_ahorrador,2.8,1,15,u98235448,generic
17959,2025-09,40,senior,9107.36,31.85,577.92,0.0,0.0,0.0,0.0,49.53,659.3,8448.06,92.76,buen_ahorrador,2.8,2,11,expenseCheck_u24629591,generic
8797,2026-01,39,senior,5525.32,0.0,227.61,0.0,0.0,0.0,0.0,154.88,382.49,5142.83,93.08,buen_ahorrador,2.8,2,12,expenseCheck_u26350274,es
1038,2026-03,33,senior,5480.01,0.0,855.94,0.0,0.0,0.0,0.0,323.39,1179.33,4300.68,78.48,buen_ahorrador,2.8,2,13,expenseCheck_u26350274,es
19911,2025-12,39,senior,9133.56,191.45,210.15,0.0,0.0,0.0,0.0,146.95,548.55,8585.01,93.99,buen_ahorrador,2.8,2,10,expenseCheck_u24629591,generic
9844,2023-09,34,senior,3295.4,0.0,0.0,0.0,0.0,0.0,0.0,497.9,497.9,2797.5,84.89,buen_ahorrador,1.9,2,14,u82144157,generic
792,2026-01,36,medio,1869.0,0.0,52.8,0.0,247.74,0.0,0.0,25.47,326.01,1542.99,82.56,buen_ahorrador,2.8,1,15,u98235448,generic
32974,2022-05,34,senior,3527.9,0.0,0.0,0.0,0.0,0.0,0.0,503.7,503.7,3024.2,85.72,buen_ahorrador,6.1,2,16,u82144157,generic
29010,2024-06,27,senior,5393.2,0.0,0.0,0.0,0.0,0.0,0.0,350.3,350.3,5042.9,93.5,buen_ahorrador,3.4,2,15,u82144157,generic
9062,2024-09,27,senior,3469.9,0.0,0.0,0.0,0.0,0.0,0.0,347.5,347.5,3122.4,89.99,buen_ahorrador,1.5,2,12,u82144157,generic
19237,2024-11,29,senior,6752.8,0.0,0.0,0.0,0.0,0.0,0.0,373.6,373.6,6379.2,94.47,buen_ahorrador,1.5,2,12,u82144157,generic
4436,2025-08,34,senior,3431.4,0.0,0.0,0.0,0.0,0.0,0.0,468.6,468.6,2962.8,86.34,buen_ahorrador,2.8,2,14,u82144157,generic
25218,2026-04,31,senior,6167.62,0.0,305.84,0.0,0.0,0.0,0.0,152.29,458.13,5709.49,92.57,buen_ahorrador,2.8,2,11,expenseCheck_u26350274,es
5716,2026-04,39,medio,2095.8,0.0,89.71,0.0,126.0,0.0,0.0,155.55,371.26,1724.54,82.29,buen_ahorrador,2.8,1,14,u98235448,generic
15022,2025-06,30,medio,1930.8,0.0,64.92,0.0,55.8,0.0,0.0,146.8,267.52,1663.28,86.14,buen_ahorrador,2.8,1,12,u98235448,generic
32944,2022-07,28,senior,3663.9,0.0,0.0,0.0,0.0,0.0,0.0,292.0,292.0,3371.9,92.03,buen_ahorrador,10.2,2,12,u82144157,generic
17268,2025-10,32,medio,2035.2,0.0,28.3,0.0,86.3,0.0,0.0,89.8,204.4,1830.8,89.96,buen_ahorrador,2.8,1,11,u98235448,generic
7246,2025-08,30,senior,3622.4,0.0,0.0,0.0,0.0,0.0,0.0,451.1,451.1,3171.3,87.55,buen_ahorrador,2.8,2,15,u82144157,generic
30555,2026-07,37,junior,1674.19,0.0,0.0,0.0,0.0,0.0,0.0,4797.1,4797.1,-3122.91,-186.53,ahorro_insuficiente,2.8,0,13,u83188312,generic
23735,2025-01,30,medio,2047.9,0.0,34.3,0.0,87.1,0.0,0.0,100.49,221.89,1826.01,89.16,buen_ahorrador,2.8,1,14,u98235448,generic
23697,2023-02,28,senior,3460.0,0.0,0.0,0.0,0.0,0.0,0.0,325.4,325.4,3134.6,90.6,buen_ahorrador,5.9,2,13,u82144157,generic
12500,2023-05,25,senior,3478.2,0.0,0.0,0.0,0.0,0.0,0.0,386.6,386.6,3091.6,88.89,buen_ahorrador,5.9,2,11,u82144157,generic
8820,2022-09,31,senior,4671.2,0.0,0.0,0.0,0.0,0.0,0.0,324.6,324.6,4346.6,93.05,buen_ahorrador,10.2,2,11,u82144157,generic
30591,2025-10,25,senior,9007.55,57.52,133.66,0.0,0.0,0.0,0.0,238.96,430.14,8577.41,95.22,buen_ahorrador,2.8,2,10,expenseCheck_u24629591,generic
609,2025-07,34,senior,3569.1,0.0,0.0,0.0,0.0,0.0,0.0,349.4,349.4,3219.7,90.21,buen_ahorrador,2.8,2,14,u82144157,generic
9094,2026-04,28,junior,1563.97,0.0,0.0,0.0,0.0,0.0,0.0,444.65,444.65,1119.32,71.57,buen_ahorrador,2.8,0,15,u86382190,generic
1387,2026-07,27,junior,421.3,0.0,0.0,0.0,0.0,0.0,0.0,454.1,454.1,-32.8,-7.79,ahorro_insuficiente,2.8,0,15,u60341395,generic
1083,2022-12,40,senior,5707.8,0.0,0.0,0.0,0.0,0.0,0.0,222.2,222.2,5485.6,96.11,buen_ahorrador,5.7,2,11,u82144157,generic
16687,2024-09,28,senior,4473.7,0.0,0.0,0.0,0.0,0.0,0.0,405.6,405.6,4068.1,90.93,buen_ahorrador,1.5,2,15,u82144157,generic
31166,2023-06,26,senior,3266.0,0.0,0.0,0.0,0.0,0.0,0.0,436.1,436.1,2829.9,86.65,buen_ahorrador,1.9,2,14,u82144157,generic
7728,2026-06,35,medio,2292.83,27.58,273.51,78.41,154.36,0.0,0.0,406.23,940.09,1352.74,59.0,buen_ahorrador,2.8,1,35,u74445512,de
29289,2024-06,29,senior,3495.7,0.0,0.0,0.0,0.0,0.0,0.0,255.3,255.3,3240.4,92.7,buen_ahorrador,3.4,2,10,u82144157,generic
14573,2021-08,31,freelance,3514.8,0.0,0.0,0.0,0.0,0.0,0.0,363.8,363.8,3151.0,89.65,buen_ahorrador,6.7,3,11,u82144157,generic
662,2024-02,25,medio,1964.3,0.0,26.77,0.0,139.9,0.0,0.0,32.99,199.66,1764.64,89.84,buen_ahorrador,3.4,1,11,u98235448,generic
29424,2024-09,31,senior,5701.9,0.0,0.0,0.0,0.0,0.0,0.0,260.4,260.4,5441.5,95.43,buen_ahorrador,1.5,2,12,u82144157,generic
655,2026-01,32,medio,2106.9,0.0,16.1,0.0,92.3,0.0,0.0,83.32,191.72,1915.18,90.9,buen_ahorrador,2.8,1,11,u98235448,generic
4178,2023-12,30,senior,4515.5,0.0,0.0,0.0,0.0,0.0,0.0,341.2,341.2,4174.3,92.44,buen_ahorrador,3.3,2,15,u82144157,generic
33701,2023-09,27,medio,1996.94,0.0,70.1,0.0,115.21,0.0,0.0,47.5,232.81,1764.13,88.34,buen_ahorrador,1.9,1,13,u98235448,generic
7617,2025-11,34,senior,8968.79,376.81,256.63,0.0,0.0,0.0,0.0,165.83,799.27,8169.52,91.09,buen_ahorrador,2.8,2,7,expenseCheck_u24629591,generic
4079,2026-07,32,medio,2330.72,0.0,502.64,94.57,42.4,0.0,0.0,1498.95,2138.56,192.16,8.24,ahorro_moderado,2.8,1,39,u74445512,de
20077,2026-01,40,senior,8934.87,0.0,81.02,0.0,0.0,0.0,0.0,167.54,248.56,8686.31,97.22,buen_ahorrador,2.8,2,7,expenseCheck_u24629591,generic
20059,2022-02,39,senior,5105.7,0.0,0.0,0.0,0.0,0.0,0.0,399.1,399.1,4706.6,92.18,buen_ahorrador,6.1,2,13,u82144157,generic
4086,2026-06,35,senior,5340.3,0.0,309.35,0.0,0.0,0.0,0.0,190.67,500.02,4840.28,90.64,buen_ahorrador,2.8,2,10,expenseCheck_u26350274,es
29533,2023-05,40,medio,1929.6,0.0,0.0,0.0,232.08,0.0,0.0,18.0,250.08,1679.52,87.04,buen_ahorrador,5.9,1,10,u98235448,generic
4733,2023-02,36,senior,6394.6,0.0,0.0,0.0,0.0,0.0,0.0,489.6,489.6,5905.0,92.34,buen_ahorrador,5.9,2,14,u82144157,generic
26279,2023-09,40,medio,1911.5,0.0,77.5,0.0,127.0,0.0,0.0,71.9,276.4,1635.1,85.54,buen_ahorrador,1.9,1,12,u98235448,generic
36228,2025-05,39,medio,2039.5,0.0,41.7,0.0,95.03,0.0,0.0,91.2,227.93,1811.57,88.82,buen_ahorrador,2.8,1,14,u98235448,generic
15707,2026-04,38,medio,1973.7,0.0,178.1,0.0,52.1,0.0,0.0,44.97,275.17,1698.53,86.06,buen_ahorrador,2.8,1,15,u98235448,generic
13917,2026-02,32,senior,5188.18,0.0,327.35,0.0,0.0,0.0,0.0,194.58,521.93,4666.25,89.94,buen_ahorrador,2.8,2,11,expenseCheck_u26350274,es
18138,2022-07,25,senior,3209.2,0.0,0.0,0.0,0.0,0.0,0.0,400.8,400.8,2808.4,87.51,buen_ahorrador,10.2,2,11,u82144157,generic
36435,2024-05,34,medio,1964.05,0.0,129.9,0.0,102.2,0.0,0.0,128.64,360.74,1603.31,81.63,buen_ahorrador,3.4,1,15,u98235448,generic
24671,2026-06,33,junior,407.7,0.0,0.0,0.0,0.0,0.0,0.0,338.8,338.8,68.9,16.9,buen_ahorrador,2.8,0,15,u60341395,generic
25844,2026-03,34,senior,5545.86,0.0,1219.08,0.0,0.0,0.0,0.0,218.93,1438.01,4107.85,74.07,buen_ahorrador,2.8,2,14,expenseCheck_u26350274,es
23717,2025-08,30,senior,5444.7,0.0,392.04,0.0,0.0,0.0,0.0,280.8,672.84,4771.86,87.64,buen_ahorrador,2.8,2,15,expenseCheck_u26350274,es
4699,2026-04,40,senior,5689.0,0.0,497.89,0.0,0.0,0.0,0.0,288.54,786.43,4902.57,86.18,buen_ahorrador,2.8,2,13,expenseCheck_u26350274,es
4206,2021-09,30,senior,5370.2,0.0,0.0,0.0,0.0,0.0,0.0,249.9,249.9,5120.3,95.35,buen_ahorrador,6.7,2,10,u82144157,generic
263,2022-03,31,senior,3533.9,0.0,0.0,0.0,0.0,0.0,0.0,337.9,337.9,3196.0,90.44,buen_ahorrador,6.1,2,12,u82144157,generic
12920,2024-11,36,senior,4234.8,0.0,0.0,0.0,0.0,0.0,0.0,389.0,389.0,3845.8,90.81,buen_ahorrador,1.5,2,14,u82144157,generic
8602,2026-01,25,senior,5840.96,0.0,1489.86,0.0,0.0,0.0,0.0,316.22,1806.08,4034.88,69.08,buen_ahorrador,2.8,2,15,expenseCheck_u26350274,es
12848,2024-11,40,senior,4741.2,0.0,0.0,0.0,0.0,0.0,0.0,522.5,522.5,4218.7,88.98,buen_ahorrador,1.5,2,14,u82144157,generic
5503,2025-06,36,medio,1950.4,0.0,40.3,0.0,93.1,0.0,0.0,92.0,225.4,1725.0,88.44,buen_ahorrador,2.8,1,11,u98235448,generic
4106,2023-07,37,senior,5933.7,0.0,0.0,0.0,0.0,0.0,0.0,456.1,456.1,5477.6,92.31,buen_ahorrador,1.9,2,14,u82144157,generic
15463,2023-09,25,senior,8024.2,0.0,0.0,0.0,0.0,0.0,0.0,175.6,175.6,7848.6,97.81,buen_ahorrador,1.9,2,10,u82144157,generic
14050,2025-11,25,senior,9185.81,0.0,170.03,0.0,0.0,0.0,0.0,378.96,548.99,8636.82,94.02,buen_ahorrador,2.8,2,8,expenseCheck_u24629591,generic
6900,2025-05,40,senior,3423.9,0.0,0.0,0.0,0.0,0.0,0.0,433.3,433.3,2990.6,87.34,buen_ahorrador,2.8,2,14,u82144157,generic
4581,2026-02,38,medio,2166.47,0.0,38.6,0.0,49.7,0.0,0.0,90.8,179.1,1987.37,91.73,buen_ahorrador,2.8,1,11,u98235448,generic
20804,2025-07,37,senior,8877.94,0.0,344.44,0.0,0.0,0.0,0.0,285.31,629.75,8248.19,92.91,buen_ahorrador,2.8,2,10,expenseCheck_u24629591,generic
4663,2022-04,27,senior,4928.7,0.0,0.0,0.0,0.0,0.0,0.0,556.3,556.3,4372.4,88.71,buen_ahorrador,6.1,2,15,u82144157,generic
16668,2023-12,26,medio,2126.1,0.0,46.4,0.0,133.0,0.0,0.0,136.5,315.9,1810.2,85.14,buen_ahorrador,3.3,1,15,u98235448,generic
22382,2023-11,35,senior,5186.9,0.0,0.0,0.0,0.0,0.0,0.0,417.6,417.6,4769.3,91.95,buen_ahorrador,1.9,2,14,u82144157,generic
547,2025-09,32,senior,8052.37,0.0,318.99,0.0,0.0,0.0,0.0,280.79,599.78,7452.59,92.55,buen_ahorrador,2.8,2,11,expenseCheck_u24629591,generic
8007,2024-10,37,medio,2159.7,0.0,60.1,0.0,215.6,0.0,0.0,127.39,403.09,1756.61,81.34,buen_ahorrador,1.5,1,14,u98235448,generic
4075,2024-06,25,senior,3236.0,0.0,0.0,0.0,0.0,0.0,0.0,365.0,365.0,2871.0,88.72,buen_ahorrador,3.4,2,12,u82144157,generic
1730,2024-10,31,medio,2014.2,0.0,38.52,0.0,165.2,0.0,0.0,140.4,344.12,1670.08,82.92,buen_ahorrador,1.5,1,12,u98235448,generic
4237,2025-03,39,medio,1913.3,0.0,65.16,0.0,150.62,0.0,0.0,21.1,236.88,1676.42,87.62,buen_ahorrador,2.8,1,11,u98235448,generic
5582,2025-11,25,medio,2015.2,0.0,45.3,0.0,198.5,0.0,0.0,141.9,385.7,1629.5,80.86,buen_ahorrador,2.8,1,14,u98235448,generic
19447,2025-03,40,senior,3644.3,0.0,0.0,0.0,0.0,0.0,0.0,482.3,482.3,3162.0,86.77,buen_ahorrador,2.8,2,15,u82144157,generic
20769,2023-07,40,medio,1960.73,0.0,23.8,0.0,135.26,0.0,0.0,66.65,225.71,1735.02,88.49,buen_ahorrador,1.9,1,13,u98235448,generic
17023,2024-04,30,medio,2056.6,0.0,45.66,0.0,104.4,0.0,0.0,138.2,288.26,1768.34,85.98,buen_ahorrador,3.4,1,14,u98235448,generic
5881,2026-06,37,junior,1739.97,0.0,0.0,0.0,0.0,0.0,0.0,1834.73,1834.73,-94.76,-5.45,ahorro_insuficiente,2.8,0,13,u83188312,generic
12105,2026-07,40,senior,7515.72,0.0,625.47,0.0,0.0,0.0,0.0,165.92,791.39,6724.33,89.47,buen_ahorrador,2.8,2,10,expenseCheck_u26350274,es
28552,2024-11,27,medio,1985.5,0.0,35.45,0.0,210.5,0.0,0.0,73.0,318.95,1666.55,83.94,buen_ahorrador,1.5,1,12,u98235448,generic
31950,2025-11,38,medio,1926.0,0.0,87.8,0.0,163.3,0.0,0.0,0.0,251.1,1674.9,86.96,buen_ahorrador,2.8,1,10,u98235448,generic
629,2025-11,33,senior,3503.7,0.0,0.0,0.0,0.0,0.0,0.0,381.8,381.8,3121.9,89.1,buen_ahorrador,2.8,2,13,u82144157,generic
9812,2023-11,33,medio,2024.4,0.0,66.6,0.0,140.25,0.0,0.0,3.2,210.05,1814.35,89.62,buen_ahorrador,1.9,1,11,u98235448,generic
15006,2022-11,30,senior,3586.9,0.0,0.0,0.0,0.0,0.0,0.0,354.7,354.7,3232.2,90.11,buen_ahorrador,10.2,2,13,u82144157,generic
13400,2025-05,38,medio,2016.6,0.0,91.0,0.0,152.94,0.0,0.0,124.36,368.3,1648.3,81.74,buen_ahorrador,2.8,1,16,u98235448,generic
29507,2022-09,35,senior,3564.8,0.0,0.0,0.0,0.0,0.0,0.0,450.8,450.8,3114.0,87.35,buen_ahorrador,10.2,2,15,u82144157,generic
5511,2023-02,34,senior,3292.9,0.0,0.0,0.0,0.0,0.0,0.0,447.2,447.2,2845.7,86.42,buen_ahorrador,5.9,2,16,u82144157,generic
13415,2026-06,32,junior,605.5,0.0,0.0,0.0,0.0,0.0,0.0,330.1,330.1,275.4,45.48,buen_ahorrador,2.8,0,14,u60341395,generic
15239,2024-08,29,senior,3261.2,0.0,0.0,0.0,0.0,0.0,0.0,369.5,369.5,2891.7,88.67,buen_ahorrador,3.4,2,13,u82144157,generic
6817,2025-07,32,medio,2011.7,0.0,25.2,0.0,172.26,0.0,0.0,28.8,226.26,1785.44,88.75,buen_ahorrador,2.8,1,11,u98235448,generic
30560,2024-12,33,medio,1965.0,0.0,87.99,0.0,77.4,0.0,0.0,93.3,258.69,1706.31,86.84,buen_ahorrador,2.8,1,14,u98235448,generic
4522,2025-01,39,medio,2136.0,0.0,89.4,0.0,131.5,0.0,0.0,131.7,352.6,1783.4,83.49,buen_ahorrador,2.8,1,16,u98235448,generic
681,2025-12,40,senior,8830.37,62.16,196.47,0.0,0.0,0.0,0.0,132.7,391.33,8439.04,95.57,buen_ahorrador,2.8,2,9,expenseCheck_u24629591,generic
30208,2025-03,35,senior,4495.0,0.0,0.0,0.0,0.0,0.0,0.0,439.7,439.7,4055.3,90.22,buen_ahorrador,2.8,2,15,u82144157,generic
29419,2023-10,25,senior,3389.3,0.0,0.0,0.0,0.0,0.0,0.0,388.5,388.5,3000.8,88.54,buen_ahorrador,1.9,2,12,u82144157,generic
18776,2025-02,27,medio,1943.4,0.0,60.8,0.0,217.41,0.0,0.0,33.04,311.25,1632.15,83.98,buen_ahorrador,2.8,1,14,u98235448,generic
4578,2024-07,36,medio,1881.6,0.0,51.2,0.0,90.81,0.0,0.0,94.8,236.81,1644.79,87.41,buen_ahorrador,3.4,1,10,u98235448,generic
28182,2025-06,38,senior,3429.4,0.0,0.0,0.0,0.0,0.0,0.0,519.7,519.7,2909.7,84.85,buen_ahorrador,2.8,2,15,u82144157,generic
7896,2022-05,27,senior,3481.3,0.0,0.0,0.0,0.0,0.0,0.0,312.1,312.1,3169.2,91.03,buen_ahorrador,6.1,2,11,u82144157,generic
16470,2026-06,32,medio,2157.6,0.0,22.74,0.0,135.1,0.0,0.0,113.55,271.39,1886.21,87.42,buen_ahorrador,2.8,1,13,u98235448,generic
4615,2025-06,34,senior,3458.0,0.0,0.0,0.0,0.0,0.0,0.0,337.2,337.2,3120.8,90.25,buen_ahorrador,2.8,2,11,u82144157,generic
10524,2022-07,26,senior,5279.6,0.0,0.0,0.0,0.0,0.0,0.0,474.5,474.5,4805.1,91.01,buen_ahorrador,10.2,2,16,u82144157,generic
14644,2026-03,25,senior,9465.42,0.0,334.0,0.0,0.0,0.0,0.0,220.88,554.88,8910.54,94.14,buen_ahorrador,2.8,2,9,expenseCheck_u24629591,generic
22865,2026-03,38,medio,2096.8,0.0,103.9,0.0,170.59,0.0,0.0,68.0,342.49,1754.31,83.67,buen_ahorrador,2.8,1,16,u98235448,generic
25857,2025-07,25,medio,2042.0,0.0,53.36,0.0,115.41,0.0,0.0,145.7,314.47,1727.53,84.6,buen_ahorrador,2.8,1,13,u98235448,generic
33686,2021-10,27,senior,3567.1,0.0,0.0,0.0,0.0,0.0,0.0,326.8,326.8,3240.3,90.84,buen_ahorrador,6.7,2,10,u82144157,generic
34744,2024-05,27,medio,1989.77,0.0,26.72,0.0,189.7,0.0,0.0,84.7,301.12,1688.65,84.87,buen_ahorrador,3.4,1,11,u98235448,generic
39531,2023-06,34,senior,3423.9,0.0,0.0,0.0,0.0,0.0,0.0,366.0,366.0,3057.9,89.31,buen_ahorrador,1.9,2,12,u82144157,generic
34295,2024-09,37,medio,2050.1,0.0,73.31,0.0,77.25,0.0,0.0,148.2,298.76,1751.34,85.43,buen_ahorrador,1.5,1,15,u98235448,generic
4296,2026-06,32,junior,647.18,0.0,0.0,0.0,0.0,0.0,0.0,441.9,441.9,205.28,31.72,buen_ahorrador,2.8,0,15,u60341395,generic
34276,2026-01,26,senior,8968.0,0.0,224.57,0.0,0.0,0.0,0.0,225.09,449.66,8518.34,94.99,buen_ahorrador,2.8,2,9,expenseCheck_u24629591,generic
5160,2024-03,29,senior,5316.0,0.0,0.0,0.0,0.0,0.0,0.0,377.8,377.8,4938.2,92.89,buen_ahorrador,3.4,2,16,u82144157,generic
28853,2025-03,40,senior,3381.8,0.0,0.0,0.0,0.0,0.0,0.0,328.5,328.5,3053.3,90.29,buen_ahorrador,2.8,2,11,u82144157,generic
4122,2025-06,36,senior,3399.7,0.0,0.0,0.0,0.0,0.0,0.0,394.5,394.5,3005.2,88.4,buen_ahorrador,2.8,2,15,u82144157,generic
25139,2023-09,32,medio,1852.9,0.0,77.1,0.0,88.9,0.0,0.0,40.38,206.38,1646.52,88.86,buen_ahorrador,1.9,1,13,u98235448,generic
22421,2023-07,25,medio,2045.91,0.0,73.68,0.0,120.85,0.0,0.0,71.6,266.13,1779.78,86.99,buen_ahorrador,1.9,1,11,u98235448,generic
20766,2026-07,29,medio,2236.82,2.5,784.3,10.86,0.0,0.0,0.0,498.45,1296.11,940.71,42.06,buen_ahorrador,2.8,1,29,u74445512,de
320,2022-01,31,senior,3460.2,0.0,0.0,0.0,0.0,0.0,0.0,436.7,436.7,3023.5,87.38,buen_ahorrador,6.1,2,15,u82144157,generic
4294,2024-01,33,senior,3386.4,0.0,0.0,0.0,0.0,0.0,0.0,581.2,581.2,2805.2,82.84,buen_ahorrador,3.4,2,16,u82144157,generic
25983,2024-03,38,medio,2016.51,0.0,98.9,0.0,121.56,0.0,0.0,34.8,255.26,1761.25,87.34,buen_ahorrador,3.4,1,12,u98235448,generic
34895,2026-05,37,senior,8838.25,0.0,33.14,0.0,0.0,0.0,0.0,525.7,558.84,8279.41,93.68,buen_ahorrador,2.8,2,9,expenseCheck_u24629591,generic
9249,2026-06,26,medio,1791.27,231.42,164.24,73.77,43.29,0.0,0.0,888.05,1400.77,390.5,21.8,buen_ahorrador,2.8,1,31,u74445512,de
9098,2023-12,32,medio,1982.44,0.0,69.8,0.0,65.0,0.0,0.0,101.2,236.0,1746.44,88.1,buen_ahorrador,3.3,1,12,u98235448,generic
12924,2026-02,26,junior,1568.38,0.0,0.0,0.0,0.0,0.0,0.0,300.59,300.59,1267.79,80.83,buen_ahorrador,2.8,0,12,u86382190,generic
6918,2026-04,38,medio,2069.4,0.0,86.1,0.0,135.88,0.0,0.0,190.7,412.68,1656.72,80.06,buen_ahorrador,2.8,1,16,u98235448,generic
13351,2024-07,33,senior,6025.8,0.0,0.0,0.0,0.0,0.0,0.0,265.5,265.5,5760.3,95.59,buen_ahorrador,3.4,2,11,u82144157,generic
143,2025-02,39,medio,1871.7,0.0,0.0,0.0,194.97,0.0,0.0,53.1,248.07,1623.63,86.75,buen_ahorrador,2.8,1,12,u98235448,generic
18732,2026-06,26,junior,1702.0,0.0,0.0,0.0,0.0,0.0,0.0,282.85,282.85,1419.15,83.38,buen_ahorrador,2.8,0,14,u83188312,generic
32942,2026-06,27,junior,1675.0,0.0,0.0,0.0,0.0,0.0,0.0,498.67,498.67,1176.33,70.23,buen_ahorrador,2.8,0,15,u86382190,generic
39501,2026-01,25,medio,2105.4,0.0,35.5,0.0,179.53,0.0,0.0,85.3,300.33,1805.07,85.74,buen_ahorrador,2.8,1,13,u98235448,generic
30352,2026-02,35,junior,1559.59,0.0,0.0,0.0,0.0,0.0,0.0,272.13,272.13,1287.46,82.55,buen_ahorrador,2.8,0,11,u86382190,generic
29462,2026-02,36,medio,2093.3,0.0,75.36,0.0,89.0,0.0,0.0,85.0,249.36,1843.94,88.09,buen_ahorrador,2.8,1,15,u98235448,generic
4497,2026-01,38,medio,1973.1,0.0,139.3,0.0,90.04,0.0,0.0,95.2,324.54,1648.56,83.55,buen_ahorrador,2.8,1,15,u98235448,generic
21632,2026-02,34,senior,8844.0,0.0,158.33,0.0,0.0,0.0,0.0,112.63,270.96,8573.04,96.94,buen_ahorrador,2.8,2,7,expenseCheck_u24629591,generic
19276,2023-09,38,senior,5230.2,0.0,0.0,0.0,0.0,0.0,0.0,349.8,349.8,4880.4,93.31,buen_ahorrador,1.9,2,13,u82144157,generic
41,2022-11,26,senior,4809.7,0.0,0.0,0.0,0.0,0.0,0.0,395.2,395.2,4414.5,91.78,buen_ahorrador,10.2,2,13,u82144157,generic
5428,2024-07,27,medio,2081.8,0.0,90.2,0.0,156.1,0.0,0.0,158.4,404.7,1677.1,80.56,buen_ahorrador,3.4,1,16,u98235448,generic
6760,2024-08,38,senior,4962.4,0.0,0.0,0.0,0.0,0.0,0.0,484.4,484.4,4478.0,90.24,buen_ahorrador,3.4,2,15,u82144157,generic
4663,2024-04,27,senior,3458.6,0.0,0.0,0.0,0.0,0.0,0.0,450.7,450.7,3007.9,86.97,buen_ahorrador,3.4,2,15,u82144157,generic
4616,2026-02,25,junior,1626.5,0.0,0.0,0.0,0.0,0.0,0.0,643.79,643.79,982.71,60.42,buen_ahorrador,2.8,0,15,u86382190,generic
36365,2025-11,33,senior,5088.7,0.0,194.28,0.0,0.0,0.0,0.0,354.54,548.82,4539.88,89.21,buen_ahorrador,2.8,2,12,expenseCheck_u26350274,es
12344,2025-09,40,medio,1991.2,0.0,83.01,0.0,204.3,0.0,0.0,62.41,349.72,1641.48,82.44,buen_ahorrador,2.8,1,14,u98235448,generic
16351,2022-03,30,senior,4876.9,0.0,0.0,0.0,0.0,0.0,0.0,330.1,330.1,4546.8,93.23,buen_ahorrador,6.1,2,11,u82144157,generic
11908,2025-06,31,senior,4494.5,0.0,0.0,0.0,0.0,0.0,0.0,307.6,307.6,4186.9,93.16,buen_ahorrador,2.8,2,12,u82144157,generic
29218,2026-04,38,junior,1700.5,0.0,0.0,0.0,0.0,0.0,0.0,348.77,348.77,1351.73,79.49,buen_ahorrador,2.8,0,12,u86382190,generic
18709,2023-02,31,senior,3376.7,0.0,0.0,0.0,0.0,0.0,0.0,410.0,410.0,2966.7,87.86,buen_ahorrador,5.9,2,11,u82144157,generic
11927,2025-08,37,medio,1996.5,0.0,96.7,0.0,171.4,0.0,0.0,54.1,322.2,1674.3,83.86,buen_ahorrador,2.8,1,13,u98235448,generic
29363,2023-09,40,senior,3725.6,0.0,0.0,0.0,0.0,0.0,0.0,304.4,304.4,3421.2,91.83,buen_ahorrador,1.9,2,10,u82144157,generic
460,2024-08,37,medio,2011.35,0.0,81.6,0.0,124.42,0.0,0.0,73.41,279.43,1731.92,86.11,buen_ahorrador,3.4,1,14,u98235448,generic
5941,2025-08,39,senior,9550.08,115.18,0.0,0.0,0.0,0.0,0.0,333.3,448.48,9101.6,95.3,buen_ahorrador,2.8,2,9,expenseCheck_u24629591,generic
16536,2025-09,38,medio,2052.31,0.0,116.8,0.0,91.56,0.0,0.0,120.7,329.06,1723.25,83.97,buen_ahorrador,2.8,1,16,u98235448,generic
4168,2026-07,39,junior,1566.44,0.0,0.0,0.0,0.0,0.0,0.0,353.9,353.9,1212.54,77.41,buen_ahorrador,2.8,0,12,u86382190,generic
19195,2022-09,28,senior,3245.0,0.0,0.0,0.0,0.0,0.0,0.0,370.6,370.6,2874.4,88.58,buen_ahorrador,10.2,2,14,u82144157,generic
37835,2021-08,31,senior,5319.5,0.0,0.0,0.0,0.0,0.0,0.0,416.1,416.1,4903.4,92.18,buen_ahorrador,6.7,2,14,u82144157,generic
14035,2024-01,25,senior,3769.1,0.0,0.0,0.0,0.0,0.0,0.0,323.1,323.1,3446.0,91.43,buen_ahorrador,3.4,2,13,u82144157,generic
31519,2023-05,34,medio,2093.62,0.0,30.8,0.0,42.3,0.0,0.0,146.74,219.84,1873.78,89.5,buen_ahorrador,5.9,1,14,u98235448,generic
12940,2023-10,26,senior,3943.7,0.0,0.0,0.0,0.0,0.0,0.0,253.6,253.6,3690.1,93.57,buen_ahorrador,1.9,2,12,u82144157,generic
30400,2023-07,32,medio,2055.8,0.0,11.8,0.0,73.79,0.0,0.0,135.44,221.03,1834.77,89.25,buen_ahorrador,1.9,1,14,u98235448,generic
17449,2024-07,35,medio,1997.0,0.0,35.6,0.0,102.6,0.0,0.0,57.95,196.15,1800.85,90.18,buen_ahorrador,3.4,1,13,u98235448,generic
13094,2023-11,36,senior,5803.3,0.0,0.0,0.0,0.0,0.0,0.0,335.1,335.1,5468.2,94.23,buen_ahorrador,1.9,2,15,u82144157,generic
126,2023-04,34,medio,2018.4,0.0,50.2,0.0,246.7,0.0,0.0,73.2,370.1,1648.3,81.66,buen_ahorrador,5.9,1,15,u98235448,generic
724,2022-01,32,senior,3676.3,0.0,0.0,0.0,0.0,0.0,0.0,321.7,321.7,3354.6,91.25,buen_ahorrador,6.1,2,10,u82144157,generic
31136,2024-12,39,senior,3286.5,0.0,0.0,0.0,0.0,0.0,0.0,430.6,430.6,2855.9,86.9,buen_ahorrador,2.8,2,13,u82144157,generic
5673,2023-09,32,medio,2006.9,0.0,104.9,0.0,131.29,0.0,0.0,66.0,302.19,1704.71,84.94,buen_ahorrador,1.9,1,15,u98235448,generic
20849,2025-09,29,senior,8790.88,35.1,107.02,0.0,0.0,0.0,0.0,317.92,460.04,8330.84,94.77,buen_ahorrador,2.8,2,9,expenseCheck_u24629591,generic
31698,2023-05,33,medio,2052.4,0.0,37.9,0.0,203.96,0.0,0.0,34.4,276.26,1776.14,86.54,buen_ahorrador,5.9,1,11,u98235448,generic
18776,2026-04,27,medio,1982.5,0.0,60.0,0.0,124.4,0.0,0.0,78.2,262.6,1719.9,86.75,buen_ahorrador,2.8,1,16,u98235448,generic
38933,2022-04,31,senior,3551.7,0.0,0.0,0.0,0.0,0.0,0.0,350.9,350.9,3200.8,90.12,buen_ahorrador,6.1,2,12,u82144157,generic
4253,2023-08,28,senior,5807.9,0.0,0.0,0.0,0.0,0.0,0.0,394.7,394.7,5413.2,93.2,buen_ahorrador,1.9,2,14,u82144157,generic
26088,2026-03,33,junior,1668.94,0.0,0.0,0.0,0.0,0.0,0.0,359.24,359.24,1309.7,78.47,buen_ahorrador,2.8,0,12,u86382190,generic
29264,2024-04,38,senior,3284.9,0.0,0.0,0.0,0.0,0.0,0.0,341.0,341.0,2943.9,89.62,buen_ahorrador,3.4,2,11,u82144157,generic
10366,2026-02,37,medio,1913.9,0.0,89.67,0.0,109.76,0.0,0.0,12.2,211.63,1702.27,88.94,buen_ahorrador,2.8,1,11,u98235448,generic
4731,2025-03,34,senior,3556.6,0.0,0.0,0.0,0.0,0.0,0.0,323.5,323.5,3233.1,90.9,buen_ahorrador,2.8,2,14,u82144157,generic
25303,2026-04,34,junior,1514.32,0.0,0.0,0.0,0.0,0.0,0.0,390.95,390.95,1123.37,74.18,buen_ahorrador,2.8,0,13,u86382190,generic
5644,2024-03,40,senior,3592.2,0.0,0.0,0.0,0.0,0.0,0.0,445.0,445.0,3147.2,87.61,buen_ahorrador,3.4,2,13,u82144157,generic
16846,2024-02,31,senior,7805.5,0.0,0.0,0.0,0.0,0.0,0.0,327.5,327.5,7478.0,95.8,buen_ahorrador,3.4,2,13,u82144157,generic
30197,2026-05,31,medio,2031.0,0.0,32.8,0.0,126.11,0.0,0.0,110.76,269.67,1761.33,86.72,buen_ahorrador,2.8,1,10,u98235448,generic
14273,2024-05,27,senior,3604.9,0.0,0.0,0.0,0.0,0.0,0.0,450.4,450.4,3154.5,87.51,buen_ahorrador,3.4,2,15,u82144157,generic
29533,2026-04,40,medio,2034.17,0.0,94.5,0.0,114.4,0.0,0.0,10.95,219.85,1814.32,89.19,buen_ahorrador,2.8,1,13,u98235448,generic
4085,2024-09,37,medio,2032.9,0.0,92.8,0.0,154.1,0.0,0.0,164.45,411.35,1621.55,79.77,buen_ahorrador,1.5,1,16,u98235448,generic
1508,2025-02,31,medio,1968.6,0.0,77.9,0.0,70.1,0.0,0.0,109.9,257.9,1710.7,86.9,buen_ahorrador,2.8,1,14,u98235448,generic
314,2023-10,25,senior,4115.7,0.0,0.0,0.0,0.0,0.0,0.0,333.1,333.1,3782.6,91.91,buen_ahorrador,1.9,2,14,u82144157,generic
30132,2022-02,32,senior,3511.6,0.0,0.0,0.0,0.0,0.0,0.0,308.2,308.2,3203.4,91.22,buen_ahorrador,6.1,2,11,u82144157,generic
4302,2025-06,32,medio,2022.2,0.0,75.52,0.0,29.13,0.0,0.0,39.3,143.95,1878.25,92.88,buen_ahorrador,2.8,1,10,u98235448,generic
444,2025-07,39,senior,8708.9,0.0,138.06,0.0,0.0,0.0,0.0,555.66,693.72,8015.18,92.03,buen_ahorrador,2.8,2,10,expenseCheck_u24629591,generic
10989,2026-05,37,medio,1831.3,339.22,205.1,44.94,25.71,0.0,0.0,781.35,1396.32,434.98,23.75,buen_ahorrador,2.8,1,38,u74445512,de
17258,2024-03,27,senior,3490.7,0.0,0.0,0.0,0.0,0.0,0.0,391.0,391.0,3099.7,88.8,buen_ahorrador,3.4,2,12,u82144157,generic
7444,2024-03,31,medio,1966.9,0.0,111.4,0.0,143.5,0.0,0.0,90.07,344.97,1621.93,82.46,buen_ahorrador,3.4,1,15,u98235448,generic
6478,2024-03,28,medio,2109.9,0.0,106.91,0.0,119.1,0.0,0.0,92.0,318.01,1791.89,84.93,buen_ahorrador,3.4,1,15,u98235448,generic
28644,2023-08,39,medio,2180.51,0.0,29.0,0.0,164.34,0.0,0.0,20.0,213.34,1967.17,90.22,buen_ahorrador,1.9,1,14,u98235448,generic
20583,2025-04,29,senior,5065.9,0.0,0.0,0.0,0.0,0.0,0.0,309.4,309.4,4756.5,93.89,buen_ahorrador,2.8,2,11,u82144157,generic
263,2022-11,31,senior,6997.3,0.0,0.0,0.0,0.0,0.0,0.0,344.7,344.7,6652.6,95.07,buen_ahorrador,10.2,2,13,u82144157,generic
10956,2026-05,37,senior,6185.93,0.0,392.79,0.0,0.0,0.0,0.0,160.7,553.49,5632.44,91.05,buen_ahorrador,2.8,2,12,expenseCheck_u26350274,es
4800,2026-01,29,senior,9263.04,0.0,335.32,0.0,0.0,0.0,0.0,157.32,492.64,8770.4,94.68,buen_ahorrador,2.8,2,7,expenseCheck_u24629591,generic
21902,2023-08,37,senior,3392.2,0.0,0.0,0.0,0.0,0.0,0.0,447.7,447.7,2944.5,86.8,buen_ahorrador,1.9,2,15,u82144157,generic
29447,2025-11,33,senior,3377.6,0.0,0.0,0.0,0.0,0.0,0.0,291.3,291.3,3086.3,91.38,buen_ahorrador,2.8,2,12,u82144157,generic
29462,2023-04,36,medio,2191.7,0.0,128.27,0.0,81.1,0.0,0.0,181.7,391.07,1800.63,82.16,buen_ahorrador,5.9,1,14,u98235448,generic
563,2025-08,31,senior,5633.64,0.0,858.25,0.0,0.0,0.0,0.0,445.18,1303.43,4330.21,76.86,buen_ahorrador,2.8,2,15,expenseCheck_u26350274,es
1782,2025-11,30,senior,9072.91,246.99,185.01,0.0,0.0,0.0,0.0,83.94,515.94,8556.97,94.31,buen_ahorrador,2.8,2,8,expenseCheck_u24629591,generic
16341,2026-07,34,junior,1690.76,0.0,0.0,0.0,0.0,0.0,0.0,5399.24,5399.24,-3708.48,-219.34,ahorro_insuficiente,2.8,0,13,u83188312,generic
9808,2026-05,39,senior,6004.21,0.0,533.05,0.0,0.0,0.0,0.0,115.9,648.95,5355.26,89.19,buen_ahorrador,2.8,2,13,expenseCheck_u26350274,es
16011,2023-05,30,senior,3491.1,0.0,0.0,0.0,0.0,0.0,0.0,293.4,293.4,3197.7,91.6,buen_ahorrador,5.9,2,10,u82144157,generic
4818,2026-04,40,medio,1946.8,0.0,34.3,0.0,225.0,0.0,0.0,10.3,269.6,1677.2,86.15,buen_ahorrador,2.8,1,10,u98235448,generic
5582,2025-12,25,medio,1984.6,0.0,139.6,0.0,58.1,0.0,0.0,78.83,276.53,1708.07,86.07,buen_ahorrador,2.8,1,14,u98235448,generic
30513,2025-07,39,medio,2103.84,0.0,87.91,0.0,42.35,0.0,0.0,76.7,206.96,1896.88,90.16,buen_ahorrador,2.8,1,15,u98235448,generic
29468,2024-11,35,senior,3470.9,0.0,0.0,0.0,0.0,0.0,0.0,442.2,442.2,3028.7,87.26,buen_ahorrador,1.5,2,16,u82144157,generic
5516,2026-02,36,junior,1685.19,0.0,0.0,0.0,0.0,0.0,0.0,357.15,357.15,1328.04,78.81,buen_ahorrador,2.8,0,14,u86382190,generic
6879,2023-07,34,medio,2018.88,0.0,79.24,0.0,57.0,0.0,0.0,81.39,217.63,1801.25,89.22,buen_ahorrador,1.9,1,15,u98235448,generic
29424,2025-07,31,senior,3449.5,0.0,0.0,0.0,0.0,0.0,0.0,332.8,332.8,3116.7,90.35,buen_ahorrador,2.8,2,10,u82144157,generic
4040,2025-07,28,senior,3398.6,0.0,0.0,0.0,0.0,0.0,0.0,320.0,320.0,3078.6,90.58,buen_ahorrador,2.8,2,10,u82144157,generic
800,2026-05,28,junior,1745.52,0.0,0.0,0.0,0.0,0.0,0.0,367.27,367.27,1378.25,78.96,buen_ahorrador,2.8,0,12,u86382190,generic
10811,2024-01,33,medio,1941.4,0.0,22.7,0.0,124.6,0.0,0.0,97.9,245.2,1696.2,87.37,buen_ahorrador,3.4,1,11,u98235448,generic
22385,2026-02,38,senior,5489.65,0.0,621.63,0.0,0.0,0.0,0.0,32.58,654.21,4835.44,88.08,buen_ahorrador,2.8,2,13,expenseCheck_u26350274,es
21899,2024-06,38,medio,2024.7,0.0,62.9,0.0,104.5,0.0,0.0,137.3,304.7,1720.0,84.95,buen_ahorrador,3.4,1,15,u98235448,generic
4619,2026-05,38,senior,9286.98,0.0,167.59,0.0,0.0,0.0,0.0,117.45,285.04,9001.94,96.93,buen_ahorrador,2.8,2,8,expenseCheck_u24629591,generic
14378,2021-09,37,senior,3613.3,0.0,0.0,0.0,0.0,0.0,0.0,305.4,305.4,3307.9,91.55,buen_ahorrador,6.7,2,11,u82144157,generic
32054,2025-10,26,medio,1962.7,0.0,36.79,0.0,86.9,0.0,0.0,67.8,191.49,1771.21,90.24,buen_ahorrador,2.8,1,11,u98235448,generic
29368,2024-06,31,medio,2030.1,0.0,98.91,0.0,31.02,0.0,0.0,149.26,279.19,1750.91,86.25,buen_ahorrador,3.4,1,12,u98235448,generic
29503,2026-03,39,junior,1602.67,0.0,0.0,0.0,0.0,0.0,0.0,395.87,395.87,1206.8,75.3,buen_ahorrador,2.8,0,12,u86382190,generic
18812,2023-11,40,medio,2004.0,0.0,127.5,0.0,129.6,0.0,0.0,57.5,314.6,1689.4,84.3,buen_ahorrador,1.9,1,14,u98235448,generic
12117,2026-03,28,junior,1648.75,0.0,0.0,0.0,0.0,0.0,0.0,395.84,395.84,1252.91,75.99,buen_ahorrador,2.8,0,13,u86382190,generic
12140,2026-06,40,senior,5264.09,0.0,901.29,0.0,0.0,0.0,0.0,83.16,984.45,4279.64,81.3,buen_ahorrador,2.8,2,15,expenseCheck_u26350274,es
14502,2022-06,28,senior,3406.8,0.0,0.0,0.0,0.0,0.0,0.0,308.4,308.4,3098.4,90.95,buen_ahorrador,10.2,2,11,u82144157,generic
17018,2025-11,27,senior,5681.45,0.0,324.79,0.0,0.0,0.0,0.0,178.58,503.37,5178.08,91.14,buen_ahorrador,2.8,2,11,expenseCheck_u26350274,es
13029,2025-03,30,senior,3736.1,0.0,0.0,0.0,0.0,0.0,0.0,328.3,328.3,3407.8,91.21,buen_ahorrador,2.8,2,10,u82144157,generic
19248,2023-11,27,medio,2041.8,0.0,75.4,0.0,128.3,0.0,0.0,94.7,298.4,1743.4,85.39,buen_ahorrador,1.9,1,14,u98235448,generic
6658,2023-07,33,medio,1977.9,0.0,74.58,0.0,113.3,0.0,0.0,61.54,249.42,1728.48,87.39,buen_ahorrador,1.9,1,13,u98235448,generic
5758,2026-06,30,junior,391.7,0.0,0.0,0.0,0.0,0.0,0.0,386.0,386.0,5.7,1.46,ahorro_insuficiente,2.8,0,12,u60341395,generic
10210,2024-03,39,medio,2001.91,0.0,32.1,0.0,82.8,0.0,0.0,189.5,304.4,1697.51,84.79,buen_ahorrador,3.4,1,14,u98235448,generic
374,2021-10,32,senior,7494.3,0.0,0.0,0.0,0.0,0.0,0.0,321.4,321.4,7172.9,95.71,buen_ahorrador,6.7,2,13,u82144157,generic
12950,2024-01,31,senior,3887.1,0.0,0.0,0.0,0.0,0.0,0.0,238.1,238.1,3649.0,93.87,buen_ahorrador,3.4,2,11,u82144157,generic
9691,2023-12,33,senior,3406.3,0.0,0.0,0.0,0.0,0.0,0.0,441.7,441.7,2964.6,87.03,buen_ahorrador,3.3,2,15,u82144157,generic
336,2026-05,25,medio,2170.0,0.0,0.0,0.0,184.3,0.0,0.0,61.2,245.5,1924.5,88.69,buen_ahorrador,2.8,1,14,u98235448,generic
36202,2025-01,35,medio,2003.0,0.0,51.73,0.0,147.9,0.0,0.0,157.9,357.53,1645.47,82.15,buen_ahorrador,2.8,1,12,u98235448,generic
45,2024-06,26,freelance,3593.7,0.0,0.0,0.0,0.0,0.0,0.0,301.9,301.9,3291.8,91.6,buen_ahorrador,3.4,3,11,u82144157,generic
7221,2026-02,34,junior,1579.36,0.0,0.0,0.0,0.0,0.0,0.0,385.45,385.45,1193.91,75.59,buen_ahorrador,2.8,0,15,u86382190,generic
12478,2022-05,40,senior,3477.0,0.0,0.0,0.0,0.0,0.0,0.0,351.0,351.0,3126.0,89.91,buen_ahorrador,6.1,2,11,u82144157,generic
5379,2024-06,31,medio,2057.5,0.0,49.5,0.0,68.6,0.0,0.0,86.1,204.2,1853.3,90.08,buen_ahorrador,3.4,1,13,u98235448,generic
38493,2026-04,36,senior,9020.58,0.0,428.76,0.0,0.0,0.0,0.0,163.92,592.68,8427.9,93.43,buen_ahorrador,2.8,2,11,expenseCheck_u24629591,generic
10072,2022-07,25,senior,3956.4,0.0,0.0,0.0,0.0,0.0,0.0,418.2,418.2,3538.2,89.43,buen_ahorrador,10.2,2,14,u82144157,generic
5048,2024-06,40,senior,3669.3,0.0,0.0,0.0,0.0,0.0,0.0,452.3,452.3,3217.0,87.67,buen_ahorrador,3.4,2,14,u82144157,generic
16503,2022-08,36,senior,5758.2,0.0,0.0,0.0,0.0,0.0,0.0,241.9,241.9,5516.3,95.8,buen_ahorrador,10.2,2,11,u82144157,generic
4294,2021-12,33,senior,3511.9,0.0,0.0,0.0,0.0,0.0,0.0,351.5,351.5,3160.4,89.99,buen_ahorrador,6.7,2,11,u82144157,generic
9093,2021-08,29,senior,4801.1,0.0,0.0,0.0,0.0,0.0,0.0,340.7,340.7,4460.4,92.9,buen_ahorrador,6.7,2,13,u82144157,generic
36399,2023-05,25,senior,4826.9,0.0,0.0,0.0,0.0,0.0,0.0,319.8,319.8,4507.1,93.37,buen_ahorrador,5.9,2,13,u82144157,generic
4269,2024-06,37,medio,2034.2,0.0,103.13,0.0,60.4,0.0,0.0,155.94,319.47,1714.73,84.3,buen_ahorrador,3.4,1,15,u98235448,generic
4562,2022-03,28,senior,5489.4,0.0,0.0,0.0,0.0,0.0,0.0,315.7,315.7,5173.7,94.25,buen_ahorrador,6.1,2,11,u82144157,generic
32975,2022-05,34,senior,4916.0,0.0,0.0,0.0,0.0,0.0,0.0,296.7,296.7,4619.3,93.96,buen_ahorrador,6.1,2,11,u82144157,generic
19174,2022-07,36,senior,4312.2,0.0,0.0,0.0,0.0,0.0,0.0,495.0,495.0,3817.2,88.52,buen_ahorrador,10.2,2,15,u82144157,generic
14511,2025-09,26,medio,1993.8,0.0,102.82,0.0,116.75,0.0,0.0,180.39,399.96,1593.84,79.94,buen_ahorrador,2.8,1,16,u98235448,generic
4302,2025-01,32,medio,1963.8,0.0,25.7,0.0,130.24,0.0,0.0,105.61,261.55,1702.25,86.68,buen_ahorrador,2.8,1,15,u98235448,generic
29322,2026-06,27,junior,1606.3,0.0,0.0,0.0,0.0,0.0,0.0,6318.26,6318.26,-4711.96,-293.34,ahorro_insuficiente,2.8,0,15,u83188312,generic
33312,2026-06,40,junior,1556.6,0.0,0.0,0.0,0.0,0.0,0.0,6494.25,6494.25,-4937.65,-317.21,ahorro_insuficiente,2.8,0,12,u83188312,generic
23774,2025-05,34,medio,2130.1,0.0,80.4,0.0,153.67,0.0,0.0,110.0,344.07,1786.03,83.85,buen_ahorrador,2.8,1,15,u98235448,generic
16972,2026-01,27,senior,8914.55,0.0,283.57,0.0,0.0,0.0,0.0,263.04,546.61,8367.94,93.87,buen_ahorrador,2.8,2,8,expenseCheck_u24629591,generic
23639,2024-01,30,medio,1902.5,0.0,41.91,0.0,71.4,0.0,0.0,99.2,212.51,1689.99,88.83,buen_ahorrador,3.4,1,12,u98235448,generic
